filename,category,group
370346170_844579850361611_4382731417159634535_n_jpg.rf.csu888BCdIQ2AkbigYsa.jpg,Everyday Casual Kurta,Everyday Casual
371743908_223237863703481_5637720983005809601_n_jpg.rf.cu0NfnF84YoD9D1SEt05.jpg,Everyday Casual Kurta,Everyday Casual
312983853_562009715928123_2297550151814928272_n_jpg.rf.cesgAHcWfUphz6WBP0SM.jpg,Other,Other
305196929_1225221534721291_2840542277074826846_n_webp.rf.cWBmTGkZ0d4iQS5WGhOc.webp,Everyday Casual Kurta,Everyday Casual
366443394_1055238748950379_6316607089149606727_n_webp.rf.d8tXf4O60mSkGDW2LVuG.webp,Everyday Casual Kurta,Everyday Casual
326248834_1228953491161404_2422113883730125746_n_jpg.rf.cvnaaCh6d5y6zRIqBTAQ.jpg,Semi-Formal Kurta,Semi Formal
360125480_599474282332766_2333852652537292727_n_jpg.rf.d9gvKfcYXi3GPoAKmV64.jpg,Other,Other
366117799_674906227432061_2822957472114465921_n_jpg.rf.d3gwUMQLX3Pqm19FcqeS.jpg,Everyday Casual Kurta,Everyday Casual
337326460_882179059740771_7305243811080887805_n_jpg.rf.dCBiAXM4tU5sqrlzLb8W.jpg,Everyday Casual Kurta,Everyday Casual
277930808_1157399805058133_5755464628735335954_n_jpg.rf.ktbt5i0skhJrNG2JJoIA.jpg,Wedding Guest Dupatta,Formal
387277263_1375768406482940_5878966538288765001_n_jpg.rf.kxk5DtG28uY1jwR9kT6u.jpg,Everyday Casual Kurta,Everyday Casual
365466271_670450061782019_7606068715455018895_n_jpg.rf.lRwBZdACkZA5MKsPaSnZ.jpg,Everyday Casual Trousers,Everyday Casual
334049424_222269446957643_5083569043473214472_n_jpg.rf.lkEjrN999t6NjoTteJgs.jpg,Semi-Formal Trousers,Semi Formal
347072704_1896349454069035_9198339098038450824_n_jpg.rf.dG1UZftU85CaCcT5kAVr.jpg,Other,Other
301399130_604554257873280_652424448102661149_n_webp.rf.mPqohsz3UMdf88iRRETw.webp,Everyday Casual Kurta,Everyday Casual
315571169_800940227683010_2135799004283487085_n_jpg.rf.mPIDKC0f8eLygtRmswJY.jpg,Other,Other
347849725_1429663357846662_4586600347248028133_n_jpg.rf.m6plGOHd8qW5FJVQHEfu.jpg,Other,Other
383215750_752260923399978_5933720815070328988_n_jpg.rf.mtbLeaxC6qqOVftmEyCB.jpg,Everyday Casual Dupatta,Everyday Casual
387722770_274940025509665_1293177212614386907_n_jpg.rf.mLe81fIzu9Qe2d2lVtYH.jpg,Wedding Guest Kurta,Formal
310860159_633255824838683_330387966972004080_n_jpg.rf.mihBYR8ycGzl2NlxwWN1.jpg,Other,Other
294628929_585650039619725_7665031313025630874_n_jpg.rf.nBmr0gJG1ZzTHMdkTFbo.jpg,Other,Other
386591578_866840278135568_4821429873736284450_n_jpg.rf.my3nO5aEJvgsH3SuVxjv.jpg,Everyday Casual Kurta,Everyday Casual
332187344_168759215482769_4466570412542454403_n_jpg.rf.mv32A9Cu6XJ9hfM39kRp.jpg,Semi-Formal Kurta,Semi Formal
352288770_811009754059719_2548321498626334283_n_jpg.rf.nTZ6I8tTIH3anjm8O92J.jpg,Everyday Casual Kurta,Everyday Casual
313919829_609210270894289_1005489041269547268_n_jpg.rf.nKHH820gJ1Lb1Ndq58Lx.jpg,Everyday Casual Kurta,Everyday Casual
317519941_837430730806160_2905670096257338881_n_jpg.rf.n8EwveAQL80ZplMfmuTN.jpg,Everyday Casual Kurta,Everyday Casual
371244637_1442112232999921_1991043722216145346_n_jpg.rf.nOq9D57JiuZ0XcwPUeCm.jpg,Everyday Casual Kurta,Everyday Casual
315980478_806645183739476_9153643455246787798_n_jpg.rf.nd3kXxWGqPONxNtmi1ul.jpg,Other,Other
336252552_1843450566020917_1542819741872276206_n_jpg.rf.naUWR61GkMbJt9vRqhDu.jpg,Everyday Casual Kurta,Everyday Casual
image13_jpg.rf.oXdvkO5HVMUisZ8kkGia.jpg,Wedding Guest Dupatta,Formal
351545567_264703359469051_6134643341707925094_n_jpg.rf.ncDKLUONcXdcPPPQuCly.jpg,Everyday Casual Kurta,Everyday Casual
355159845_3233760863594595_230234970970053523_n_jpg.rf.ne1e5WhCr3r1h4SiEDpa.jpg,Everyday Casual Kurta,Everyday Casual
315071040_537522541069470_8046730190259093380_n_jpg.rf.okPXnnAgWqsQ2zkyjndE.jpg,Other,Other
365741291_229577736717157_2143828535229861199_n_jpg.rf.nyOMtoyo4cPSnkfkUBIK.jpg,Everyday Casual Kurta,Everyday Casual
318229019_481840793838869_6537246949664467023_n_jpg.rf.orFNkNcj4WnU6gv9kQ18.jpg,Everyday Casual Dupatta,Everyday Casual
344174126_255539817039752_789353588042872526_n_jpg.rf.pRokT2zNhZyCH8xyIQbz.jpg,Other,Other
299174769_1093355507936828_5493736172950443591_n_webp.rf.p6n3LIOMe3a6d2YX5sQb.webp,Everyday Casual Kurta,Everyday Casual
370376294_18301858573184038_507245302549748220_n_jpg.rf.pix5qfkj3rhJimi0uio1.jpg,Everyday Casual Dupatta,Everyday Casual
314767668_684787543313411_1718005130739568213_n_jpg.rf.tTj3UeR9SKKllS2A8CKC.jpg,Other,Other
300779719_2885491921747795_9171942045991016438_n_webp.rf.p3JU4rFohecxwylujBO1.webp,Everyday Casual Kurta,Everyday Casual
366522074_2171928306330432_7736992729550133138_n_jpg.rf.otPsA4fbC4E4M76X3L19.jpg,Everyday Casual Kurta,Everyday Casual
365457734_1067919244176957_5299596633046408413_n_jpg.rf.tXOeqKkrlVVex7lPT88d.jpg,Wedding Guest Kurta,Formal
322393878_566804878232082_6900534869874472995_n_webp.rf.tVcLeeMKEgrCW3EgP2s5.webp,Everyday Casual Kurta,Everyday Casual
352631694_981371029729850_7837543564222363272_n_jpg.rf.thRKFs7YI6h6P8Uz7lcB.jpg,Everyday Casual Kurta,Everyday Casual
313651656_672314327593526_4819146704749658023_n_jpg.rf.tkvg39ryoHuhQS7s3Onx.jpg,Other,Other
385883498_752013713400551_3544631902699284894_n_jpg.rf.tiTzandgdRGiHXftH3cb.jpg,Everyday Casual Kurta,Everyday Casual
192686930_1257326911349076_3938590294785214807_n_jpg.rf.uD8XJrVI63obFka0fQNK.jpg,Bridal Frock,Formal
307917221_777853910093174_6137864748511615262_n_webp.rf.tr4UEkbGq9hMliSwSw17.webp,Everyday Casual Kurta,Everyday Casual
332790736_157128500468458_1564956666240143257_n_jpg.rf.uXycr80dRVFYt9W3kvzS.jpg,Everyday Casual Kurta,Everyday Casual
362380873_798274191972663_2761154865037522274_n_jpg.rf.uxR6siU32tkqnLP2wmPI.jpg,Other,Other
329401342_867525854307970_5256761495079459402_n_jpg.rf.vTN085TSeytT9XrCzMAi.jpg,Everyday Casual Kurta,Everyday Casual
346906065_618691590177506_5614144992645689262_n_jpg.rf.vUlQ9dZI33n4Sq2fQQEW.jpg,Other,Other
347254439_666351532198274_8900764460151292193_n_jpg.rf.vOuH3sanA3Zi8cbXqfP6.jpg,Other,Other
356245327_132536106522122_355255403886761395_n_jpg.rf.vGRwlXK9A3PvKwZrlzR0.jpg,Everyday Casual Kurta,Everyday Casual
296098543_1012420752807319_762936857328058438_n_webp.rf.vnqlCRcvWxdxbUvDLVP9.webp,Other,Other
387004457_867805314705731_8655434208832908342_n_jpg.rf.vwhEZABMoCIvsgQ94Wdf.jpg,Everyday Casual Kurta,Everyday Casual
269462764_289868586417168_1799813884963839941_n_jpg.rf.vlwKtADviL2qTPzaRBEE.jpg,Bridal Maxi,Formal
340984494_1273638986842947_8860603272160520214_n_jpg.rf.vvpgsgKTJXBRee3hfBLK.jpg,Other,Other
316059290_5760884183998625_8070686857058549781_n_jpg.rf.vlrbNoEuEDOQTW31ojJy.jpg,Other,Other
362291409_663203139174859_4065137426536365016_n_jpg.rf.wYXy9Bn562pGh06JRr9l.jpg,Other,Other
316359028_497038265740093_7401313222128536124_n_jpg.rf.wDkxFPPdZQCZLZVYkEim.jpg,Everyday Casual Dupatta,Everyday Casual
340978870_3428628014072736_4899202771783712133_n_jpg.rf.vxV0dziKmfcPgNQn1rfc.jpg,Other,Other
318425732_705047864181740_4843092315182828071_n_jpg.rf.wZhbR8D1I0yP8Pk1cA7a.jpg,Everyday Casual Kurta,Everyday Casual
384381165_745190827414654_8164788312172262140_n_jpg.rf.wJNu0jcsWgno5H2HHnXM.jpg,Wedding Guest Sari,Formal
337461201_204442645617660_7628107524709484274_n_jpg.rf.wewyM4wSLXDRSqg1ho4X.jpg,Everyday Casual Kurta,Everyday Casual
366447450_332896165757095_6115688337194975491_n_jpg.rf.wsfM01xY5wfrsU8mXu8q.jpg,Other,Other
382996612_178798981917901_5795768961316262427_n_jpg.rf.wahXYjPHQCyz6mtko4Xq.jpg,Wedding Guest Sari,Formal
365611692_300532089157153_2990460670899632133_n_jpg.rf.wtIJHC0OpYGrD35987SU.jpg,Other,Other
356920354_18194528329269217_1363964764276649936_n_jpg.rf.xBtVlPPQCLCOWkDy0EvB.jpg,Other,Other
386641574_706146434879048_583701848222837703_n_jpg.rf.wwDibgL61PB9oly2Rm74.jpg,Everyday Casual Kurta,Everyday Casual
299535900_760684111743202_1590327962569630073_n_jpg.rf.duXaPyHPR7BvFX4Klg02.jpg,Other,Other
332853407_628149112487063_3792678651944425606_n_jpg.rf.drNwYw5dGNk3F6kG3iko.jpg,Everyday Casual Kurta,Everyday Casual
363360648_664219069073266_825110590155759896_n_jpg.rf.dKLvnq44KbF4NqIxg7YO.jpg,Other,Other
318160489_708052173851308_9213987568882273600_n_jpg.rf.dxT09GbMr9cTy3wWxGop.jpg,Other,Other
387751147_709128277914197_8046803899967418071_n_jpg.rf.eOznzd5IZ6ip9C17lTKX.jpg,Everyday Casual Kurta,Everyday Casual
297654014_172845855250116_7788403132976993784_n_jpg.rf.eg3gA9PrkMisGc3GrdZL.jpg,Everyday Casual Kurta,Everyday Casual
350123695_5908618699266687_6136677686222709601_n_jpg.rf.eBRd5GglUaa1mYA0vA0X.jpg,Everyday Casual Kurta,Everyday Casual
363314006_3939343766292478_5466681720438957220_n_jpg.rf.ef7MB8R6QH4ZMMsYguIq.jpg,Semi-Formal Kurta,Semi Formal
267881024_1933484110157227_5907648427780731483_n_jpg.rf.fA9b3bt3Dqwqkv77g58v.jpg,Wedding Guest Choli,Formal
281790444_789428268727883_1507899686400210958_n_jpg.rf.eq0RNBCMq1kV17DzbFNr.jpg,Wedding Guest Maxi,Formal
220909427_1925551560934124_6058279010798005694_n_jpg.rf.et8m8syK4pHFYnvr2FGo.jpg,Bridal Maxi,Formal
313855336_814803713153976_646306881712490102_n_jpg.rf.fBpOuR5VEGlffeQvPjt4.jpg,Everyday Casual Kurta,Everyday Casual
209366543_1416455085391218_4838947415222105696_n_jpg.rf.fVayG9RLJv3SnWhbQEpH.jpg,Bridal Lehenga,Formal
360153896_289932363550459_8093778243395791197_n_jpg.rf.fOg2KiQSr97TKBpR7ZRV.jpg,Other,Other
339671859_956772179008051_3401585246341864173_n_jpg.rf.fFe7LlaEHs6jaGTpKi5S.jpg,Everyday Casual Dupatta,Everyday Casual
334278424_724427695884038_3889598156205996419_n_jpg.rf.fVk9JNpN5r1HvxyKRaxx.jpg,Semi-Formal Kurta,Semi Formal
365225802_279262164749385_6367452647838907851_n_jpg.rf.fa1RrS9gG7VyHhiJlwq3.jpg,Other,Other
295181919_447627467376699_2529497501173070617_n_webp.rf.fh4oGW2Q2bkGAWJINEn0.webp,Other,Other
302018193_1327329317802807_379433134775492181_n_webp.rf.flcROL32nKRgxtsW6rzL.webp,Everyday Casual Kurta,Everyday Casual
317356751_171430418855115_7748928910185330910_n_jpg.rf.foL5dydayWV7kgE4AkpO.jpg,Everyday Casual Kurta,Everyday Casual
354861509_230238973105188_5186585259499855505_n_jpg.rf.fpQOFm7GycDexrWiXgj2.jpg,Everyday Casual Kurta,Everyday Casual
344758363_1282935542635626_523153586661415637_n_jpg.rf.g3vDMCI4YYnX2kgSgrHt.jpg,Other,Other
318008061_672790371008382_2777753880586044776_n_jpg.rf.g4J6zsX6OpZIABOxCGSo.jpg,Other,Other
349224820_1661049414370950_4121830526223430682_n_jpg.rf.gR3AkPQJU8eiG86qMDHC.jpg,Everyday Casual Kurta,Everyday Casual
348868251_221052807348278_3913964672794430327_n_jpg.rf.h605ILMt2U8XJPD2poxK.jpg,Everyday Casual Kurta,Everyday Casual
294630055_615146273205664_8309775263236088544_n_jpg.rf.g7Zb7JDJabClRqF3owNe.jpg,Everyday Casual Kurta,Everyday Casual
288831712_750375733084309_5955774124752215527_n_jpg.rf.hQHriHvNLMTiZ2wHaQdy.jpg,Other,Other
376685662_718382073661886_8477176548356113111_n_jpg.rf.fuIzoa4PGVd4g793toub.jpg,Everyday Casual Kurta,Everyday Casual
317383072_6341402102542180_4359281186700291389_n_webp.rf.hEt8HheFd6xiUfLOvxFL.webp,Everyday Casual Shalwar,Everyday Casual
308069881_432339335556231_1880033232661398658_n_jpg.rf.JDRkhtRFnpdgKKX4FIMn.jpg,Everyday Casual Kurta,Everyday Casual
321846520_549037253919425_951399024093665332_n_jpg.rf.hWIzFqPAgHHbw7VBbokb.jpg,Everyday Casual Kurta,Everyday Casual
385343145_336259535559364_3090994581003067494_n_jpg.rf.JO3Vrx2OMP15cY5vEisq.jpg,Wedding Guest Kurta,Formal
387845640_732458412254252_4323093769990856362_n_jpg.rf.JmVmOdj1Q3T5xU5Ntkhl.jpg,Everyday Casual Kurta,Everyday Casual
339446207_1687788674995356_5763921945843720409_n_jpg.rf.JyTvwBOdEeoWwXrancar.jpg,Everyday Casual Kurta,Everyday Casual
306962756_797487791394148_1326495153351080082_n_jpg.rf.Ju6q1YQmoWMGumCqbr56.jpg,Everyday Casual Kurta,Everyday Casual
312132839_1369877527094229_4581793899069477462_n_jpg.rf.K0g1LaH4N8CPHnQvV3ML.jpg,Other,Other
299778573_1696864094019451_3242712608613508724_n_webp.rf.K8RLbv0mBiSWPzol3Jxh.webp,Everyday Casual Frock,Everyday Casual
333837346_514037494138451_2026797686570085808_n_jpg.rf.K13VSK6CMIUfiJkwNOvK.jpg,Everyday Casual Kurta,Everyday Casual
360109858_680752644091496_2229672510197519484_n_jpg.rf.JuRAlLtr9o5kiG9PFckf.jpg,Semi-Formal Kurta,Semi Formal
387036404_334267292450299_4032591768210659191_n_jpg.rf.JRDMvK5hUDb1yVhD6YMR.jpg,Everyday Casual Kurta,Everyday Casual
343292572_254171890305534_3040300324183741461_n_jpg.rf.KGjzc92B001IVUnukwgO.jpg,Everyday Casual Kurta,Everyday Casual
367498006_18298800385184038_8581392829968705426_n_jpg.rf.KXfKiHfZOlF10EEoGUcn.jpg,Other,Other
345659433_550258687263070_7168907127795331261_n_jpg.rf.KXPuRP57QnB72MPbZMPQ.jpg,Other,Other
387266192_659946196291117_6445644573860185779_n_jpg.rf.KkM3PUrz56ncyiFHdAiV.jpg,Everyday Casual Kurta,Everyday Casual
365483255_6448445788582563_7251320338590838217_n_jpg.rf.K8aqAolKaTDwDCksIj3S.jpg,Everyday Casual Kurta,Everyday Casual
288854308_337345878563209_1094161782175262145_n_jpg.rf.KZgVPJmmLhsetQpq9mut.jpg,Other,Other
369859369_18261276259093875_2710445143439198771_n_jpg.rf.KmH8Dq01TdijLzHCGyzs.jpg,Other,Other
341169720_193836506763668_5837813081976655638_n_jpg.rf.LTjvrOhDjORgWS1xGqbz.jpg,Everyday Casual Kurta,Everyday Casual
356636894_794998758762073_2596665167763870972_n_jpg.rf.L6c191hEz1w2c37Hdkqa.jpg,Other,Other
340508578_1749342182173562_5552187259347513120_n_jpg.rf.L1yXdyywbjG324xwSclV.jpg,Everyday Casual Kurta,Everyday Casual
348664026_197977196480033_1867611530567833930_n_jpg.rf.KgcAgV32L0WqqehShprk.jpg,Everyday Casual Dupatta,Everyday Casual
332338374_157821987063854_9053334717767367222_n_jpg.rf.LbFeYso5I4aKuaHSFAuh.jpg,Semi-Formal Dupatta,Semi Formal
323758133_1051985049064487_5015412672962904145_n_jpg.rf.Lu9g4hsKfDg1yCX9BxVv.jpg,Other,Other
369584654_1027586405350300_2624975861035361958_n_jpg.rf.LwPcwCBr6HBCgSVwfoGj.jpg,Other,Other
363352224_18379117387000463_8635682856411634490_n_jpg.rf.MFwgV0p09caPBqFRFwGX.jpg,Other,Other
373542036_630616752536109_8926015521893384128_n_jpg.rf.MRwLMZeWebuQOjsYi3bO.jpg,Everyday Casual Kurta,Everyday Casual
348482758_243279994977221_5051567792288535785_n_jpg.rf.MIh4c0same4cflEbwLX9.jpg,Semi-Formal Kurta,Semi Formal
355460212_645554294271596_5268929393623993622_n_jpg.rf.MoOBvdoJggT5Q7hb8mqO.jpg,Everyday Casual Kurta,Everyday Casual
324402361_1427824614424029_4504989544726191767_n_jpg.rf.UvZSqSr4cREkcI1hJ3fH.jpg,Everyday Casual Kurta,Everyday Casual
374220252_18262998592093875_4337602333036034066_n_jpg.rf.MpnAtwGlYoGwC1o2QRaB.jpg,Other,Other
223425993_368621661365655_3511012472566206581_n_jpg.rf.Up8JDqCGHWuQZGsybie4.jpg,Bridal Lehenga,Formal
293735956_499519828643978_2410225211273845484_n_jpg.rf.UvsmeGXLMOQTRWDNKnH9.jpg,Everyday Casual Bell Bottom,Everyday Casual
333658721_750842976658616_772783453802748581_n_jpg.rf.UvbAh9UX9aKeKyGBB2iO.jpg,Everyday Casual Kurta,Everyday Casual
349305198_778238267210309_3638234170615493416_n_jpg.rf.V8jrPGJ6YeJ1cN6dOSIC.jpg,Everyday Casual Frock,Everyday Casual
329507298_1309721699869248_8030618739677875409_n_jpg.rf.MSx7SdYlQVNMH20Dhz9Y.jpg,Semi-Formal Maxi,Semi Formal
368693220_201503002710305_8729107866637526128_n_webp.rf.W4l2rFGSV5greIebq0To.webp,Everyday Casual Kurta,Everyday Casual
333104382_221984020197972_3408507571466794044_n_jpg.rf.Vd7J3SqFp9FAlvpYwJYt.jpg,Everyday Casual Straight Pant,Everyday Casual
383002142_889367032545955_6070305307361858522_n_jpg.rf.VallypFshedvQMjH4gOv.jpg,Wedding Guest Kurta,Formal
327851124_1469634577109701_6534917078302811408_n_jpg.rf.VUfjZB433zKvUjypjCs6.jpg,Other,Other
340989765_585549396859080_8423744776225219426_n_jpg.rf.WNn5A3H3DYBk6k4Yxn11.jpg,Other,Other
311871183_1194346931120453_4712307140291082902_n_jpg.rf.WPycSJogi1xh9YwOON6F.jpg,Other,Other
314291016_1518260795302599_1825816938686567077_n_jpg.rf.WJRkaq0GszOLwagcvxNk.jpg,Other,Other
339811722_1589441698198487_9017778034891255850_n_jpg.rf.WmWTAqsZcKAB6Q5dfBiA.jpg,Everyday Casual Kurta,Everyday Casual
313297359_2051397665070555_8214105084048723346_n_jpg.rf.WXrjl1oNEm5S5RNqBnuX.jpg,Other,Other
330240274_589288189370276_4176332156134427572_n_jpg.rf.WW6llrdYtTl1howJjg7t.jpg,Other,Other
365917412_190131153906929_169156825536429852_n_jpg.rf.WJZ5hpO18joP8yt3l6n0.jpg,Everyday Casual Dupatta,Everyday Casual
311781754_789466922386261_4061213107008299470_n_jpg.rf.X8spct2CKEJygbgecKvQ.jpg,Other,Other
283667383_108097301847275_55056252923745599_n_jpg.rf.X0FZRAvrzhWQe8eBmVT2.jpg,Other,Other
341014685_999783194518104_8692735994003269366_n_jpg.rf.XdcNyeZyKwMdu6xtJ1LD.jpg,Other,Other
339274515_1259722548307945_7668821276580691803_n_jpg.rf.XVZG9jJEI9dGplVMWNeH.jpg,Other,Other
296368846_437176138368249_5256504050269172589_n_webp.rf.XmiU3FPUsvWDYr93vBjn.webp,Everyday Casual Frock,Everyday Casual
354806672_641697787566273_1861173797874877001_n_jpg.rf.XHGmHgn5a0vQcx0DLOUI.jpg,Everyday Casual Kurta,Everyday Casual
329630442_2305970042897011_3758089945938229022_n_jpg.rf.YfbsorpVWTe6fQb0B9QE.jpg,Everyday Casual Kurta,Everyday Casual
308836282_1032699417408845_5009995619786676247_n_webp.rf.YA5im0AwoF9VTKJusJ7X.webp,Everyday Casual Kurta,Everyday Casual
299546659_771337414010935_2440840232920863380_n_webp.rf.XrnCuJvykCnsbdP6QDYg.webp,Other,Other
340994590_534681918854579_4461981844283027914_n_jpg.rf.YkChqPtlcur7pxndIDmg.jpg,Other,Other
331771196_3491663544394910_8097358084274490387_n_jpg.rf.YkzTkb9HYLOlhRwQ91q4.jpg,Other,Other
288866639_729685434907384_4161841571917894004_n_jpg.rf.Z9TEQAwqwc6EpAJRLa9d.jpg,Other,Other
347581218_669946985172062_244540897011857738_n_jpg.rf.ZHtpOn4y5g2oz3XUyXo7.jpg,Other,Other
371973738_680582000759861_6416387246019758063_n_jpg.rf.ZUOjHdBygMcrg7INJCRs.jpg,Other,Other
289514675_5282872738445480_3063705359955559405_n_jpg.rf.5Lc438QZmrxz37WuxrFJ.jpg,Other,Other
299979096_569851054926027_4725905474920949899_n_webp.rf.530I2YwtvcO0MGeN23Jo.webp,Everyday Casual Kurta,Everyday Casual
141255268_1044334939386596_2091616132826637822_n_jpg.rf.5RWSeXtQeMV0dFBe7Pot.jpg,Wedding Guest Lehenga,Formal
278176415_358204486272891_4587705394510079835_n_jpg.rf.57EL4ZerQqcrdpZUx64k.jpg,Wedding Guest Maxi,Formal
294556929_514748013753388_1225741359789231881_n_webp.rf.5TTXNkccXrOhlKNK7Xpa.webp,Everyday Casual Kurta,Everyday Casual
320983553_1292681798177100_6653665205033954075_n_jpg.rf.63zAEIMeysRHMQH40It9.jpg,Everyday Casual Kurta,Everyday Casual
275619213_652621185844457_3029180201626612476_n_jpg.rf.5XCmFlcNSGAc8Mj81y5V.jpg,Wedding Guest Dupatta,Formal
372533926_257003670500130_2997994226557843287_n_jpg.rf.5e9NnItXeW8CLvziPfFM.jpg,Everyday Casual Kurta,Everyday Casual
291616190_3199500923697582_1780069833065357883_n_jpg.rf.64WD6SpVb4xcrBzhZ558.jpg,Everyday Casual Trousers,Everyday Casual
338070755_965747734794242_432774819316405254_n_jpg.rf.65sKbBdlnm3CQ36rBpF5.jpg,Everyday Casual Kurta,Everyday Casual
360064654_1300233894252100_7310209690426640769_n_jpg.rf.PEJxu8PQ6syGJuN9U7JF.jpg,Other,Other
341093658_771625584273981_3800938080764971940_n_jpg.rf.PRvBAVeS19E2Obcsevgz.jpg,Other,Other
314086361_690678139090183_9117986325841951964_n_jpg.rf.PMuEhqsvv8ya0ISgmE2X.jpg,Other,Other
330026822_203775635561026_8390463089012467486_n_jpg.rf.Q2q9wtssMDjW0TzD33Ba.jpg,Semi-Formal Kurta,Semi Formal
328990180_926693981693845_7248594410207059909_n_jpg.rf.PaPknxW28d4xJLYyeCZo.jpg,Semi-Formal Dupatta,Semi Formal
296089220_465287455444082_5828937588038248200_n_webp.rf.Pnwa7fQ7o3PBZnqNW2QS.webp,Everyday Casual Kurta,Everyday Casual
311662825_884547442513888_3516148509368560498_n_webp.rf.QFXBSMm24JAfFafRBGiQ.webp,Everyday Casual Kurta,Everyday Casual
337337509_6506638532702912_3598896540692336488_n_jpg.rf.QHVLFVv1IaGdWPVXPTZ9.jpg,Everyday Casual Kurta,Everyday Casual
353434994_1439299686847638_1304777717776833654_n_jpg.rf.QOFrny3e5deVlvXkq0HY.jpg,Everyday Casual Kurta,Everyday Casual
385489809_2563551060476302_5318982081772926565_n_jpg.rf.Q7H8jzPshdtAHSlNreJN.jpg,Wedding Guest Maxi,Formal
361912094_6769803936384517_3062134265300247185_n_jpg.rf.Qcwm3X8IXEbezwwPbCO1.jpg,Other,Other
277819383_160900969663725_2725301206382642001_n_jpg.rf.R1WpjXoR1qgDgzqJBqZC.jpg,Wedding Guest Sharara,Formal
318470739_713292227048133_2198342756735772738_n_jpg.rf.QOVt0IAIBiXBRH6YioG6.jpg,Other,Other
315775318_508691544518035_7143729640474214884_n_jpg.rf.QVNF7tAeH3fgoqf3nt7Q.jpg,Everyday Casual Kurta,Everyday Casual
311855166_1034973403837426_1830149941401539918_n_webp.rf.R72yaWxK5ERkHPx9Ou5z.webp,Everyday Casual Kurta,Everyday Casual
351274647_1292419168375001_6501306962470698_n_jpg.rf.R9LYwyEj5ID9F2QRx8LH.jpg,Everyday Casual Kurta,Everyday Casual
274185971_3036733446657055_6574055446811318502_n_jpg.rf.R36P5x5yeef74k4nA1HJ.jpg,Wedding Guest Maxi,Formal
370705265_1461323727995340_5689513702365601543_n_jpg.rf.R4jIZXdYIXleilT81fQm.jpg,Other,Other
391709867_337771632099865_8876825505853689971_n_jpg.rf.RRHtlTqLQpY16JeiFU67.jpg,Everyday Casual Kurta,Everyday Casual
344270853_1293393231598973_2560212706203478721_n_jpg.rf.RFHwEpEczDgSLxnO1W4O.jpg,Other,Other
360180237_827974901996496_6488571437056267411_n_jpg.rf.RRtkggmXBfEefgKFtxk1.jpg,Other,Other
335747853_1257602235175001_4685792833706986264_n_jpg.rf.RXUtyI0hrh2euEoQgwqR.jpg,Everyday Casual Kurta,Everyday Casual
325211623_702566904660077_3535269333673193612_n_jpg.rf.Rps2r20Y8KqifRhOhJpb.jpg,Semi-Formal Kurta,Semi Formal
332259292_501776655490931_8083980350860801908_n_jpg.rf.RqIoyCoTXzw0TuYTLHXt.jpg,Semi-Formal Kurta,Semi Formal
348448066_1299737547301808_813647456347921275_n_jpg.rf.RxkfBO5SaHHZH7IU1lKF.jpg,Other,Other
387770635_18391620898000463_5767139650194939007_n_jpg.rf.RTuMFurlcA8eKL0hDDHO.jpg,Everyday Casual Kurta,Everyday Casual
319807690_558737535669355_3678373967036746267_n_jpg.rf.S9kVfQeqRziynKwVvHcW.jpg,Everyday Casual Kurta,Everyday Casual
372045911_1485935792221952_9212499400699665667_n_jpg.rf.RzIsv4ESINKsasGgrRfh.jpg,Semi-Formal Kurta,Semi Formal
343260052_744305010721558_3180814378363753165_n_jpg.rf.SH2CIRI5vB6DqJTDYW8n.jpg,Other,Other
391111045_289478753896547_6267231710023187672_n_jpg.rf.SdIIXfkzTx9G0hnnyfCO.jpg,Everyday Casual Kurta,Everyday Casual
309488883_788375412394904_6256332317746129425_n_webp.rf.MEgxIVjyr97oyOHwLAb2.webp,Other,Other
319583360_104998685799717_895750117274634639_n_jpg.rf.M59QZuA8uCCK6XxueXg6.jpg,Everyday Casual Kurta,Everyday Casual
362252612_293191583224537_802240161772950772_n_jpg.rf.MY44O7TS83w15rmXbSfb.jpg,Other,Other
364754705_18056760037447477_2676253070557933057_n_jpg.rf.MTfSrRY2JJ6FhgZ6jBD3.jpg,Everyday Casual Kurta,Everyday Casual
350584618_1936814953338691_4530788065449810042_n_jpg.rf.N0lw8Y1SyoiunCxcPkYY.jpg,Everyday Casual Kurta,Everyday Casual
345527182_803826510750247_4419918946479206555_n_jpg.rf.N8zXFIG2wUy51yMhhvrC.jpg,Other,Other
297148327_382685120669037_8883229630449067499_n_webp.rf.MfL1TeGyTyst1qHPvlT8.webp,Everyday Casual Kurta,Everyday Casual
352992721_662675275899233_3859229077350246037_n_jpg.rf.N0rOJfjV9RN5zynMedav.jpg,Everyday Casual Kurta,Everyday Casual
338291437_607898097529134_8797675268137831581_n_jpg.rf.NIvuznIx8HKGQLrhls4j.jpg,Everyday Casual Kurta,Everyday Casual
385531130_2098098157196233_3795863982302219732_n_jpg.rf.NZAwWyXx1svk6FBwP4DL.jpg,Everyday Casual Kurta,Everyday Casual
326392501_1002886114020586_2467375589486860114_n_jpg.rf.NRYFDJeUS5BNoleysZvT.jpg,Everyday Casual Kurta,Everyday Casual
352997042_223526020147272_1035657633716637942_n_jpg.rf.NpehWTZloBH8asfSYpb3.jpg,Everyday Casual Kurta,Everyday Casual
363300414_829357558550507_3111061310297907116_n_jpg.rf.Nv1LUsxudEawWKy8FFYP.jpg,Other,Other
282319535_2369412893198641_1412817455822282734_n_jpg.rf.NRDLDQzUqkV9C7OvB5eq.jpg,Everyday Casual Kurta,Everyday Casual
350418556_3496323183947190_2060771413505407961_n_jpg.rf.Nyz0qRiDcFowGiXW5vtE.jpg,Everyday Casual Dupatta,Everyday Casual
314930186_5549490865137071_4400062554532201747_n_jpg.rf.O3D7rNJAFC24nJUA8cps.jpg,Everyday Casual Kurta,Everyday Casual
361834396_291840146693014_8741222462971736587_n_jpg.rf.OABo9xujnp83FZ3ndngN.jpg,Other,Other
334947251_713629513833439_7950579501226323775_n_jpg.rf.O0vPxP5LNXG3VLzx9TQX.jpg,Everyday Casual Kurta,Everyday Casual
339484784_758723482694647_5645427440390631916_n_jpg.rf.O7A5ZG2Qiqoz9m24ZkIt.jpg,Semi-Formal Maxi,Semi Formal
350475341_684999980303583_7676379089365617058_n_jpg.rf.OGPf3pTGsckYaBRce7w4.jpg,Everyday Casual Kurta,Everyday Casual
299978160_148936194428022_3207052751757467598_n_webp.rf.Oay2pTJ05qL6OAtQRN4v.webp,Everyday Casual Kurta,Everyday Casual
365182454_636254815239657_2171671665263950359_n_jpg.rf.OVV1ONkXH99Q63n6i4hI.jpg,Everyday Casual Shalwar,Everyday Casual
386178326_285998961047800_5195089139618760774_n_jpg.rf.ObPlaJLEZTQs6JKXghDH.jpg,Everyday Casual Kurta,Everyday Casual
363320116_295227096354319_6808508211600063627_n_jpg.rf.OiKd9jslGdi5WnKkmlAe.jpg,Other,Other
338161273_603922815108775_1301700792477704085_n_jpg.rf.Opxu23Ec9RAcYv5LgCba.jpg,Everyday Casual Kurta,Everyday Casual
311910012_116913867858001_6835650675058258897_n_jpg.rf.OtIOGDWzWAPC1fWgyni1.jpg,Other,Other
322193577_2989993307961018_1032357507927983960_n_jpg.rf.P46D7TtlNT9EftynD5oD.jpg,Other,Other
294554774_3294899684130409_7061878816322307736_n_webp.rf.PBL0yETZYPdILAtTbHZh.webp,Other,Other
347420515_667546875412073_6657743789357541442_n_jpg.rf.OYMXxNCqAAYO1XW0KpUy.jpg,Other,Other
340313896_1166880444001012_4027927812633598120_n_jpg.rf.I7vrgsiXtfQ6JVLBirZB.jpg,Other,Other
318100591_660363369158971_6460033356694573325_n_jpg.rf.Ogrnx6UtVDHKSPTrIIk5.jpg,Other,Other
151485748_791036971837849_1128971550213759501_n_jpg.rf.IGh2QqkkrG0JxOBuE4Le.jpg,Bridal Maxi,Formal
387270823_1294311531279252_8941787072194632193_n_jpg.rf.IakT053fjp4HQCQb3Kk5.jpg,Semi-Formal Kurta,Semi Formal
371506547_707129414787152_6830198854791820006_n_jpg.rf.INREbP0jc9uz5DhetFoF.jpg,Everyday Casual Kurta,Everyday Casual
375676799_851077643045165_1265338663052116234_n_jpg.rf.IRzW6EEDncDSd2USKBwO.jpg,Everyday Casual Kurta,Everyday Casual
366355479_838604987625764_2287039796181044425_n_jpg.rf.Igmj2btC5FCKKkrI0ooJ.jpg,Everyday Casual Kurta,Everyday Casual
298658239_2699124733557183_7842120952364683276_n_jpg.rf.IuoVvp2kSbDFne21G36u.jpg,Everyday Casual Straight Pant,Everyday Casual
307656119_829712435063953_1831397336511161171_n_webp.rf.J8Sn7UYvsqT8oFKYHxJR.webp,Everyday Casual Kurta,Everyday Casual
327329405_964031831647456_1545148767296811676_n_jpg.rf.J9ZyvoqHM2ALmmVSPz0X.jpg,Other,Other
341751196_1695609970955750_1834181418624917936_n_jpg.rf.JlNwgd0FfM6H2U9UmkKN.jpg,Other,Other
363847340_18379919623000463_7106505571285676873_n_jpg.rf.JVR8PUZF8ENiWZdFqrlj.jpg,Other,Other
337159677_606559007636589_8602143485401977270_n_jpg.rf.JIXvM5VZwFtYzUvcFt6s.jpg,Everyday Casual Kurta,Everyday Casual
363446278_18056400088447477_958271634783907897_n_jpg.rf.JrZdZTLET6tvzHYGg93L.jpg,Other,Other
292455052_1085692485661712_5433400956267044403_n_jpg.rf.JpT794Tq0Tf6g2v0LIKz.jpg,Everyday Casual Kurta,Everyday Casual
384277248_18308168563184038_8441199682314139414_n_jpg.rf.KACsE5ocdBBwPDPpSZvO.jpg,Semi-Formal Frock,Semi Formal
361113882_1040249027140311_7704971739498702335_n_jpg.rf.JuEBfjVAI7W21jIs4jqS.jpg,Other,Other
353655606_157735237200996_8097692394190510883_n_jpg.rf.KBTXqKGfEc8wgIrbq0LR.jpg,Everyday Casual Kurta,Everyday Casual
369220128_851349683236894_6944886446896243794_n_jpg.rf.KSBZNSbrvUwjjDTJYESC.jpg,Other,Other
320125453_177044448265568_7819231298303841516_n_jpg.rf.KrUrkmGOSlpYR1mXFhP6.jpg,Everyday Casual Kurta,Everyday Casual
325165823_5995233567250683_8807051040203667951_n_jpg.rf.KyyZDLyvYSYI8GkvFcvJ.jpg,Semi-Formal Kurta,Semi Formal
365905302_1017669192747735_3068288331295892815_n_jpg.rf.KQYUYHvMokrGXHjFvzzV.jpg,Everyday Casual Kurta,Everyday Casual
322518234_211056768076275_878026935075558791_n_jpg.rf.L9HjTKcVQnRxwUZuqd4A.jpg,Everyday Casual Kurta,Everyday Casual
305650134_591816709149794_9216984367233916162_n_webp.rf.LKNHv452TVEr8X1sDwjw.webp,Other,Other
386922889_886689266413164_8822940374941451689_n_jpg.rf.LWlBRRxzUM5O8cdjsTvM.jpg,Wedding Guest Choli,Formal
382352711_18266051545093875_7942598114343280220_n_jpg.rf.LU4Z3eraaRqoxlouIwGL.jpg,Wedding Guest Maxi,Formal
348689997_278606761333332_1533725707246278742_n_jpg.rf.LekPRWGiemam7FwX0OOp.jpg,Everyday Casual Frock,Everyday Casual
356274733_655692579335465_1311638453298339766_n_jpg.rf.L1SDf5ah8M9Mu76ajCZy.jpg,Other,Other
140377322_913758052775234_8615531664231345159_n_jpg.rf.LZuitRUY63ahle8lCwVP.jpg,Bridal Choli,Formal
294505136_575024827398388_4965348669464685456_n_jpg.rf.M2NTsYIRpraxmeAlCrwd.jpg,Wedding Guest Maxi,Formal
350376467_600515182056221_2211973372425455406_n_jpg.rf.LmkSOLXMsprevFSaKdIf.jpg,Everyday Casual Kurta,Everyday Casual
349035390_556591339942777_1837027709356547722_n_jpg.rf.I0KWttILk11fBkrzHjM7.jpg,Everyday Casual Kurta,Everyday Casual
361782068_1007899723995341_327808365397194616_n_jpg.rf.HyRRTvq2TnjMho7znBmo.jpg,Other,Other
348606119_163185453177955_1965901732928461432_n_jpg.rf.IJ0dJoO1OmvteziaWp0s.jpg,Everyday Casual Kurta,Everyday Casual
385870798_331574039386291_3180545244915705816_n_jpg.rf.IGmW2LPN2xJlgyPSoO1R.jpg,Everyday Casual Kurta,Everyday Casual
317962999_2082803018580011_5423397041098228971_n_jpg.rf.IXDaZsdBBZ3ZIbRQNeH6.jpg,Wedding Guest Kurta,Formal
360100228_292325276644501_6588224697130595200_n_jpg.rf.IlPvyNJUMSdTszcdFyNJ.jpg,Other,Other
256619420_262337262403766_7789567911244705801_n_jpg.rf.JSYtvFXBcZKin7RvKfFz.jpg,Wedding Guest Choli,Formal
363060256_972570977293699_2134379378235949461_n_jpg.rf.JKyJUHX54ZQ64G53306u.jpg,Other,Other
331692619_5859807770790746_1250095162570422752_n_jpg.rf.JfOOPyEykgnW55UTEbcV.jpg,Semi-Formal Kurta,Semi Formal
306035712_617294283447312_4177174298486225363_n_webp.rf.K7ZgwspDTecc4APWRp16.webp,Other,Other
361581458_292322893311406_4271019331793041578_n_jpg.rf.JAvnEDAHRz1B97vaimeN.jpg,Other,Other
313020429_131010889528622_6603665748366409688_n_jpg.rf.Jy0TQyeGDcSL1KIkx7OO.jpg,Other,Other
334786316_1230736331169639_1171875207336127655_n_jpg.rf.KHaJVll3joEPKvJxf8NI.jpg,Everyday Casual Frock,Everyday Casual
338433029_1432352857525009_6157021612782158194_n_jpg.rf.KgTeGGcfyF3MKRiBfiQB.jpg,Everyday Casual Kurta,Everyday Casual
364426431_278033318178353_3876335572504887185_n_jpg.rf.KaxKj7ALcHQeIUNilnyf.jpg,Everyday Casual Kurta,Everyday Casual
355669789_247889947967878_2728527035722492304_n_jpg.rf.KBNBjVZRgWd6aWEmIz0h.jpg,Other,Other
387267735_1090215335315812_5927900850665587059_n_jpg.rf.Khfn4h7gsy8s0fOZFKdn.jpg,Wedding Guest Choli,Formal
387780604_730658829100877_5146797148574066406_n_jpg.rf.L8rjMOTDWgL41kBxsuP6.jpg,Everyday Casual Kurta,Everyday Casual
354358349_3569199200068693_5252056278039930904_n_jpg.rf.KzozDSUyMvxhT36O3ySN.jpg,Wedding Guest Dupatta,Formal
338683822_771421820846859_495125725270938464_n_jpg.rf.LMBYv63iOjSCqUvbhMdw.jpg,Everyday Casual Kurta,Everyday Casual
366593314_1480238602818382_2238743307705103616_n_jpg.rf.L5kzbcaMrh3aIfeaS4K3.jpg,Everyday Casual Kurta,Everyday Casual
288636321_135462622480568_8797445240564367252_n_jpg.rf.LDlZ5GqF8Riauwemf7VU.jpg,Other,Other
338972839_769442838042554_7909611458430940398_n_jpg.rf.LNR8nOUcT6gfIMo4m5aW.jpg,Everyday Casual Kurta,Everyday Casual
337889560_239830801836811_5983740804527333661_n_jpg.rf.MMSRWlPKRU6K87tTBoxJ.jpg,Other,Other
391370957_296431726495731_7186347172109102884_n_jpg.rf.Ltz7rCHoFU00xljRIQeC.jpg,Everyday Casual Kurta,Everyday Casual
332691455_580308540683316_4470430642039468940_n_jpg.rf.M1L1TMfiShu68She466e.jpg,Everyday Casual Kurta,Everyday Casual
363410254_664716789023494_5370645432277906370_n_jpg.rf.MTTJQmthmzGln4j7T7mC.jpg,Other,Other
361576686_684344987065595_3550974927172962148_n_jpg.rf.aYYEGN2ImLpl0F3EoFca.jpg,Everyday Casual Culottes,Everyday Casual
367520694_853709672413161_2268787995360243315_n_jpg.rf.MZQH3pl1rdiL0ArhAJ1g.jpg,Everyday Casual Kurta,Everyday Casual
277317107_370014138319653_8100524926309731164_n_jpg.rf.MciefcpO2d8rDiiAujnt.jpg,Semi-Formal Kurta,Semi Formal
327924698_917511232953199_7219872976312585472_n_jpg.rf.agd23VnAYxx4YTad6UDz.jpg,Semi-Formal Kurta,Semi Formal
327173971_1210167189624813_4972857867185487910_n_jpg.rf.af1JqJNapX5wGD7Zj2HY.jpg,Other,Other
363947551_240750178362631_1051146013526683248_n_jpg.rf.Lmq8xfqkjIXahc8YM9T4.jpg,Other,Other
350728869_172346032217427_967321813371738187_n_jpg.rf.ahkhfJTnFNZ0Ysz6VTk7.jpg,Everyday Casual Dupatta,Everyday Casual
330478572_428685609431983_2137230800516404886_n_jpg.rf.asHJGXZk0TPzRZnoWEgL.jpg,Wedding Guest Kurta,Formal
354157726_1256099801704813_4829586539946703311_n_jpg.rf.b4wU9oUcpPg2rJ5H6nfY.jpg,Other,Other
353638785_6453702261354253_7125661876162737037_n_jpg.rf.bd3SI72E0Vyks0bwaxJ9.jpg,Everyday Casual Kurta,Everyday Casual
352850655_239646822104592_1160506998448480186_n_jpg.rf.bVGbBb2PxO486banDidM.jpg,Everyday Casual Kurta,Everyday Casual
361687097_285464160818209_7040104501777566909_n_jpg.rf.blhiFKjIfPOmUYNyo3sJ.jpg,Other,Other
353606819_628377772555022_1454018938344399071_n_jpg.rf.busZ26vWyKnbHbDMriag.jpg,Semi-Formal Kurta,Semi Formal
360112691_290488360161526_7917378915583789504_n_jpg.rf.bzvL5rtL0ZVfoqKOE3ym.jpg,Other,Other
298571843_594111129042270_7513683077410105406_n_jpg.rf.c2iMA7kTNj8KTBNYJ79X.jpg,Wedding Guest Peplum,Formal
371878485_707130231453737_2584690676454760050_n_jpg.rf.c890lkDO4jaBjvUYZuTM.jpg,Everyday Casual Kurta,Everyday Casual
386253446_866842148135381_1916314545172300554_n_jpg.rf.by4feb1LEwKVvGVCBiPb.jpg,Everyday Casual Kurta,Everyday Casual
331538542_3385525901714696_8820412338045691692_n_jpg.rf.cITWrdlIU0eYunNwEnjk.jpg,Wedding Guest Dupatta,Formal
361928160_989597842192652_6244895615828889751_n_jpg.rf.cvX7ZYsYSlZ6bVNIC2LY.jpg,Other,Other
279835743_492399312316053_2160959139980567723_n_jpg.rf.cFghNNp1nkDDOi6O5rxY.jpg,Wedding Guest Maxi,Formal
332784117_137575605612888_8903604975085912221_n_jpg.rf.dIxLn4P2zOQCoIUJgUbC.jpg,Everyday Casual Kurta,Everyday Casual
386885046_3573531926218335_6033844323847644550_n_jpg.rf.d0PmCyKlM4pg4UZG7yXS.jpg,Everyday Casual Kurta,Everyday Casual
313852308_826327305076851_8471179092051281847_n_jpg.rf.dOG8VTy1h0zdG9eVMUhC.jpg,Other,Other
370600464_708444664655627_6942909332107562879_n_jpg.rf.dRQKmGxnxR7FzlkfdD1j.jpg,Other,Other
353587070_274359018409737_1281416446861748910_n_jpg.rf.dSsVNl64lM7TBUkE27P6.jpg,Everyday Casual Kurta,Everyday Casual
369188527_309515954925433_6447589142690177359_n_jpg.rf.dglxhO3gEt7DLUzgC1n5.jpg,Other,Other
328830421_583253563305145_221836468320719874_n_webp.rf.db95zkY2SK2s5stNaXW7.webp,Everyday Casual Culottes,Everyday Casual
312845826_1168331094086222_3212320895143891633_n_jpg.rf.dqsyWuvrVnZvAjBxqoSZ.jpg,Other,Other
338222581_740707630885800_3040524655315156942_n_jpg.rf.dlaGmWCuc5c1p4qiAX13.jpg,Everyday Casual Dupatta,Everyday Casual
386670827_280003031654072_660508177642013731_n_jpg.rf.e4PylhopqttcIS0lSn7Q.jpg,Everyday Casual Kurta,Everyday Casual
329976683_3556749504545414_440622960591358850_n_jpg.rf.dh1Xlh5bnulV4d3K4CAZ.jpg,Other,Other
365823097_217784200878809_8043574885942248417_n_jpg.rf.e8IHgp6bL3GZwvPx7c79.jpg,Everyday Casual Kurta,Everyday Casual
332460677_940440223649224_8680162280235104722_n_jpg.rf.iPtNpy1yFFGRel9rtirr.jpg,Everyday Casual Kurta,Everyday Casual
312941020_1294395431391957_6159601413815581187_n_jpg.rf.iRWFB0DO6x1FbcU8g018.jpg,Other,Other
360121844_292228683320827_4116229851362502716_n_jpg.rf.iNVCjcI9a9O0sXK9D3UY.jpg,Other,Other
350103676_214887128004476_8564497795260174263_n_jpg.rf.eNDwcZyjM3Zt50acS25a.jpg,Everyday Casual Kurta,Everyday Casual
315441387_1810822685923083_4419695217810808145_n_jpg.rf.iYo7VOzbcHjHRJciuVov.jpg,Everyday Casual Kurta,Everyday Casual
331286649_710165290575494_1432093738099316662_n_jpg.rf.ieUU0l7d0Tb3MjagUNXg.jpg,Everyday Casual Frock,Everyday Casual
314773887_443912434559580_7789685551962378447_n_jpg.rf.ia8xwPoX2l43jxu2xNsi.jpg,Everyday Casual Kurta,Everyday Casual
387768413_731254879041272_7156933486003940498_n_jpg.rf.ii0IQ72uRInjJNy6yynr.jpg,Everyday Casual Kurta,Everyday Casual
340021372_6877049862308604_6308728049535716143_n_jpg.rf.imascgrFPm7DCP4YUMRL.jpg,Everyday Casual Kurta,Everyday Casual
278428534_933053300694520_7859025408282459399_n_jpg.rf.j7MZqQDhH2zHtpXMyed9.jpg,Wedding Guest Maxi,Formal
332102583_1254319051831584_8303499726871738674_n_jpg.rf.icPrPOYvUlj2VPDlgw1o.jpg,Everyday Casual Kurta,Everyday Casual
284681368_120434907154457_5392170989094048297_n_jpg.rf.iteSjHMAiCphLULUESDQ.jpg,Other,Other
356230860_283641974072867_1532487511977794707_n_jpg.rf.jJ7ZXKEKkITOaXOBf0Jd.jpg,Everyday Casual Kurta,Everyday Casual
362619498_525353903056024_7885396323127458469_n_jpg.rf.jTNRsUSENvAdNkiy6qRK.jpg,Other,Other
356404049_228039323497927_2667562109949020021_n_jpg.rf.jf9YlWH86905rWRw7jkz.jpg,Semi-Formal Kurta,Semi Formal
363361117_18276034858180237_6388849884328167328_n_jpg.rf.jK3WSINjdejIa3s332aP.jpg,Everyday Casual Kurta,Everyday Casual
313035277_519814886332850_1892940779222859885_n_jpg.rf.k2oxjqFclNzmwYC0pJPU.jpg,Everyday Casual Kurta,Everyday Casual
343651615_145472924995352_101142619470683044_n_jpg.rf.kayL4X6PJ04CgzxzE80z.jpg,Other,Other
386105518_1263553800969562_2872389226259282080_n_webp.rf.kLKnQ5D1Ojuhl3668uRN.webp,Everyday Casual Kurta,Everyday Casual
336982319_596849652331187_6770614976708656554_n_jpg.rf.k7mkahSbhJSCHXx5eqDy.jpg,Everyday Casual Dupatta,Everyday Casual
355632042_2501267200034213_7985247847271246867_n_jpg.rf.kfEvNJDFnSTu7ELcV4by.jpg,Other,Other
348622031_793854292274008_8229421154120095075_n_jpg.rf.kYmYZmlMLreX3s20OzJ5.jpg,Everyday Casual Dupatta,Everyday Casual
309913665_175361765073366_7405849429173822179_n_jpg.rf.kkmwNsGfrcxGa8pin9Rw.jpg,Everyday Casual Kurta,Everyday Casual
309685187_5554154464698648_4328785316259213368_n_jpg.rf.kuXn4UF9lnwmqrE8zdCh.jpg,Everyday Casual Kurta,Everyday Casual
316324105_854477705998917_366201455061171731_n_jpg.rf.kvDdjdZZtjEJdUzZUbdB.jpg,Semi-Formal Kurta,Semi Formal
339286344_969964567493832_5390799967236024427_n_jpg.rf.lBEeYQqCp2BPZB8tIFrT.jpg,Everyday Casual Kurta,Everyday Casual
301000226_749156899475829_4042307188688590395_n_jpg.rf.l1JSIdjKlrRKcfKTRnaP.jpg,Other,Other
299332661_607777177533767_5834686364228201500_n_webp.rf.kmlBRgZyhCoUobT681a8.webp,Everyday Casual Kurta,Everyday Casual
332485463_1554124315088908_6376512630642211740_n_jpg.rf.DJnhiZWADudexgWrMvEl.jpg,Everyday Casual Kurta,Everyday Casual
366557295_18380124409000463_5717480138638427637_n_jpg.rf.kwx0938KU7h5lOy2QbDQ.jpg,Everyday Casual Kurta,Everyday Casual
361912094_548889090632709_1751989678184103918_n_jpg.rf.DR87RZUzgKy4nAcyMNRV.jpg,Semi-Formal Kurta,Semi Formal
383635197_285322154354834_9072639677653385058_n_jpg.rf.DahcBuPVpzB5mUTOKTTP.jpg,Everyday Casual Dupatta,Everyday Casual
310474936_187824690388050_9201414735257000961_n_jpg.rf.DXrfzhwqashRajHo4VEc.jpg,Other,Other
306367186_1297538403983524_1725990202635069153_n_jpg.rf.lEO1eIfeyB4CFCQLYQ9e.jpg,Everyday Casual Kurta,Everyday Casual
360160948_941259530274843_4210716997509532380_n_jpg.rf.lDmpHhosqEzRHXrvNqqL.jpg,Other,Other
384971712_653406203584514_8112965169076932285_n_jpg.rf.Dmj93a4HPfhciTGFXSaB.jpg,Everyday Casual Kurta,Everyday Casual
316156354_115525154709502_4043682915269354285_n_jpg.rf.DlKh5E9W6FO2loUvIXVG.jpg,Other,Other
361647748_18256307572093875_6552493014947907475_n_jpg.rf.DwyJkuuRGHQe3PqFFlI9.jpg,Everyday Casual Kurta,Everyday Casual
386650374_1254018818606882_8400846636807469161_n_jpg.rf.DuxikqejkWfMaHFv9dVb.jpg,Wedding Guest Frock,Formal
295019546_142761785052474_4442991205857798832_n_webp.rf.E7j6fIcirfRDSjNazpyn.webp,Other,Other
295968577_167271869189485_3833321578450845703_n_webp.rf.E9nyKmBJemCUiP2Xc9J2.webp,Everyday Casual Kurta,Everyday Casual
317437876_3216952165231832_2636013361474717951_n_jpg.rf.EEJiFcvPfj30wSFuLl0v.jpg,Semi-Formal Kurta,Semi Formal
385123376_656192443157498_9186056845339428431_n_jpg.rf.ENnRpwWmEcmEhf42PkrQ.jpg,Wedding Guest Dupatta,Formal
310295174_467244525166768_3709302466046750591_n_jpg.rf.EEusJP8xmyNMTfq693wC.jpg,Other,Other
299862670_732551314711737_4553340795715778592_n_webp.rf.EURlt8ngWlrxQk7MkNHu.webp,Everyday Casual Kurta,Everyday Casual
387266917_1333963903879095_34207591415670173_n_jpg.rf.Egnozt6hRXLEw6Khuyyj.jpg,Wedding Guest Choli,Formal
362940541_270317439033022_194036591899414435_n_jpg.rf.EfI8szoTnbeRRyvCaMMS.jpg,Other,Other
365474376_1456505568446786_4938850009600806303_n_jpg.rf.EtCks2jFFza852hHnwpa.jpg,Everyday Casual Kurta,Everyday Casual
369723658_707765601390200_3688728040921098937_n_jpg.rf.EvdLnmaC5483rfyaSomV.jpg,Everyday Casual Kurta,Everyday Casual
375455283_770518564830473_7499149205527405266_n_jpg.rf.EktiHJegSbveh1gdCbLy.jpg,Everyday Casual Kurta,Everyday Casual
324635620_3321109898217144_1969211909854275215_n_jpg.rf.EkgwD8hx3G5aexiQRzLq.jpg,Semi-Formal Maxi,Semi Formal
297130535_3215974162023804_679592861377304495_n_jpg.rf.FMwm1U9uMyO6IaXCNLFm.jpg,Wedding Guest Dupatta,Formal
329265219_886638659085958_3795679243406998135_n_jpg.rf.FedZLwO5S9RbbTcg0U7w.jpg,Everyday Casual Dupatta,Everyday Casual
346551325_555847096628407_2995246223763814679_n_jpg.rf.FZy2S0L9MuxXySx9ikuZ.jpg,Semi-Formal Anghrakha,Semi Formal
366146935_1405008476946396_426822900119530839_n_jpg.rf.FNdjSZlMMGiXBzglgu7K.jpg,Everyday Casual Kurta,Everyday Casual
359838772_290491523494543_1501637108559958699_n_jpg.rf.FZzlzKglSRlc2xwtXxPp.jpg,Other,Other
352242492_2223700634479964_746588810654373386_n_jpg.rf.Ffe6BS5nLuo9iUYY3Ps1.jpg,Everyday Casual Kurta,Everyday Casual
387780335_336981195474323_1219260120210050797_n_jpg.rf.FlN50VGeY2dFHQxI9DGz.jpg,Wedding Guest Kurta,Formal
141773088_2896221793956374_499677527123844924_n_jpg.rf.G0Bld1OhDPFVJfR3rSAx.jpg,Wedding Guest Choli,Formal
272750621_956317578339507_2948893858447530561_n_jpg.rf.FzzQC0D03EcSSXMqhAvO.jpg,Wedding Guest Sari,Formal
311821834_3294944024075831_3403346526858466287_n_jpg.rf.G2e9uqWqEFSOWomFXJ0O.jpg,Other,Other
354122082_1225386241463683_2744638802966513258_n_jpg.rf.dw7eX4GohnG33zBhxHB5.jpg,Everyday Casual Kurta,Everyday Casual
369955818_844574653695464_6811614909634225645_n_jpg.rf.eMvj8R2ARYkgSPVuodqF.jpg,Everyday Casual Kurta,Everyday Casual
372398123_1012709716424559_3100377582460756523_n_jpg.rf.ePm5ZzMASbUNuJBbGBp3.jpg,Everyday Casual Kurta,Everyday Casual
387822650_336542828889412_4371158200938161444_n_jpg.rf.eKvH1LS0ulgpAEela3Ou.jpg,Everyday Casual Kurta,Everyday Casual
333148375_592632612727008_2232146312822498663_n_jpg.rf.ex7z36icWI8feMXc7rI8.jpg,Everyday Casual Kurta,Everyday Casual
349493680_786878359673881_9219918829735568037_n_jpg.rf.eTfiOxwknRvb0doGtoCX.jpg,Everyday Casual Kurta,Everyday Casual
365417690_18379354405000463_4550763887839692551_n_jpg.rf.eP5mNFHw9Fa0jELTu6F3.jpg,Everyday Casual Kurta,Everyday Casual
362913374_1787384455009896_551771574210978921_n_jpg.rf.fMINNyq0LSv2tBfukDLi.jpg,Other,Other
373649536_706801181473582_282275761414698142_n_jpg.rf.eys8HC6yOYCuFPcRkF9i.jpg,Other,Other
319584651_201230015724743_2632467830851821677_n_jpg.rf.fsFOBK4lsUUKq90xvp4R.jpg,Everyday Casual Kurta,Everyday Casual
333157298_519264270371792_2152103691648768109_n_jpg.rf.fvFAdW62K4x8f5ytiRfl.jpg,Semi-Formal Kurta,Semi Formal
315984712_1403627953498682_1732683866073261493_n_jpg.rf.fdjEpM9irRFeEbhZSE3H.jpg,Everyday Casual Kurta,Everyday Casual
305660750_119001377587259_7778708460325348991_n_jpg.rf.gDfMS7MgfiM69V7gO9TT.jpg,Everyday Casual Kurta,Everyday Casual
358082296_675811367918957_3676252157326158147_n_jpg.rf.fxAv1G4AES1nXFUZ1Ft0.jpg,Semi-Formal Kurta,Semi Formal
353988219_1597648520728662_7675935303251772125_n_jpg.rf.gNugQ6p2DxdeSUb78GnO.jpg,Everyday Casual Kurta,Everyday Casual
331604448_1385367715617765_9165683696541631057_n_jpg.rf.fthLJM8aqQPbprAG2fJ1.jpg,Semi-Formal Kurta,Semi Formal
316371542_643384137487645_6981563828963961275_n_jpg.rf.gOKpiu1uu8r3Alp310Go.jpg,Everyday Casual Kurta,Everyday Casual
366115330_974095773828044_2092226544575153330_n_jpg.rf.fyEJM1zQlWtaY1sI58er.jpg,Other,Other
344266440_226881996648129_2346084487318366978_n_jpg.rf.gavGRvclv3HgMKOWw0vD.jpg,Other,Other
375642103_337142311995428_4991337570729547637_n_jpg.rf.gwrgw3h8lt9N7ilrnc3w.jpg,Semi-Formal Kurta,Semi Formal
340499065_211310401511138_4624957150643269864_n_jpg.rf.goQuOTQ1FUW5LQuFoWFP.jpg,Semi-Formal Kurta,Semi Formal
306923607_610053337199068_8386460814441945881_n_jpg.rf.hF8BgDsjf18M9Jq8reiP.jpg,Everyday Casual Kurta,Everyday Casual
332797274_221883150305559_5702308927873762276_n_jpg.rf.hHkpkT2y63LRPNWz15g4.jpg,Everyday Casual Kurta,Everyday Casual
294953013_588634449272781_7331661753765522640_n_jpg.rf.hRKSTf6JPhcfhDyLaTN0.jpg,Everyday Casual Kurta,Everyday Casual
387584316_850852306479540_9113985149967604334_n_jpg.rf.hMLdIisnrPxGna5LgCzx.jpg,Everyday Casual Kurta,Everyday Casual
336501633_202019939140183_2592289145121737012_n_jpg.rf.iESCt7F9nEvFpoOlqyDc.jpg,Everyday Casual Kurta,Everyday Casual
349330290_3177042102588992_3184613070389865317_n_jpg.rf.i5NdHSWmlVuiHI2hM6Bt.jpg,Everyday Casual Kurta,Everyday Casual
312994503_198585102644252_2752811669862805604_n_jpg.rf.huqBsqytmvmZ2rnAPSFi.jpg,Other,Other
349441649_918136162600007_7655484563129568008_n_jpg.rf.iL26OYPc6Yl7ggSlKIm7.jpg,Everyday Casual Kurta,Everyday Casual
298443135_1778427829165588_4000389471120963975_n_webp.rf.i6gDL5eKEpBgSqbFXcDW.webp,Other,Other
328265657_194015196615357_790219528253466574_n_jpg.rf.d6bbpQ0StoEMpJaqbUay.jpg,Semi-Formal Kurta,Semi Formal
306696795_652698266055107_2298093032018816694_n_webp.rf.cxMecar4CEbx8f1Okd7N.webp,Everyday Casual Frock,Everyday Casual
310710951_806963497172658_8037374628309748196_n_jpg.rf.d7qwwZqAwzndkx7XA401.jpg,Everyday Casual Kurta,Everyday Casual
295042566_775258613657336_6021472396783883175_n_jpg.rf.cp8LZsjECNctWJJcl64K.jpg,Everyday Casual Kurta,Everyday Casual
369153435_675881574563237_4786050145856335315_n_jpg.rf.ctH7bXJmqhCF5Dyctu3q.jpg,Other,Other
351062924_250618590985460_432717866954936145_n_jpg.rf.dEgXcg8FyQrfVZzu3Jfh.jpg,Everyday Casual Dupatta,Everyday Casual
385777328_18266958364093875_6200376090507734271_n_jpg.rf.dIz4qxkH6pd4NS8EHZ7v.jpg,Wedding Guest Kurta,Formal
333711876_1414745959342359_6429501531973033775_n_jpg.rf.dBKqpT5wTVuowRhfV3s0.jpg,Semi-Formal Kurta,Semi Formal
292768258_572837087677546_5566770460605061472_n_jpg.rf.dWZeEMwJW1pohL5kKvUq.jpg,Wedding Guest Jacket,Formal
288086642_160911333096834_225302931442386009_n_jpg.rf.dfkn05oEZFY2fAmh76CF.jpg,Other,Other
363290199_829357718550491_1281969877166007939_n_jpg.rf.dkSlgOyaT7EcecTesrg2.jpg,Other,Other
386887872_886273403110662_6633361970323343025_n_jpg.rf.dQR7okR6hDZlqOvo9LxM.jpg,Everyday Casual Kurta,Everyday Casual
333309448_125653176931870_7810556251513089924_n_jpg.rf.dx08G1b8AWRFuwBFV7T4.jpg,Everyday Casual Dupatta,Everyday Casual
332407726_597818218581455_8976337618288550282_n_jpg.rf.e0zfhKfnln10TjsUPy2u.jpg,Semi-Formal Kurta,Semi Formal
285767721_408900854480067_5874204018634847571_n_jpg.rf.eH2ex4BBuffCgoJfOt9D.jpg,Other,Other
348259069_807584040420972_5218348853052842018_n_jpg.rf.e5q1MUrjv1C5t3qu8xtc.jpg,Other,Other
374916733_18119716153314185_3687670512554538282_n_jpg.rf.dyktaSqifRZdLnxYxVif.jpg,Other,Other
295874768_5318380124904624_7501674792103194600_n_webp.rf.eOh0dcz3Y7W1Xvmi8EZJ.webp,Everyday Casual Kurta,Everyday Casual
361789410_291526723385092_9043820867643817302_n_jpg.rf.eTAj2Gj4wdNyb0sYOHJF.jpg,Other,Other
361582600_291185983425097_4801921863274244447_n_jpg.rf.eZ9uW1e1fh6zOsWMDKkc.jpg,Other,Other
387826116_869811181171811_4686568831916303624_n_jpg.rf.OWhBrnODbIlWc4us2QvY.jpg,Everyday Casual Dupatta,Everyday Casual
286697580_1116154728998606_7288393356095149867_n_webp.rf.OPswIAYy7pp6vhlmd65c.webp,Everyday Casual Kurta,Everyday Casual
347620938_665232075643553_4093606700312322503_n_jpg.rf.OXID11GVBuS5Z0TpQ0Ra.jpg,Other,Other
360033593_978061013434856_3024680725744436196_n_jpg.rf.Ols1eUZtLzM81HhPdwbf.jpg,Other,Other
336215701_3501026910111571_5628994947571225907_n_jpg.rf.OinWNYOsJnhnZxA6K68N.jpg,Everyday Casual Kurta,Everyday Casual
348997934_794592405408266_8637178541258119637_n_jpg.rf.OUWZg6wKMT9Z2HN5Wrzs.jpg,Everyday Casual Kurta,Everyday Casual
361694790_1268720093829982_1646865508084554363_n_jpg.rf.OiSg8hcMXPIEdS8uvvuK.jpg,Semi-Formal Kurta,Semi Formal
139064986_1321697471523560_2966285492658235771_n_jpg.rf.P9W2BViInnFkqErZUskd.jpg,Bridal Kameez,Formal
301009352_403087638599336_9159412887881028954_n_jpg.rf.Oom6B7cbOB5xkIAt233r.jpg,Other,Other
292885553_551224703409478_783329138869386217_n_webp.rf.PGfKniSc8KY7uyRmx247.webp,Everyday Casual Kurta,Everyday Casual
365988178_1439913873408557_5669728090552499904_n_jpg.rf.Q9GYFDMTqtU8gOt9gv93.jpg,Everyday Casual Kurta,Everyday Casual
371394445_1349150689019115_3216000065327015566_n_jpg.rf.QOQCGuBaQFjpSqLsXpWV.jpg,Other,Other
325280437_715259486840169_3210190321337410445_n_jpg.rf.PPAnEZLByRpIibKWwR1r.jpg,Other,Other
330175938_1595383720964750_8609015636974157799_n_jpg.rf.QJFBOYzAVVkpL7SlLwnq.jpg,Everyday Casual Kurta,Everyday Casual
283875536_1059187578035910_1760580489780993375_n_jpg.rf.RIQTlq8vN1Somim2Xx8R.jpg,Other,Other
351050536_961479258332315_5155849445729924267_n_jpg.rf.QXQR4iuFTefevsZ40vzo.jpg,Everyday Casual Kurta,Everyday Casual
367687504_305861525290876_3077416487290652006_n_jpg.rf.QSkI9Ggr8R1PBMH2wxAj.jpg,Other,Other
369629019_702817138551713_2663495515179756917_n_jpg.rf.RWoCe9aNlTVUtqd0FIBD.jpg,Semi-Formal Kurta,Semi Formal
298716977_381650520779971_7224198007629325991_n_webp.rf.RPObEQ95RUcCHmLtC0uS.webp,Other,Other
373609610_849176823235247_787220734818252361_n_jpg.rf.Qw4XYULa22iEKFKTKjeA.jpg,Everyday Casual Kurta,Everyday Casual
338354188_755463385978927_8603293719190496509_n_jpg.rf.RoF5fuodub5fsdGYpmrw.jpg,Everyday Casual Kurta,Everyday Casual
306007346_1111292572847925_3135582334414856946_n_jpg.rf.SSV8IyFk9MAMGJkY4xNB.jpg,Other,Other
360111528_289769640233398_280020744104948150_n_jpg.rf.Sd4nQXFLVtse88DTqlIM.jpg,Other,Other
337910730_533952615586318_573024774887671709_n_jpg.rf.SMKz4nwwGcQPoYI3ZaV8.jpg,Semi-Formal Kurta,Semi Formal
314476632_653928642892219_8646081313996164721_n_jpg.rf.SisEqthDIrRDuWNWtPn8.jpg,Everyday Casual Frock,Everyday Casual
351504229_658618902971537_4757377889372491854_n_jpg.rf.SovwijSjXWYKKLOrnZua.jpg,Everyday Casual Dupatta,Everyday Casual
318648500_549495753308430_993302334171215055_n_jpg.rf.TGPLqe85mlUwK8aQsAwl.jpg,Everyday Casual Kurta,Everyday Casual
316095315_1145261206106132_2046980949428559808_n_jpg.rf.TKKBw4FxdHzjxBG5SakR.jpg,Everyday Casual Kurta,Everyday Casual
312236153_903447197303089_2086232789646764662_n_webp.rf.TEbU8mB6lmD9gOXqOiN1.webp,Everyday Casual Kurta,Everyday Casual
362932358_684238533729847_1194716851179492289_n_jpg.rf.MLizpK6L4uwFH6pezLSC.jpg,Other,Other
337921086_2605366909603116_3823797489728020699_n_jpg.rf.TRyu7BHw3AA5Twmi6fO7.jpg,Everyday Casual Kurta,Everyday Casual
372576423_1083932999647805_4778288794486847833_n_webp.rf.MUWccmUoHiHn9C056mUR.webp,Everyday Casual Kurta,Everyday Casual
337507939_541157478128207_3045384404937933442_n_jpg.rf.MWe6czdybjVLCbYyL9wd.jpg,Everyday Casual Kurta,Everyday Casual
301348050_489481329683575_1581270594072478142_n_webp.rf.MdHkRe51t0j9B3Us5vfx.webp,Everyday Casual Kurta,Everyday Casual
376786042_328637416181502_4032404777079907566_n_jpg.rf.MeBhEDBMSGxHqj5UkwDy.jpg,Everyday Casual Trousers,Everyday Casual
347595199_680724620760965_5679549814956963463_n_jpg.rf.MQTdscFJE06UiBPD4ria.jpg,Other,Other
387191342_18391422034000463_8686336379780397969_n_jpg.rf.MqDwCu6ybezYODimwKzw.jpg,Everyday Casual Kurta,Everyday Casual
307099368_478402630846219_4101442134350188736_n_jpg.rf.NIG1cygDFA864dc6ROwM.jpg,Everyday Casual Kurta,Everyday Casual
313187527_453727623571171_8730326839639431438_n_jpg.rf.NJJPwcQBglAaVwX0vHdR.jpg,Other,Other
317982682_1109245256414303_5696302565442465805_n_jpg.rf.NKAIQfR8s9k1Pi2h9YuU.jpg,Semi-Formal Dupatta,Semi Formal
365408448_1704720410000768_3381593592017389493_n_jpg.rf.NFjIv8Q4JVEgioNJqBcv.jpg,Everyday Casual Kurta,Everyday Casual
383338758_2004026066631800_7023048715235742373_n_jpg.rf.NU0Pd0e9GWaD4lf1YkIi.jpg,Semi-Formal Kurta,Semi Formal
320770525_655951419546530_4223013675420691934_n_jpg.rf.Ngc8l9zujlVp5hYuwv3f.jpg,Everyday Casual Kurta,Everyday Casual
169569030_498477861165804_6309670299278889286_n_jpg.rf.NvBZNkx4CyyAXdK89b0M.jpg,Bridal Dupatta,Formal
349428332_796772165044104_5978597976724205527_n_jpg.rf.NUBCDT6m3RbjAREBLUU4.jpg,Everyday Casual Kurta,Everyday Casual
329268553_606330078169985_440178201757352780_n_jpg.rf.OTR7PUEVaCHydsCCNBOn.jpg,Semi-Formal Kurta,Semi Formal
158821258_183614719952583_2861921003447210153_n_jpg.rf.OEgK2YjZYEXk0a2TNnn3.jpg,Bridal Dupatta,Formal
338162845_232965039192310_2335471300761475318_n_jpg.rf.OPkfT7DjG9OngdgV1CQi.jpg,Everyday Casual Kurta,Everyday Casual
370600143_3577984169079719_6014391250152586013_n_jpg.rf.OTvyBBG48r6jO3eTpqvo.jpg,Other,Other
366469780_821814776117149_1565978465813704919_n_jpg.rf.OmiZP4l4cbwvVTRxaoKW.jpg,Everyday Casual Kurta,Everyday Casual
386359746_875898467210300_7985977309420312491_n_jpg.rf.OdP2DiJdpjKrKbYNBQPY.jpg,Everyday Casual Shalwar,Everyday Casual
344780155_894028451688395_7900072071998475619_n_jpg.rf.MAiIPP5AH5KWj9LjMxXV.jpg,Other,Other
374733774_18203852872269217_3275178198029503140_n_jpg.rf.Os1USINRtud754Z8ppCe.jpg,Other,Other
384969391_256548666854864_5790337307103642514_n_jpg.rf.PDYYxSbtHEpcOen6zOcZ.jpg,Wedding Guest Kurta,Formal
330508530_173562602062503_8810340365902704614_n_jpg.rf.PJh4B6F2Mrppsn3FhO3R.jpg,Everyday Casual Kurta,Everyday Casual
314999183_1343724546164109_8812665865624127355_n_jpg.rf.P9RTzWZohKl1KukCCUPg.jpg,Everyday Casual Frock,Everyday Casual
353647415_775048910772686_8741364923813765804_n_jpg.rf.PT4canpCJaFLL4C4bu6L.jpg,Everyday Casual Kurta,Everyday Casual
331770023_884046359531422_7718391928318660068_n_jpg.rf.PUPVLhkDbaIU64tUCrjX.jpg,Everyday Casual Kurta,Everyday Casual
333923682_1229580187988994_7772309676168635241_n_jpg.rf.83fhlx5DVPOfWwxlv4VG.jpg,Semi-Formal Kurta,Semi Formal
347846022_2358644474308317_8857332390657158156_n_jpg.rf.PXWPLOMiJSNXIZColrPr.jpg,Other,Other
339817111_800233494323435_4256780612137958426_n_jpg.rf.PXiKH4BjGpG8EoGv6SWG.jpg,Everyday Casual Frock,Everyday Casual
365648922_303325485544480_3930330084215289143_n_jpg.rf.85LD3135zgOBenTLg6jq.jpg,Other,Other
336951891_1237788260184013_1318817850090825410_n_jpg.rf.8Khuk3DS0HSMte8kMdPo.jpg,Everyday Casual Kurta,Everyday Casual
385094261_18307128901184038_5618118665138582274_n_jpg.rf.8ek7JQcKAYmQWH455oOl.jpg,Everyday Casual Dupatta,Everyday Casual
369587821_5406564666134012_159033848690112562_n_jpg.rf.8ePlsqhcDlSPK8GgmDJh.jpg,Other,Other
325678248_1564774614028849_2035603611499535583_n_jpg.rf.91XL5mVm8JzYFfHqmjVG.jpg,Semi-Formal Kurta,Semi Formal
318032135_5617049841745068_180965284650643564_n_jpg.rf.9MRUGXlkNMsr2b5juBHx.jpg,Wedding Guest Frock,Formal
314825019_370967288546584_6902051240132864614_n_jpg.rf.9NftlXJwpQAwyzKv8Zlv.jpg,Other,Other
327847160_3468810240072557_5454083640996605142_n_jpg.rf.9LlLkcoYdjskIGH0MtqJ.jpg,Semi-Formal Kurta,Semi Formal
367923210_1768279260276838_8475161286609960203_n_jpg.rf.A1Xzg5QcyuX1toVpntMy.jpg,Everyday Casual Dupatta,Everyday Casual
375624104_1632862993871652_2121427708987714175_n_jpg.rf.9XHMfzEPQrBV7OYmL5ZZ.jpg,Everyday Casual Kurta,Everyday Casual
362896656_1421765491999080_1364235162949827503_n_jpg.rf.9ufjIddV1ZaEhUZwkqL8.jpg,Other,Other
387133259_18209084422269217_8085232546418694663_n_jpg.rf.9AvxhJyHn1Jsq128odLS.jpg,Wedding Guest Maxi,Formal
301582790_378110384327102_2964509603803506773_n_webp.rf.AbFYteANg1T0YW7jfRJE.webp,Other,Other
352413606_664699262350441_2800167453103395375_n_jpg.rf.AVojPk9xEgoRsC6Gm3fY.jpg,Everyday Casual Maxi,Everyday Casual
310977036_922565375388823_7382474065695728874_n_jpg.rf.AEFPasM2wFHqHTLs75SA.jpg,Other,Other
295064696_587431209582831_6821755311151285136_n_jpg.rf.Ah70jR21LM3gVC6TduTV.jpg,Everyday Casual Dupatta,Everyday Casual
337481081_248831357482618_5516267727757526623_n_jpg.rf.AkPSvEnMwE9S0O3hid2e.jpg,Everyday Casual Kurta,Everyday Casual
312167902_963884374567952_4890931152493740398_n_webp.rf.AtJ4RzMwUl4epA7xNJEI.webp,Everyday Casual Kurta,Everyday Casual
385367100_1068451374520252_3095256425186296386_n_jpg.rf.BGHtTwKuGur9E2rOCgoY.jpg,Semi-Formal Kurta,Semi Formal
292299202_203560755338563_4206616481616415042_n_jpg.rf.AkEUKaEhP7UdbIE9bgQl.jpg,Everyday Casual Kurta,Everyday Casual
316988535_486545656628143_6236205075019398415_n_jpg.rf.Bbv8rqrjAO9ZJ3iiLdVE.jpg,Semi-Formal Kurta,Semi Formal
363407846_301364149073947_184279735728493933_n_jpg.rf.BILIS4tXSoXCnYZzAvc9.jpg,Other,Other
305749176_2160630680789902_4906357010003712707_n_webp.rf.Bq1AQPwEcuKC8mXZaikr.webp,Everyday Casual Kurta,Everyday Casual
312337787_5857144834329021_4576977872723381015_n_jpg.rf.BduEhZGnEfqUfQpg6Qxx.jpg,Other,Other
319287082_577166677577054_1748594836818989525_n_jpg.rf.BkpZQMiQjvNHKoJB1Zi7.jpg,Everyday Casual Kurta,Everyday Casual
338430261_661603965770901_6368058377126928653_n_jpg.rf.C0YfKBYkEpsNS7gDPFd1.jpg,Everyday Casual Kurta,Everyday Casual
340353533_712028467387548_4948419103434309989_n_jpg.rf.ByDTHWW3X4SWanDj1T2D.jpg,Everyday Casual Kurta,Everyday Casual
272922314_347583753881773_533096180731606823_n_jpg.rf.C2epR5pwTxL86UKsmY8h.jpg,Wedding Guest Choli,Formal
387269239_249494464758995_7365918114428863175_n_jpg.rf.ThKBVW4mdU2dTKFfrm9p.jpg,Everyday Casual Kurta,Everyday Casual
333317136_727690442335453_6598503213650714639_n_jpg.rf.C0aZ2CjyKJ1eFYP1KnlF.jpg,Other,Other
373009575_823452442486778_2650249648320512066_n_jpg.rf.Tebioyssu6an6hsCiWPO.jpg,Everyday Casual Kurta,Everyday Casual
333446748_749952136439657_6608330903047800228_n_jpg.rf.Tm1S3auWIwqIdBWZsuum.jpg,Everyday Casual Kurta,Everyday Casual
297443520_429116672575027_456461571238053010_n_webp.rf.U5j80KCHdkaafGU3Qrp5.webp,Other,Other
340990807_260070773030573_2429856446209835632_n_jpg.rf.TqTOyZ7N52YZPvLTFYsn.jpg,Other,Other
317704671_1318350605643093_8655209240693259182_n_jpg.rf.Tle0Uvd4GeByvSmn23uQ.jpg,Semi-Formal Dupatta,Semi Formal
312126820_1022430428573871_2748353447823934510_n_jpg.rf.UMAcgoySv1atIdKgW8NB.jpg,Everyday Casual Kurta,Everyday Casual
314782880_1316844192396827_4912530131048696660_n_jpg.rf.U7ZDhKxfOsG61itVYvBP.jpg,Other,Other
300563010_822626358759226_8195036820549483074_n_jpg.rf.UOfGOnnBuGIJtNdRU8VH.jpg,Everyday Casual Kurta,Everyday Casual
370928886_847011010118495_4954704726911068820_n_jpg.rf.UOzfPm2S48ZOXWvNn8hb.jpg,Everyday Casual Kurta,Everyday Casual
361068587_612811967349171_1097717329437298074_n_jpg.rf.U5ZkPhFfPEOAVNeubGjK.jpg,Other,Other
352195356_662675622565865_5882305544285048671_n_jpg.rf.UimgSHp1z8thdoMoWBg8.jpg,Everyday Casual Kurta,Everyday Casual
308868554_1212319236005352_1211344570606338294_n_jpg.rf.UuelRYu7dzyEMuxvSb4y.jpg,Other,Other
311013567_801788584402344_4862068125050818850_n_jpg.rf.UP9z9s23Owdc5KlUEk0z.jpg,Other,Other
363333826_18379498492000463_7171298348010671594_n_jpg.rf.V8Sh89ta0hGRNO8DCiH1.jpg,Other,Other
343760300_753825656397213_4607447363012869599_n_jpg.rf.VBYpQWo0SgzOZiy11NxP.jpg,Other,Other
311586080_759077931856938_3829680410793133966_n_webp.rf.VCxXz5ZOM0qQKiiIZ7wA.webp,Everyday Casual Kurta,Everyday Casual
298791435_744842696784110_6068092418224708085_n_jpg.rf.UaSkJhtGcOK2IQgF5lzI.jpg,Wedding Guest Dupatta,Formal
391744054_869812691171660_5347640359882737381_n_jpg.rf.VItFjgk7XJtZea61eC2C.jpg,Everyday Casual Kurta,Everyday Casual
339846126_787472622721134_4891365643412724032_n_jpg.rf.VP5zkfcLkEnVN3pfWX1E.jpg,Everyday Casual Frock,Everyday Casual
377620527_644493261109876_5492823359478473190_n_jpg.rf.V60wM1mKe8l1qp9QyBTh.jpg,Semi-Formal Kurta,Semi Formal
364949604_1285705222049639_5368555151955999195_n_jpg.rf.VgddITfgmlZBDv9ESrVK.jpg,Semi-Formal Kurta,Semi Formal
364266503_830718594914872_1147795560919600570_n_jpg.rf.WANBcW8ffo54TiDESN8M.jpg,Other,Other
364746579_18056801953447477_277125439834561698_n_jpg.rf.WGBVg9HK5rCWCSCxvEnU.jpg,Everyday Casual Dupatta,Everyday Casual
372531973_1283023529063631_3584495593659612161_n_jpg.rf.VUOh0PfCqPzp1PTPZnRn.jpg,Everyday Casual Kurta,Everyday Casual
347604582_679512937548800_6925320614926304921_n_jpg.rf.WXq9mzZjC61W5qlKXxzb.jpg,Semi-Formal Kurta,Semi Formal
313489823_451513730228531_4676729048867922961_n_jpg.rf.WduZPfLQWr9HJKQHwrOC.jpg,Other,Other
331104081_865064907939869_8921008408059893851_n_jpg.rf.WKL2H2iO7ouyYsJWSCKK.jpg,Everyday Casual Dupatta,Everyday Casual
364254198_306443541854139_6660931520030847162_n_jpg.rf.JSx7mBqoXQ1p7LaLlUer.jpg,Other,Other
327308399_112186271686966_8492321835410925236_n_jpg.rf.WcMlLUmJ8u9n4l3j4TLR.jpg,Other,Other
382991939_700549362106903_5065056767269721306_n_jpg.rf.WmRYxYzboZGhyTJX2oNz.jpg,Wedding Guest Maxi,Formal
313036366_128547486467862_31564963667899477_n_jpg.rf.JX79X1yeU4pF2ZioNsIf.jpg,Other,Other
317007121_1568754106903333_2078549660926697574_n_jpg.rf.JWDXQeSD9MeIxrdjeAgx.jpg,Everyday Casual Trousers,Everyday Casual
318956668_1116534845732281_833528769021899785_n_webp.rf.JgGDiCjO4j9dAyvCvBxU.webp,Everyday Casual Kurta,Everyday Casual
140507228_455924285405933_113154947848702579_n_jpg.rf.JrJfHYVDHRfsUEI4Iin0.jpg,Bridal Choli,Formal
283757155_1400594767019721_894052245257043007_n_jpg.rf.Jld44UqYWDXazE6PHniA.jpg,Everyday Casual Kurta,Everyday Casual
356056798_512425991015465_4627246298434544846_n_jpg.rf.K5jjU6z97J0toIG4miY2.jpg,Other,Other
329974815_1248924126055796_2749251639545116710_n_jpg.rf.KMIusu72A6w6FLAdzwXy.jpg,Other,Other
317623924_922379262081360_2222240695494885726_n_jpg.rf.KoV5irtFxF6WZI5wsV1h.jpg,Semi-Formal Kurta,Semi Formal
376562277_318644227345939_3519333636288753968_n_jpg.rf.KSwyvZdd4DdAN69XfUAk.jpg,Wedding Guest Maxi,Formal
284344471_1431618730641393_2487157714494632231_n_jpg.rf.K8CyzLARCey4KL1t6Mrx.jpg,Other,Other
336931100_267409705615688_8565265170420976527_n_jpg.rf.KrouB0R8QtCbY3LkQ4PU.jpg,Everyday Casual Dupatta,Everyday Casual
342722443_618441826824657_4211509336650692250_n_jpg.rf.LNeho8SS4ZhCL5WmPctB.jpg,Semi-Formal Kurta,Semi Formal
294509696_5016628121792729_8045257781119861558_n_jpg.rf.L1clhe4ZHPmCv2CybYQd.jpg,Other,Other
365711141_692893072864393_2374970073458925735_n_jpg.rf.LZEzxsm01GNJQ3yW77Vs.jpg,Other,Other
337371532_3408607289377354_5629369596909459859_n_jpg.rf.LTDEjUQ6ztadms2bElMh.jpg,Everyday Casual Kurta,Everyday Casual
354435666_642726041221088_3967186738932228999_n_jpg.rf.LQXiqgp9vHwPmW6I5Piz.jpg,Everyday Casual Kurta,Everyday Casual
317152765_811720930119468_8925504020747652248_n_jpg.rf.MmwR2Xcpq3ShaprmEXSF.jpg,Other,Other
306118698_428024682528862_569492555502161338_n_webp.rf.MAVfB7tdasY5SFbYnUd5.webp,Everyday Casual Kurta,Everyday Casual
139046671_389777385655359_2428838705572301870_n_jpg.rf.Mp25IMrcMMLP3AeOLV3g.jpg,Bridal Kameez,Formal
385922300_337015505478410_8317017543991146915_n_jpg.rf.M4b6FeOuatMQCXehfO2B.jpg,Everyday Casual Kurta,Everyday Casual
347378725_219472564100231_3535683609536217937_n_jpg.rf.N4uMSE6cqu3z7Q9kYXgM.jpg,Other,Other
369237537_702272805272813_6312516347529884657_n_jpg.rf.NthEMcptGhnXR8aTFgz8.jpg,Semi-Formal Frock,Semi Formal
363391491_18379336357000463_404694157824635757_n_jpg.rf.NxVN7zB657QYfjvIzCWI.jpg,Other,Other
285743848_417527480248876_1844080424002382424_n_jpg.rf.Nz2Wc5P82tVDqk6Vccpo.jpg,Other,Other
306988410_1097001954522343_8944415107887618518_n_jpg.rf.O2Q62A4gBrZ7hPUf0tUJ.jpg,Everyday Casual Kurta,Everyday Casual
288811918_775810413410965_4163574346412055585_n_webp.rf.OO5TGgKtoXiWHTQXLUe9.webp,Everyday Casual Dupatta,Everyday Casual
288034771_172203945200434_4757270441014517109_n_jpg.rf.OCRl3YzDh4MM63jK4mgZ.jpg,Other,Other
281604075_733555581329906_54697985019909288_n_jpg.rf.OPQpkZYWzZalNqN9fSi6.jpg,Everyday Casual Kurta,Everyday Casual
348467071_168616819226868_7977861914719076780_n_jpg.rf.O8JK5Zuu3AUEUckonk8R.jpg,Everyday Casual Kurta,Everyday Casual
391597758_18307527025184038_5366951269132134530_n_jpg.rf.WqRC8kKDZcv1HRP8s9zh.jpg,Everyday Casual Dupatta,Everyday Casual
313029399_113890374700844_4976315427160682915_n_jpg.rf.WqgnC6izAw4HxrA0G3dc.jpg,Other,Other
308734846_773708763891326_6734240944606858346_n_jpg.rf.WqrYUStW8Dpt6gDK1Qkd.jpg,Everyday Casual Kurta,Everyday Casual
274328935_538440517704703_6241287385044522480_n_jpg.rf.Y8e3ujjOKgWm8Jpw1ZQq.jpg,Wedding Guest Dupatta,Formal
326382499_5689674101139839_677801946585365924_n_jpg.rf.XgahiWRUhmpPt0Ayy1yB.jpg,Semi-Formal Kurta,Semi Formal
310739159_513454853955158_6475978834778687230_n_jpg.rf.YG4vWkQjRE9eo8d1pvby.jpg,Everyday Casual Kurta,Everyday Casual
380536254_1018849142672293_3528922668302125890_n_jpg.rf.YrD1gZD8uLirHsng1mZi.jpg,Everyday Casual Trousers,Everyday Casual
310331660_488152739839921_3087215974913358835_n_webp.rf.YfA6WwPRUFoRdq4KL6g8.webp,Everyday Casual Kurta,Everyday Casual
313185482_2025551794501423_5711822284855891660_n_jpg.rf.Z0AcPflbscmZ7VUJbu94.jpg,Everyday Casual Kurta,Everyday Casual
361690973_1628641770991965_764164759442532905_n (1)_jpg.rf.Yycj023jhH1Joq9F5Nn5.jpg,Other,Other
385827983_332208925989469_6537821957629214469_n_jpg.rf.X7wLtPTVSEhtmGKgmFJx.jpg,Everyday Casual Kurta,Everyday Casual
296711891_403497888513814_2603489425162815509_n_jpg.rf.Z85JJWaTVFtJTywTbBEK.jpg,Everyday Casual Kurta,Everyday Casual
335940194_542049728065072_6416972506617397437_n_jpg.rf.Zbqh9tCiWKzups3TK3AV.jpg,Semi-Formal Dupatta,Semi Formal
364079629_18297261364184038_7873368222573711454_n_jpg.rf.Znn6uOoHnRdm7KlZqFlw.jpg,Other,Other
288749642_559369028927650_7846275595304630446_n_jpg.rf.ZrMko4L3DG4cYWYoenkD.jpg,Other,Other
340189967_940974080359221_1048689582254645239_n_jpg.rf.ZI5tRPa65aaZ6SqgwhWY.jpg,Other,Other
313037693_1241118786432452_1172636607203158829_n_jpg.rf.ZP8tKf5rUKvD7uClrapi.jpg,Other,Other
379466803_718380163662077_3222835383504355412_n_jpg.rf.ZtDX5y0HQRBMyamFNPqC.jpg,Everyday Casual Kurta,Everyday Casual
317747850_557105022923492_6057671123514438271_n_jpg.rf.ZrrxPDKDrloPJlwkR3HU.jpg,Semi-Formal Dupatta,Semi Formal
322523255_456375290039587_1408963562012428417_n_jpg.rf.ZsF0XEnSoLlxwUKCDGZD.jpg,Other,Other
350624836_162258836662914_407481728870562246_n_jpg.rf.aAfnr34b798lgixh8sOY.jpg,Everyday Casual Kurta,Everyday Casual
326586195_870242950886439_4227416394560574515_n_jpg.rf.a4fO6tkuRiBsCyAcJXcB.jpg,Semi-Formal Dupatta,Semi Formal
354622597_586456130301248_6682745565717037222_n_jpg.rf.Zxron8U1q2OeDHlpHMdZ.jpg,Everyday Casual Kurta,Everyday Casual
333659836_757137052321612_8825376990290738108_n_jpg.rf.ZzdOz32wTVHDvocEjvOa.jpg,Semi-Formal Kurta,Semi Formal
352481167_1867413520325949_3049343446346825474_n_jpg.rf.aiCe5ruZSNWEVAFJywJ1.jpg,Everyday Casual Kurta,Everyday Casual
271504861_419992709855334_5463023055658805777_n_jpg.rf.aM6olBI4QSpnurBxkBkn.jpg,name,Other
294922491_370494085158069_5032190580318984081_n_webp.rf.akfMAtHKHo7xmMqJu58h.webp,Everyday Casual Kurta,Everyday Casual
317779700_952385869081396_2394053460983614293_n_jpg.rf.aoKO3mipmE2xkERlGe2p.jpg,Semi-Formal Kurta,Semi Formal
348479021_277000864765945_2101158952848944991_n_jpg.rf.aoyK7Z4Im9mOBcgBeTA5.jpg,Everyday Casual Dupatta,Everyday Casual
387604265_1802583813504208_3445186764948724180_n_jpg.rf.as7BgDePwQy06Tcu8S47.jpg,Wedding Guest Kurta,Formal
365780085_843161073887288_3088869750734158653_n_jpg.rf.8Ph8PVlwVgn8icKEZsS6.jpg,Everyday Casual Kurta,Everyday Casual
314230790_3362915573928099_3387507449154296929_n_jpg.rf.8SEJDNz6dqFgk006BeSk.jpg,Other,Other
361714914_6786626578054518_8385956681181533971_n_jpg.rf.8cXil6rdNyOTZzicSosI.jpg,Everyday Casual Dupatta,Everyday Casual
299333844_753571182568863_6259440951280998487_n_jpg.rf.8k746GMDJqtowhO88O0Q.jpg,object,Other
362024060_302199475499757_783678082175520877_n_jpg.rf.8mbz5kdaoBeWcdh8AEzK.jpg,Other,Other
297071802_607052124355745_1639407810716732679_n_jpg.rf.8w3mCHva7xVtkUHtDh00.jpg,Wedding Guest Jacket,Formal
330134374_226097150100759_7709968964790953027_n_jpg.rf.9S9vXNslRkhzSPnEEog6.jpg,Everyday Casual Kurta,Everyday Casual
323814607_900321054733381_5360050485665817019_n_jpg.rf.8vNWeIuxW1o2yx7XqCDt.jpg,Semi-Formal Trousers,Semi Formal
296056547_5129034877209346_4863959752327398727_n_jpg.rf.8qbhADMmXNV489RDmome.jpg,Everyday Casual Dupatta,Everyday Casual
324915756_614237674041389_3874710984859773673_n_jpg.rf.8XmkqCN2kZvFTk7KvtlM.jpg,Semi-Formal Kurta,Semi Formal
335940316_514333774003049_1750556683036671440_n_jpg.rf.9YtmjC3zz0QTigLCVjhQ.jpg,Everyday Casual Kurta,Everyday Casual
365399772_269319395840147_5553535788167443258_n_jpg.rf.9XUQTViOTMwg6jkaZeSw.jpg,Other,Other
330780441_496540625986513_3560892687414468312_n_jpg.rf.9VSptD82473e846LGNNY.jpg,Everyday Casual Kurta,Everyday Casual
350571803_914613593127907_4189332944582172214_n_jpg.rf.9mtbJXWVbXk2ofDe7gw9.jpg,Everyday Casual Kurta,Everyday Casual
309499825_431187192450491_2355790085725583534_n_jpg.rf.9Tm65D6DoTK1KmQ6FNHU.jpg,Other,Other
362269103_294081733135522_628538367108594052_n_jpg.rf.AGkc2iWK5TGwqLcWWPuF.jpg,Other,Other
329389655_765112835131052_7715455006902427022_n_jpg.rf.AMk0CaAznZ4Al9tMQ9da.jpg,Everyday Casual Dupatta,Everyday Casual
333908177_677424960740097_6473804149659989491_n_jpg.rf.AEjjdK2tYBSFl605aKoM.jpg,Everyday Casual Kurta,Everyday Casual
297385481_8141535625857298_9066886601935338848_n_jpg.rf.AZJ4OjiInDWCm54uM6cj.jpg,Everyday Casual Kurta,Everyday Casual
359753606_677595324394168_3195420608412195959_n_jpg.rf.ApyA5ZvzzFtCrhjfXwd9.jpg,Everyday Casual Kurta,Everyday Casual
366344563_842097070609889_8089478175284541132_n_jpg.rf.B2srZdOXWUemBkB9HOuR.jpg,Everyday Casual Kurta,Everyday Casual
316216430_153176777448387_929944682350302679_n_jpg.rf.AtQj4svEGC9fzSqKy0p1.jpg,Other,Other
353074138_2273371882872201_7572095417150990827_n_jpg.rf.AFzuUDzzdQqnQ223TyJ7.jpg,Everyday Casual Dupatta,Everyday Casual
309700861_464689845615928_2286663876557074317_n_jpg.rf.B6DiWdSJAals8SxCcPdu.jpg,Other,Other
295122511_726336461805238_9186326291165399036_n_webp.rf.BesFCtHFcwLCKypKD3LF.webp,Other,Other
285531291_140617728559894_125410646095410287_n_jpg.rf.BXklbCOiMptYHjnYkg76.jpg,Other,Other
336016857_1640734219704543_7905408629708835518_n_jpg.rf.BpiTdICzMxK7TTGcaocq.jpg,Semi-Formal Trousers,Semi Formal
350487046_599060395351682_9160395247498644291_n_jpg.rf.BxVqvtv6gUYNSj4UAYRZ.jpg,Everyday Casual Kurta,Everyday Casual
335765880_1190258171855740_6552393809862554405_n_jpg.rf.BzA5r1lwYAxSTAvjSa76.jpg,Semi-Formal Kurta,Semi Formal
380882671_719006756932751_5045835545702199847_n_jpg.rf.BxutZMtQbLQ4Hobg6ZBI.jpg,Everyday Casual Straight Pant,Everyday Casual
350248516_2772999772841052_7993721111175984285_n_jpg.rf.0F1SGhXug0T8EzIcQPQH.jpg,Everyday Casual Kurta,Everyday Casual
370113458_867804478039148_3750204765397145348_n_jpg.rf.0S2MAPKLzAwOO0tJq1Yw.jpg,Everyday Casual Kurta,Everyday Casual
295659667_971657530899011_6465951773348418012_n_jpg.rf.0GwmaMJ625ieEq5wGP5N.jpg,Everyday Casual Kurta,Everyday Casual
352770012_923530082236755_1657207226836548901_n_jpg.rf.006rTGk3Ye5yca0HjAWC.jpg,Everyday Casual Kurta,Everyday Casual
348878574_793093259123151_7258928981976784786_n_jpg.rf.0Yz6Dag92zmgKYyxRgko.jpg,Everyday Casual Kurta,Everyday Casual
391270376_226954363477483_9021815773739773447_n_jpg.rf.13XoDhHCCkfNifszpzyI.jpg,Everyday Casual Kurta,Everyday Casual
332555695_2081661402043015_4457272503759888553_n_jpg.rf.0mLw6UGKNJpZwk35eTeX.jpg,Everyday Casual Frock,Everyday Casual
316025432_1135300927102664_5477112332225489757_n_jpg.rf.0hAZaqdVGErqe7Gq6pKy.jpg,Everyday Casual Kurta,Everyday Casual
310991285_950057575980901_6819510692463133085_n_jpg.rf.1xKvGITsNBvRByoZlUXM.jpg,Other,Other
365896261_602308628685870_848426169372658128_n_jpg.rf.1aXn52Ej83ubOwxWiG9x.jpg,Everyday Casual Kurta,Everyday Casual
354041631_1337249503577344_154390164367579211_n_jpg.rf.1nhhl9jCEAHvnMcyNfpL.jpg,Everyday Casual Trousers,Everyday Casual
327529494_1778662709171654_3550538993197474688_n_jpg.rf.1I6vtDcDol8TqDJrSAlO.jpg,Other,Other
361101346_825900808896182_1253257150179071327_n_jpg.rf.24TDqyXyoEWmUWqrtkgq.jpg,Everyday Casual Kurta,Everyday Casual
349463445_719575240169381_6439304556219662512_n_jpg.rf.2UIW31FxCix2lasUaDNT.jpg,Everyday Casual Dupatta,Everyday Casual
355495669_647090680784624_8064572295055924671_n_jpg.rf.2c30opSLZC6uYkaIJetS.jpg,Other,Other
288845768_1473145356448480_7921060297806408027_n_jpg.rf.2iBvd827SALQOOzL9xgt.jpg,Everyday Casual Kurta,Everyday Casual
328519477_3147890665508514_1848605954195050953_n_jpg.rf.2Yn1aBcIvbaMJbwpw1WQ.jpg,Everyday Casual Kurta,Everyday Casual
299862674_821577059250948_2654566232883741431_n_webp.rf.2ikr5nP0UtwFmhMGyt9I.webp,Everyday Casual Kurta,Everyday Casual
373621292_849175553235374_2421220330286693381_n_jpg.rf.2qVtbPJmd2AsxSAJaeXT.jpg,Everyday Casual Kurta,Everyday Casual
336962639_906338880697411_889380059416439167_n_jpg.rf.2BeZTtO3h6pE8IbdH9Yv.jpg,Other,Other
387784277_732458208920939_3571746544388506065_n_jpg.rf.FQd7PouKKcQS0tQ7pgMf.jpg,Everyday Casual Kurta,Everyday Casual
298369429_793291615154412_6809769180837061328_n_jpg.rf.FqZKD9aHqv5O8JRmbosg.jpg,Everyday Casual Kurta,Everyday Casual
347399532_132875003137645_3098110185536363094_n_jpg.rf.FnLBd9v5bfGqKWCglbL9.jpg,Semi-Formal Kurta,Semi Formal
294276269_1112070742719386_8008033854047357836_n_jpg.rf.G4tQjfvv82RlZJAbDOsg.jpg,Everyday Casual Frock,Everyday Casual
301604054_3183218255229295_8888657213811798812_n_jpg.rf.FxS3Lrzs4sI84qeUBbgV.jpg,Everyday Casual Kurta,Everyday Casual
311907040_668688724654759_7252817426059982170_n_jpg.rf.FwZBcvTeXYLZC1orfPaI.jpg,Other,Other
362997367_294746029735759_9107420483877475738_n_jpg.rf.GCCnRtqqYaOeeFPED7XV.jpg,Other,Other
307441456_174340071837487_2826301055463518248_n_jpg.rf.GOqteROUwBsDHAXRF2Pi.jpg,Other,Other
368053682_18381502585000463_219066484896843883_n_jpg.rf.GBuVcpSOfcw7HpaY8lqV.jpg,Everyday Casual Kurta,Everyday Casual
361554786_212562381373847_4642053565847069241_n_jpg.rf.GbhaoSsJolanP6US6Fq0.jpg,Other,Other
353966029_1178722619463153_5569239802445008111_n_jpg.rf.GaJfB2sjM9ydtFkOm0r2.jpg,Everyday Casual Kurta,Everyday Casual
347445895_1209203456402075_2220475032054085591_n_jpg.rf.GPdzGSRnLL9toHJ8svCn.jpg,Other,Other
355667969_646078200885872_7587067575888494955_n_jpg.rf.GyNPykm8PPs8e12N2lba.jpg,Everyday Casual Kurta,Everyday Casual
316520491_667408371607519_5635427937506077335_n_jpg.rf.H4EbfmWdbadXvEJtIB2L.jpg,Semi-Formal Dupatta,Semi Formal
285062203_521056723135249_331875491223545003_n_jpg.rf.GuSSl4PqVeyLzf85ovv2.jpg,Everyday Casual Straight Pant,Everyday Casual
299155628_1230558187708229_4019178709280348600_n_jpg.rf.H4kpDI0NOYDR18yf9BWt.jpg,object,Other
363852725_822420279416123_8780101153094482020_n_jpg.rf.H7YZxyQZDfO1JjB28qSU.jpg,Other,Other
333637545_3421539368093854_869561659869808911_n_jpg.rf.GxnDuFLuSDyRgsnR9fUT.jpg,Everyday Casual Kurta,Everyday Casual
332387164_571755718248643_486663725387100786_n_jpg.rf.H5zX8QKFOnh15gjKB3Ci.jpg,Everyday Casual Kurta,Everyday Casual
333052845_180900144646097_2004149902589178949_n_jpg.rf.HBZpxqZ6FQemDsenCyQJ.jpg,Everyday Casual Kurta,Everyday Casual
284983517_1019133958731213_1521179209082471952_n_jpg.rf.Hgvw4BhUkdMdvE9jgzQP.jpg,Other,Other
367412388_18380891104000463_7015095821024902538_n_jpg.rf.HFpX1ijH27QeftIQNVWI.jpg,Everyday Casual Kurta,Everyday Casual
367088754_305312565345772_4460736509984379299_n_jpg.rf.HavRU9PlJ7qmmtP5QrS3.jpg,Other,Other
293947416_553737739786548_6015398880207407888_n_jpg.rf.HcdNTM3T9ukFKIJzlpqt.jpg,Everyday Casual Kurta,Everyday Casual
316706099_1789387308094340_4228349626318755733_n_webp.rf.IDaldFE0CJdCJeNd9FkE.webp,Everyday Casual Kurta,Everyday Casual
313992795_450450533877808_4648175924536420355_n_jpg.rf.IPJq5xJBUd2xBF1YFwtW.jpg,Other,Other
352180947_2034235526924225_4950983470380245392_n_jpg.rf.Hp8jR9K1AnAAC6ksDTYn.jpg,Everyday Casual Kurta,Everyday Casual
294552037_781277753319805_4468532695104129136_n_jpg.rf.IckeihSf2RoWIhhU8QuH.jpg,Everyday Casual Kurta,Everyday Casual
352588008_1039753853857262_7384606973872614696_n_jpg.rf.Ijiu6IxW1rkTVJFJ1yNN.jpg,Everyday Casual Dupatta,Everyday Casual
313478710_1066331784056000_7479273661736297041_n_jpg.rf.CQs43mO9KtXwwPn0pZFB.jpg,Everyday Casual Kurta,Everyday Casual
361705177_559751752847688_7445003304471285583_n_jpg.rf.IrOmKvVuQOa5O4NHnEMV.jpg,Other,Other
313073387_656135316171200_1119695851243244929_n_jpg.rf.CDorLzMIx6TEBoKI1uWY.jpg,Other,Other
332734805_1678240345941925_4348188012377400326_n_jpg.rf.CiBC7R5ynw9n825aWPqK.jpg,Other,Other
137316867_1333035470422881_8161779538168634784_n_jpg.rf.CXAa5G5IR7DxYo2lBLaD.jpg,Bridal Dupatta,Formal
288343559_1164811820751674_1959214829962214183_n_jpg.rf.CpIMJqnX4rR45YxdE5HL.jpg,Other,Other
325581230_1483066405548505_8110832136555967234_n_jpg.rf.Ck945oVdhplJnh3DLIeT.jpg,Semi-Formal Kurta,Semi Formal
356014845_823178785534356_5535745719337622147_n_jpg.rf.Czca3KzmdEHSBGrqnUpg.jpg,Semi-Formal Kurta,Semi Formal
332078778_1208633343103808_4208427250207855590_n_jpg.rf.DaAL5plGmUmz0Vnbeo25.jpg,Everyday Casual Kurta,Everyday Casual
308032634_754293422302735_6185497450938714983_n_jpg.rf.D8boDPUpnuO3mSVqM3D3.jpg,Other,Other
305238673_597276621945517_5993755833287585402_n_jpg.rf.CymCyWkLLpdy2rY7HiT1.jpg,Other,Other
352257359_314076514594809_5083853692242078446_n_jpg.rf.Dd7c3VIho2CMS948eOo1.jpg,Everyday Casual Kurta,Everyday Casual
358605415_822105592609037_1092089507758070261_n_jpg.rf.Di0uvc3vnAJ9AD9hjVHK.jpg,Other,Other
333781348_1360156134797610_7370813148928251067_n_jpg.rf.DmXUQY6QCXFpUGzFLfwO.jpg,Semi-Formal Maxi,Semi Formal
385921973_18267262651093875_6215192697134475218_n_jpg.rf.DiCF4oEuk06GJrq8uoOY.jpg,Wedding Guest Kurta,Formal
384044651_722078323087025_5052080679331457692_n_jpg.rf.Dh0l2EyjCXbIpKLiCfH8.jpg,Other,Other
374580847_715246397308787_836444197239833779_n_jpg.rf.Dok6uQbIhNl3hpNZmjKu.jpg,Other,Other
386299167_181220525016622_6477785359814085324_n_jpg.rf.DsA6bB9PwTmUCmlZw1Si.jpg,Wedding Guest Kurta,Formal
387268131_1291367638249588_4934096288787839412_n_jpg.rf.DwTUQfmS93hjpmbcUXHj.jpg,Everyday Casual Kurta,Everyday Casual
284266890_962141794474685_996490038044713081_n_jpg.rf.EJsKew2MJG1R0TS5NUPL.jpg,Wedding Guest Maxi,Formal
279680008_973447989820657_2809069168175225087_n_jpg.rf.DshD9Y5CuOKeD2PgbBIT.jpg,Wedding Guest Kurta,Formal
383382441_1917977168596173_736343862922042570_n_jpg.rf.ERjLxRsHxwmGJVCuCepT.jpg,Semi-Formal Jacket,Semi Formal
298395529_1200052377450506_7335621867594499567_n_webp.rf.ESjac6zo5NfEvMvDWiry.webp,Everyday Casual Kurta,Everyday Casual
272122511_896252824376095_6582938147846811523_n_jpg.rf.EOERSWB5smKtJxSvEGzW.jpg,Wedding Guest Kurta,Formal
370265165_18301551565184038_4811954128472520703_n_jpg.rf.EYAmCYnjcuVAnDYd3GN2.jpg,Other,Other
307994555_756454148752660_5701000007690303114_n_webp.rf.EYEWp99vQYXGgIq3pX3P.webp,Everyday Casual Kurta,Everyday Casual
330192937_779312540483055_2410695633781396012_n_jpg.rf.Eyyj4E5AipiWmaSNFXY5.jpg,Everyday Casual Dupatta,Everyday Casual
319892740_661918332337571_3834194928582741271_n_jpg.rf.ErPq4aKaPTv95kMaCCxf.jpg,Everyday Casual Kurta,Everyday Casual
332996637_736223081216845_2713715689597305558_n_jpg.rf.Ea2KztN0fDCduZcRXvaV.jpg,Everyday Casual Kurta,Everyday Casual
315542728_127363886813550_6820076807656601597_n_jpg.rf.FQPeUpgEDLY2OOheZCzp.jpg,Everyday Casual Kurta,Everyday Casual
306596093_192800503162514_1559845888904382406_n_jpg.rf.Ekcxg6z77dze9aNRQg0H.jpg,Everyday Casual Kurta,Everyday Casual
333750552_603433417831343_8841756265141194907_n_jpg.rf.TFbo2lxEpcGSTtmI6Jfa.jpg,Other,Other
387727648_995407111564112_2420839277579393709_n_jpg.rf.TBj48clEiK7fSmPasRGQ.jpg,Everyday Casual Dupatta,Everyday Casual
351467178_902456260821466_4259781470025084494_n_jpg.rf.TRHIqi8G8rYCWopxByOA.jpg,Everyday Casual Dupatta,Everyday Casual
333089364_1161600837888907_6076702920120530924_n_jpg.rf.TdWLJ2kWpdwnbnWRe3nK.jpg,Semi-Formal Kurta,Semi Formal
352232330_195535149696050_8603425942520607164_n_jpg.rf.TcKDT9BjtFKdKFcVpecP.jpg,Other,Other
376636497_1070955203925732_2384891445492878791_n_jpg.rf.TcF2LAwEn1Uqm4SAJWaC.jpg,Everyday Casual Kurta,Everyday Casual
371737604_209957508474680_7448237721640688019_n_jpg.rf.U1MeJbv9JfJ0pHbIHuVO.jpg,Semi-Formal Kurta,Semi Formal
295855432_583252923513782_3447124990157004216_n_webp.rf.U42Ne6oPNfg0WzS06AQo.webp,Other,Other
375309339_627445856202275_861135861403372438_n_jpg.rf.U3sUkUL5QNHn884SHUyY.jpg,Everyday Casual Kurta,Everyday Casual
305276718_1299322334152508_6458338996554236949_n_jpg.rf.UOvcilIKuItR70aqYhdn.jpg,Everyday Casual Kurta,Everyday Casual
308981157_750696622694518_3117713420222013546_n_jpg.rf.UIEsY7idKJuWq0ShMenE.jpg,Other,Other
365490665_252408997721743_7399655429716174971_n_jpg.rf.UQx2CbQ4YObUzgLoEAFB.jpg,Everyday Casual Kurta,Everyday Casual
298977489_1099249254034323_9199448193951097164_n_webp.rf.UbrZpufD4sekax9rEyxx.webp,Everyday Casual Kurta,Everyday Casual
359748317_1633025830518713_8299201647029335683_n_jpg.rf.UersskYEiiRpdZPKeTO9.jpg,Other,Other
349457325_813130756484066_8262419193793945728_n_jpg.rf.Ub4Czj3M8udEdblpWia6.jpg,Everyday Casual Kurta,Everyday Casual
351778592_727489439063159_8952382455156481743_n_jpg.rf.URumaSOno74Xygw1soUw.jpg,Everyday Casual Kurta,Everyday Casual
329031164_985421849109496_6152830478700258082_n_jpg.rf.UwHGaU9Fu1pDED61Zcoy.jpg,Semi-Formal Sari,Semi Formal
358661415_18380453947053839_3002859369016487523_n_jpg.rf.Us26gyE8M6dpLrsrCm0u.jpg,Semi-Formal Kurta,Semi Formal
313042325_636626108046624_6046873435721220649_n_jpg.rf.UuNQ5H4e1wGZWtJuDr9m.jpg,Other,Other
300278086_578574177284201_7542867809947935764_n_webp.rf.VOOHgN0LvFBewDGdSxVl.webp,Everyday Casual Frock,Everyday Casual
315659174_496591462572604_4360519661641821498_n_jpg.rf.V97dyPWxdmq5PSrPDRzn.jpg,Everyday Casual Kurta,Everyday Casual
328858438_603531871350610_8125245732281054606_n_jpg.rf.UxLRaTWbcqDbG1Ltd3mv.jpg,Everyday Casual Kurta,Everyday Casual
374730782_706847118135655_1793631644633441622_n_jpg.rf.VOAYt3x7oGrsh2dYAExA.jpg,Other,Other
335521149_947409929952147_738823904663583981_n_jpg.rf.W0RgzowLdtVednHwJnlI.jpg,Semi-Formal Dupatta,Semi Formal
272087969_2745320022440766_2805934870758975376_n_jpg.rf.Vhbp21tVAkgevzwutY32.jpg,Wedding Guest Kurta,Formal
375587729_627445339535660_5176061358616795513_n_jpg.rf.VoxycHX1ezHIlU2fEGgq.jpg,Everyday Casual Kurta,Everyday Casual
287239362_1321374031604268_7092353054982968820_n_jpg.rf.VvmCQfax5nQw2aXrLBnP.jpg,Wedding Guest Peplum,Formal
355064504_280286774404351_6394004765207982843_n_jpg.rf.WNBlNxHFylX3enM578rg.jpg,Everyday Casual Culottes,Everyday Casual
387678022_1161992301871655_8448594994342422512_n_jpg.rf.qekLzxLrSlqnWrCOjCEw.jpg,Everyday Casual Kurta,Everyday Casual
337848954_160056380309924_1320796689276707453_n_jpg.rf.W5aQuV8yBDxw6cpXyhCW.jpg,Everyday Casual Kurta,Everyday Casual
300607299_174538835077674_6274201009782729590_n_webp.rf.WFoXENyI6LWCVa3ZlGVn.webp,Everyday Casual Kurta,Everyday Casual
327624251_514540083917248_8051533123124001632_n_jpg.rf.qp4MJBXMPDeOsEqz0vpu.jpg,Other,Other
278406053_713247783368066_2474737070662675873_n_jpg.rf.r5Yg5OR8m2ct9UXWZFYw.jpg,Wedding Guest Maxi,Formal
294057866_1077485073172824_5469582270626871590_n_jpg.rf.rL38ERB2ho9WCBndrSeO.jpg,Everyday Casual Kurta,Everyday Casual
336356290_156659880619668_3017642695970996100_n_jpg.rf.r684bRxP23AJdTwsIRul.jpg,Other,Other
369520591_18382466275000463_7933205374530622117_n_jpg.rf.rPeF9dfszKLVW1NztWkt.jpg,Everyday Casual Kurta,Everyday Casual
299652025_431880582230170_3685584354230282857_n_webp.rf.rX7rQPCz6abrwlnezK5H.webp,Everyday Casual Kurta,Everyday Casual
375865180_320876873789341_7674841483458374684_n_jpg.rf.rLL8ltEre9H8hRDEr8Xm.jpg,Other,Other
285111742_462151795714637_6338098289197714035_n_jpg.rf.rZWOItEVOx3O5KUpSdl0.jpg,Wedding Guest Dupatta,Formal
286017034_545490280348037_4336243880082106709_n_jpg.rf.sXEfBDsvTOT2cT1VXTGs.jpg,Other,Other
310196683_414318813991027_2620951561482141725_n_jpg.rf.sAsqLkCjryrso9zTijx2.jpg,Everyday Casual Kurta,Everyday Casual
353631013_1299429184316936_6952431696859409875_n_jpg.rf.ruJdJvkHITxT0OOnT1K6.jpg,Other,Other
295993684_721467425627155_5697451834871786206_n_jpg.rf.stSElwO9Msv4Z8CQYWmK.jpg,Everyday Casual Kurta,Everyday Casual
338819387_768545664661028_8773188396521255452_n_jpg.rf.rf7yI2mP1a4wYNrVapk9.jpg,Everyday Casual Dupatta,Everyday Casual
295309179_108020388590493_7261979957216017765_n_webp.rf.tRqjOjypcX3H05c5V1px.webp,Everyday Casual Kurta,Everyday Casual
391616883_18267760159093875_5661117792576215390_n_jpg.rf.tEateL9X4PdGRiUYDfA1.jpg,Semi-Formal Trousers,Semi Formal
340838243_556894669766411_8842255143233773551_n_jpg.rf.tUOIBBYnZMy7nvArD2t5.jpg,Other,Other
329223565_6228119307207737_3042384351959218479_n_webp.rf.t7oFVyEVh74LYcED1HGO.webp,Everyday Casual Kurta,Everyday Casual
276117216_158780383222832_2028553091012067407_n_jpg.rf.taScO3N5gKkpZqdns8E0.jpg,Wedding Guest Kurta,Formal
306355256_817925586311070_5063596566088592885_n_jpg.rf.thoKdebC3p0UjRKBek00.jpg,Other,Other
285264206_180651417651402_6790963191275192472_n_jpg.rf.tbrO6I25OdrJ2221VVFU.jpg,Everyday Casual Dupatta,Everyday Casual
348575181_680739390759488_8918992962836316020_n_jpg.rf.u58VsHv4bHh92unqxIhV.jpg,Everyday Casual Kurta,Everyday Casual
287939763_173513368384088_9198869720439181433_n_jpg.rf.ttkxFMHEgm7py4y5Stgb.jpg,Other,Other
315236049_842746020305514_3242048076045361977_n_jpg.rf.udtKmpXT0tPh3kYZ6iib.jpg,Everyday Casual Kurta,Everyday Casual
332372474_885618882665603_4243867049166172411_n_jpg.rf.uUqW8gaGaEPzPqcCJfHq.jpg,Everyday Casual Kurta,Everyday Casual
291972231_1257098604826965_1273294561095536920_n_webp.rf.uvPlp6qlaAdgfTXm2IcB.webp,Everyday Casual Kurta,Everyday Casual
332688968_889246199062952_1865080434837034699_n_jpg.rf.v4v5qzkAEPjNNt4JhhYv.jpg,Everyday Casual Kurta,Everyday Casual
298252964_146161107742225_84863824070564581_n_webp.rf.v76bgcDAzoNgripmJPiE.webp,Everyday Casual Kurta,Everyday Casual
332958359_1426536898086592_3472921030469798072_n_jpg.rf.v1DlNRDT7qLl7f0ZWDOc.jpg,Everyday Casual Kurta,Everyday Casual
366948380_18376567429057254_7417454793239881337_n_jpg.rf.b3Gjnx89Y3P46C5bN7pE.jpg,Everyday Casual Kurta,Everyday Casual
331746495_727025219133307_223372924294878769_n_jpg.rf.axvDh9Zq1UN2D7SY0rj5.jpg,Everyday Casual Kurta,Everyday Casual
362258916_293192656557763_1281233083178751268_n_jpg.rf.v5K0INhXnl3HGPxETohE.jpg,Other,Other
349569367_266785049169123_6602678876348845531_n_jpg.rf.bLpdAAEqg0UgXyUOTNNG.jpg,Everyday Casual Dupatta,Everyday Casual
273590099_3065073047088984_8644235797893787058_n_jpg.rf.bLoUAneVAYDUWS22LEfo.jpg,Wedding Guest Kaftan,Formal
317760225_597045195421127_8868615583940138660_n_jpg.rf.b4PFjuQ6ycSYK51h2rat.jpg,Everyday Casual Dupatta,Everyday Casual
362269804_294084149801947_3401375150259007866_n_jpg.rf.bO19c5vH3MSninPUcjzP.jpg,Wedding Guest Kaftan,Formal
334268322_1263288404545029_5246863534419616239_n_jpg.rf.bRp3gSMJBTwL8jnlpfDo.jpg,Other,Other
366948545_1216092389061001_3032159598214028531_n_jpg.rf.bj57fxRYmohI1EC1gWzd.jpg,Other,Other
296034795_776085940059947_1969252811607053797_n_webp.rf.bfPt3fPqvmFpeFFAFgVi.webp,Everyday Casual Dupatta,Everyday Casual
350260453_645595080930342_7430800040259510210_n_jpg.rf.brYIEGHcRKkFGicbczaS.jpg,Everyday Casual Dupatta,Everyday Casual
347285798_667593082074119_3358814041037900629_n_jpg.rf.bvyfwoI805lUwq0S0cq5.jpg,Other,Other
333711863_6235599749867467_5744065451058896850_n_jpg.rf.cYX7GWRfBBnVVO1D6XSn.jpg,Semi-Formal Dupatta,Semi Formal
365458986_826889159167659_146379994729568725_n_jpg.rf.bxel3Cx2RZeAN9TbKok1.jpg,Everyday Casual Kurta,Everyday Casual
313286827_3415678692042169_4550084107686471825_n_jpg.rf.dHU0w5OQfw4yKwRLnRx8.jpg,Everyday Casual Kurta,Everyday Casual
371430424_1263535358376999_1243309511466003888_n_jpg.rf.d5IUmfHtgvKGiRGiFSG2.jpg,Other,Other
340851056_927829931868576_7044254686450477227_n_jpg.rf.cdj2fy14cF0CNxEAy60W.jpg,Other,Other
347429560_3521940161465391_4148698116284831555_n_jpg.rf.deCv68kAag9zaoSqYXiv.jpg,Other,Other
329362888_217241277495904_1708954647869927291_n_jpg.rf.dQVL2BVpUuWEBU7hpPD2.jpg,Everyday Casual Kurta,Everyday Casual
297417033_393159832805513_1197705186102720331_n_webp.rf.dI7sxy08fyLNuyMcjwj6.webp,Other,Other
387697179_1041360467051196_2295865056030783735_n_jpg.rf.e6mLTEjY8MwICvXgvhH8.jpg,Wedding Guest Kurta,Formal
273909605_723761975674421_4736919787871798317_n_jpg.rf.e2ICp5X08WIu37LG2MUF.jpg,Wedding Guest Choli,Formal
361108721_948271256397184_3451947024961294080_n_jpg.rf.drYoQgQUX1FXlRpOBE1K.jpg,Other,Other
353981321_627934335942698_7874719758768164129_n_jpg.rf.eESJ7x2WKJwaPcMNmu6E.jpg,Everyday Casual Kurta,Everyday Casual
380888246_720148053485288_911313261775095154_n_jpg.rf.eHwxWMsCHeRRReZznKOO.jpg,Semi-Formal Kurta,Semi Formal
337562387_2129413177248251_6078656090813948386_n_jpg.rf.edqF4AI8wGdfY5QBm8Fa.jpg,Everyday Casual Kurta,Everyday Casual
326327358_577693973795901_5611147166257889039_n_jpg.rf.f21MJeNzOdnsCf9yPTDn.jpg,Wedding Guest Kurta,Formal
331795484_1192775161394122_8880746409769807574_n_jpg.rf.elh3ln0ps5Xd86xcqZwi.jpg,Everyday Casual Kurta,Everyday Casual
301903047_5471197889592993_6105552034973597722_n_webp.rf.euhkN2ErwuiRO4Wr57PN.webp,Everyday Casual Kurta,Everyday Casual
348496641_620587460132728_2735218080394297746_n_jpg.rf.fjDPOfieCq1Pbjrq9zML.jpg,Everyday Casual Kurta,Everyday Casual
240457623_4194104730686179_2676969947929474208_n_jpg.rf.fAYRCv8DCmuIHKmqloIg.jpg,Wedding Guest Peplum,Formal
387664225_655349813400763_4908855121675539922_n_jpg.rf.lxrWBIvbmcvP3uAa70EP.jpg,Wedding Guest Kurta,Formal
300028109_742514060379284_6119986615230406899_n_webp.rf.m0c69emTM7x7iZhhZEfv.webp,Everyday Casual Dupatta,Everyday Casual
322063437_676791487246165_6280978288145371026_n_jpg.rf.mI1mdP2vc2MslV054xqD.jpg,Other,Other
357062892_18377675944053839_3408030851295381426_n_jpg.rf.mPvxA0fEhyqYJf4ozkJF.jpg,Other,Other
370713713_858284981906188_7419498666730669145_n_jpg.rf.mQArZxPQ6PiTg2BS8lda.jpg,Everyday Casual Kurta,Everyday Casual
363444316_18056508862447477_4961304219385708423_n_jpg.rf.mLgY90rcQf3h3y1ye0uw.jpg,Other,Other
313078657_456771516563535_6485294575797521863_n_jpg.rf.lwz6PGVlEz2zGbL244gW.jpg,Other,Other
376246026_319112493960415_1913639225062035183_n_jpg.rf.mZpYOjDNDw3qI6o0Uq9f.jpg,Other,Other
382258316_3525215691060552_6581851887159997809_n_jpg.rf.maQoch1iyhvYxHe6H7Ki.jpg,Everyday Casual Kurta,Everyday Casual
364063895_1277774039774097_6381572602886911667_n_jpg.rf.mcVcrRFjvEXMQdjnrbIc.jpg,Other,Other
379743048_851167739756170_6111668932560850422_n_jpg.rf.nX3b8uJLqHIFsIPx1gzm.jpg,Semi-Formal Kurta,Semi Formal
385810824_862320232126977_8360972220764183315_n_jpg.rf.nT7rWYZ3bvNhtxf7kKls.jpg,Wedding Guest Kurta,Formal
382516038_1061797081658149_1925347228951202643_n_jpg.rf.oBJazWzOAlsbPyYNo57t.jpg,Wedding Guest Sari,Formal
325965936_1184285125529853_3088395096166885737_n_webp.rf.neJok9u8NXLDCzCnrf8y.webp,Everyday Casual Kurta,Everyday Casual
366812869_839133780906218_8170879994612415428_n_jpg.rf.oFAp6om99MmkIMr3grRs.jpg,Everyday Casual Kurta,Everyday Casual
347386901_1181423029213262_3385622140567905779_n_jpg.rf.oNyWF2vo5xyFXzH2mMM1.jpg,Other,Other
385672364_327780263239823_8383093771816225868_n_jpg.rf.oPCqkMSBmIxgoJK5PtqU.jpg,Wedding Guest Choli,Formal
315498152_151453930931022_6371597676404633831_n_jpg.rf.ottZqUdFg1pOQ2FyqAOH.jpg,Everyday Casual Kurta,Everyday Casual
290328975_564245371883557_2383219253532493235_n_jpg.rf.oSvsqlBnkW9iR9FqMbwt.jpg,Other,Other
310733243_122652417246614_169240305760578303_n_jpg.rf.oWWd7JwK1MXaF7ZnYEdE.jpg,Other,Other
334338997_1975194269493255_5284252803996883700_n_jpg.rf.pRp5ZxOSmVgqMAGUzaCs.jpg,Everyday Casual Kurta,Everyday Casual
345231314_6064075253648332_298044909735296721_n_jpg.rf.pC4wJTyZ1u08iEiDYRNL.jpg,Other,Other
361944898_986842609296887_5964215001734521801_n (1)_jpg.rf.pLCrkkTCpSHSsxTr2BEf.jpg,Other,Other
347638009_5626481167451327_1248942881052107937_n_jpg.rf.pyLpo5gFzeHo4DSUNTyk.jpg,Other,Other
360092290_638019078392134_2912081889741576337_n_jpg.rf.q3lL53BO3rZCqO7dWliU.jpg,Other,Other
354052832_663414509158643_6990477314011120637_n_jpg.rf.q7ir8Z1TNrq5pHRqGPun.jpg,Everyday Casual Kurta,Everyday Casual
285445120_1164782331011733_6561353480989887816_n_jpg.rf.qGXzC3IBj1wy1c72eyF5.jpg,Other,Other
365243203_18378783586000463_7689164873701491253_n_jpg.rf.pyVoqp7JRTnhEtpKMHsW.jpg,Everyday Casual Kurta,Everyday Casual
356406420_658391689660939_1097419974074907255_n_jpg.rf.pUjxufcOSGgUh3LfM9Bh.jpg,Everyday Casual Bell Bottom,Everyday Casual
391728291_18307716001184038_6098258326907675484_n_jpg.rf.qIGbMIVfyXrMsJHQrd4J.jpg,Everyday Casual Frock,Everyday Casual
288267112_5212980985489694_6811221601400401159_n_jpg.rf.q2guhqdc94LNAPHRNein.jpg,Other,Other
369922812_957129338709256_6982673177168541858_n_jpg.rf.po3eKQ2iPrImf1A1FsMV.jpg,Everyday Casual Kurta,Everyday Casual
347262420_667558798744214_7765999717271986567_n_jpg.rf.pwfg8i32ebxruq6oH3La.jpg,Other,Other
354037828_999426184390108_932692175493363030_n_webp.rf.q3tI0m5S9yig6G7nqYhY.webp,Everyday Casual Dupatta,Everyday Casual
284353376_443643317571120_3174858875080991692_n_jpg.rf.qI5fpBu7qsW8SNv3jYTf.jpg,Everyday Casual Kurta,Everyday Casual
314931049_1180202912850257_8107188617314810065_n_jpg.rf.qedH2HifyS5Svl1do4wB.jpg,Everyday Casual Kurta,Everyday Casual
299306679_191893926599554_4254625427498523451_n_jpg.rf.pbr0RWwgshHzN93QBNa1.jpg,Other,Other
374666031_686355526862583_3693859546589965324_n_jpg.rf.qjAJKkWLENFUeHyjcCXI.jpg,Everyday Casual Kurta,Everyday Casual
277086637_1138465190239050_4713614595956414376_n_jpg.rf.qsujFaq9od87H6CLAUqr.jpg,Semi-Formal Dupatta,Semi Formal
270045183_1339594186462603_5083645213732528321_n_jpg.rf.qk5OZHH9PDqc1tPtJUD6.jpg,Bridal Maxi,Formal
353127093_637051154985560_861796244279205735_n_jpg.rf.r6HDU2hZ4F2cu50eHwDV.jpg,Everyday Casual Kurta,Everyday Casual
365497920_2489648291201421_1299417912318266676_n_jpg.rf.rCwpZABEWDKvGxD1sqTv.jpg,Everyday Casual Kurta,Everyday Casual
372898651_848015313351398_2929556253636540711_n_jpg.rf.qw6Kk171uF36W7kJOlxw.jpg,Everyday Casual Kurta,Everyday Casual
384381172_6609338549101777_4422623509365750734_n_jpg.rf.rJQJEDOO0U5ePjcmPLiI.jpg,Everyday Casual Bell Bottom,Everyday Casual
348632903_652702370034353_2065297482291219737_n_jpg.rf.rPwHlUh4xuUW8nBWjabk.jpg,Everyday Casual Kurta,Everyday Casual
371541906_18301387885184038_4235105429994128574_n_jpg.rf.rhlG7TEFSXu17Q3146cF.jpg,Everyday Casual Kurta,Everyday Casual
337490389_750475876532381_3965503171828048157_n_jpg.rf.rxJALxZX0tASmVTHeu5O.jpg,Semi-Formal Kurta,Semi Formal
355402457_653474843486812_2254145824237905237_n_jpg.rf.sZ70CrcwTEZQgSUfvRpv.jpg,Everyday Casual Kurta,Everyday Casual
283235746_341908821384692_6015518493545073621_n_jpg.rf.sNbOkunrgEU1X7fegeEJ.jpg,Everyday Casual Dupatta,Everyday Casual
333067516_1424070381752109_937598231475317411_n_jpg.rf.sSLvYQePvFCNkMaeQT4z.jpg,Other,Other
384733265_329537712923257_7623200418888979465_n_jpg.rf.t3FQz9S6PKaYWul1OEjn.jpg,Wedding Guest Maxi,Formal
337835725_1187394578620400_4369239000465954753_n_jpg.rf.scChbQdAKctdYXVgOGzP.jpg,Everyday Casual Kurta,Everyday Casual
338151579_889366845476520_3608058239838681679_n_jpg.rf.t2n8GOdn706JLkwrm7k9.jpg,Other,Other
306042702_1261426371349029_6777844769069270667_n_webp.rf.sDOqyaMNcRSENCIZjY8F.webp,Everyday Casual Frock,Everyday Casual
313357149_801272200954013_3743692079501047378_n_jpg.rf.tGccXIpq8WsfYt4SUKz2.jpg,Other,Other
370147811_18306811855184038_6983000772824001242_n_jpg.rf.t9LaCnoPTPb94bvB17Iu.jpg,Everyday Casual Kurta,Everyday Casual
316456161_5508995759211527_2214720492058889597_n_jpg.rf.tA9vbL4VlBgqOYdBy18B.jpg,Other,Other
288733694_1309494343207280_4421110661962466995_n_jpg.rf.u7n8YFMyygwKwXYxjs8d.jpg,Other,Other
316462103_971545880468234_1042442457884323952_n_jpg.rf.uYkAG1NpnhNYPgkcocs2.jpg,Other,Other
244073733_1769973659873172_7373346312750683311_n_jpg.rf.uKqqmbzymC0kc641CzjZ.jpg,Wedding Guest Frock,Formal
341139694_765417878503275_8076812273687793450_n_jpg.rf.eZoz7WGhFgGiTMFlTmuu.jpg,Other,Other
333435847_576972434139166_51397124735484003_n_jpg.rf.fJvqQtX9sY1fKlNVEeyd.jpg,Other,Other
295418756_768800024318365_8219587881112769269_n_webp.rf.f0G4aaAbk8dG2xwTo35s.webp,Other,Other
327616202_3588907784713886_8424233876958251599_n_jpg.rf.eiIFS1iXUpOxdy3oQRfK.jpg,Other,Other
369474630_18382042360000463_5703487722441020402_n_jpg.rf.fLwc5EZRIzTURKe75UkL.jpg,Everyday Casual Trousers,Everyday Casual
385367099_1946797705704261_9162855177569626760_n_jpg.rf.fNiqIGoFm0fg8dLr1cId.jpg,Wedding Guest Kurta,Formal
360147101_289927356884293_6583541082870347645_n_jpg.rf.fREQwyrgnt7z1zps5CJw.jpg,Other,Other
387839005_869811647838431_2407278687641130614_n_jpg.rf.fOz9z48jNEPALvDdQXWC.jpg,Everyday Casual Kurta,Everyday Casual
361364271_749860130227132_1016901840195793641_n_jpg.rf.g1cxBi5Z9keODhWT9XR2.jpg,Other,Other
338930589_751785456611987_135452975479033409_n_jpg.rf.gBYegDgNsmvSyBALJpFD.jpg,Everyday Casual Kurta,Everyday Casual
333218021_722429562754461_2709826089635387806_n_jpg.rf.fs0pSgrDbTtJlJzMkAqF.jpg,Everyday Casual Kurta,Everyday Casual
387829523_709128627914162_306401231976747267_n_jpg.rf.gDcmlBdg4y81gSzmJjj6.jpg,Everyday Casual Kurta,Everyday Casual
292300640_316773337241309_4579406943838246644_n_jpg.rf.gACXCJQjlrkTf5YTTist.jpg,Semi-Formal Kurta,Semi Formal
298214914_3165778193750512_300937732347228683_n_webp.rf.gNKHf2vdzrJto0WfBVgi.webp,Other,Other
327175870_898850914783434_9036952155425986462_n_jpg.rf.gjrRtULrqdc8puKCWuz2.jpg,Semi-Formal Kurta,Semi Formal
375662339_3622392324709525_2759955323523579746_n_jpg.rf.gksnmLTR61oyZCmHoZ0c.jpg,Everyday Casual Trousers,Everyday Casual
288900364_1983135595219673_581611335998587840_n_jpg.rf.gq1UTcvX2JZIbQHgF7kQ.jpg,Other,Other
365134614_286446270659680_4293763916531532644_n_jpg.rf.gsSpbF4pQmotTYvXgmr5.jpg,Semi-Formal Kurta,Semi Formal
370521296_845063543646575_367806785180332712_n_jpg.rf.gccDq12JUek2GCL8XpYT.jpg,Everyday Casual Dupatta,Everyday Casual
332937725_707115217625107_5382540483346603422_n_jpg.rf.h4QiKLuRAmGyLsqiN0Lm.jpg,Everyday Casual Kurta,Everyday Casual
339679754_1251926398785722_3454544374564176662_n_jpg.rf.hBVLjqmyP1MKWQfIC1dj.jpg,Everyday Casual Kurta,Everyday Casual
371026940_847043943448535_1291185901070531847_n_jpg.rf.h8CA23St4b8r5Ky7u2eC.jpg,Everyday Casual Kurta,Everyday Casual
335036626_431553512503002_1961749397475440944_n_jpg.rf.hPlOCPEq6LPDuB6c41pA.jpg,Everyday Casual Kurta,Everyday Casual
351446896_198880579776147_7758675358051795083_n_jpg.rf.hhyutRyWPKxPCPxh54XP.jpg,Semi-Formal Kurta,Semi Formal
313298426_101018579475929_5658432201380771545_n_jpg.rf.hythnbC22NWbK5iejajl.jpg,Everyday Casual Kurta,Everyday Casual
386561357_705065451653813_2151305206080641770_n_jpg.rf.hOwlPpRj06cm5mCT378R.jpg,Everyday Casual Kurta,Everyday Casual
298765795_175462224970583_9130207119133266892_n_webp.rf.id8mK4oPSem5qN3NQJcC.webp,Everyday Casual Frock,Everyday Casual
386570823_1365432194050991_6758245835613833654_n_jpg.rf.i1NVvRovkp1A8oFYuJmj.jpg,Everyday Casual Kurta,Everyday Casual
361120613_198585526208763_4370648538609962678_n_jpg.rf.bB9S7FFoUwQih9Sdzcr7.jpg,Other,Other
198512344_4009350385812769_8874344323388086432_n_jpg.rf.iP7MA571LyrARQmt1DD3.jpg,Bridal Dupatta,Formal
354573947_3400269966878235_4955055910115519885_n_jpg.rf.bPda3Ov3cH0PdX7X5LwG.jpg,Everyday Casual Kurta,Everyday Casual
297272385_1259332568215167_4101398651774372627_n_jpg.rf.bQ3Nt8uJRHADb0ca8Tu5.jpg,Everyday Casual Kurta,Everyday Casual
370617334_2019546508397795_3330635289620051431_n_jpg.rf.hZWuBjFGBgeSmYnVUdx9.jpg,Everyday Casual Kurta,Everyday Casual
311213268_509670673998621_8935580972743147696_n_jpg.rf.bjWfdjTnkYI2hXuly8kN.jpg,Other,Other
344800464_1243394339869621_902415323090873_n_jpg.rf.bgkjVt9uKnuMVk0ZTQdy.jpg,Other,Other
347284832_1239771246647078_3290539021192725760_n_jpg.rf.cB2Mu3kvkFC8930XgumY.jpg,Other,Other
311697996_142727781809734_8041724185203151342_n_jpg.rf.bcQwXQkKOV01rlScBcQ7.jpg,Other,Other
347414656_669262858573808_1179741680748149122_n_jpg.rf.cKk9qzoykS0Nrsbr5gCj.jpg,Semi-Formal Kurta,Semi Formal
332230385_723136462649929_687488687986882862_n_jpg.rf.boK93fvZVwKtkjMZg2Bp.jpg,Everyday Casual Dupatta,Everyday Casual
313937083_880929786404303_1081712023994344984_n_jpg.rf.cgMh8zRcEtCcg7i1WSus.jpg,Other,Other
290033141_406583084769827_7703809255101564465_n_jpg.rf.Ad0EpYadC4UhPwKunkLn.jpg,Semi-Formal Kurta,Semi Formal
299556477_112822468202825_5746368827965789050_n_jpg.rf.AQyEZJZmoAImdzADqgTO.jpg,Other,Other
275847809_731889861136569_3950669279016508685_n_jpg.rf.AMRhHlxRVZ2eXAz7WTN8.jpg,Wedding Guest Kurta,Formal
353599560_1300939774157623_9032979614201609901_n_jpg.rf.AnfJdj4bGI1pIXgMXFvB.jpg,Everyday Casual Kurta,Everyday Casual
366421289_271802639050698_8590340682750996482_n_jpg.rf.AoyM6CPVvPXsAlxHQqub.jpg,Everyday Casual Kurta,Everyday Casual
337143689_1654063725027278_7917792627966201222_n_jpg.rf.Avupjsj5OoPi10Mzb3VA.jpg,Everyday Casual Kurta,Everyday Casual
339686581_2355695527925213_5277274186903924273_n_webp.rf.Aqr9suwn5ZIFIF8Joib4.webp,Everyday Casual Kurta,Everyday Casual
347250216_666997395467021_141848821134949262_n_jpg.rf.BHRXwoHamLTz8IycQKHv.jpg,Other,Other
383775753_321545490430702_6919219384163359454_n_jpg.rf.AvEVMjBR1go3CCqw5Ltt.jpg,Semi-Formal Sari,Semi Formal
302416184_369324828746213_4915072267808488558_n_webp.rf.Bme1xEDJAIGzwv3suiw9.webp,Everyday Casual Kurta,Everyday Casual
310407753_625541305822651_682451022517171244_n_jpg.rf.BUycYoDvYccLKtLPko54.jpg,Other,Other
370888631_311341494742879_3909625959779138346_n_jpg.rf.Cajata8guwNrCuFCj0Og.jpg,Other,Other
294959554_5580445998684186_538172060956397062_n_webp.rf.Chh9z9ThV1Iw5VKycg8g.webp,Everyday Casual Kurta,Everyday Casual
354492651_238999145546557_880671787123567434_n_jpg.rf.CzZM44Yrm1045cM352v8.jpg,Everyday Casual Straight Pant,Everyday Casual
364194920_862053535342000_5611378366171812423_n_jpg.rf.CBfLwFxNYO4iRt6ccIB0.jpg,Other,Other
271608846_5089897404356628_3782042048635693744_n_jpg.rf.CnUqsjM4vvtdERlGR94P.jpg,Wedding Guest Choli,Formal
316444235_452945837016056_6958074285346098061_n_jpg.rf.D1c4cMtPBCAhSLC4Zgol.jpg,Other,Other
387692711_7163633886989882_6707030545715448883_n_jpg.rf.D9usCZtL9YJvTHqblAPg.jpg,Wedding Guest Kurta,Formal
338429589_946764336357017_2515876065517582771_n_jpg.rf.DGvV31A6spOKG4oxNaM3.jpg,Everyday Casual Kurta,Everyday Casual
318985320_656662379472894_4578415143336924435_n_jpg.rf.uLeaEkY0FhIXqVanNSn5.jpg,Other,Other
347239117_665232552310172_8698217756043817800_n_jpg.rf.DBrCBj3LDuBV22qjOiIe.jpg,Other,Other
322523441_1093141358049676_8424641832376835359_n_jpg.rf.uLkcTV1a8lKAK1iWKOLW.jpg,Other,Other
363800648_630864188805438_1437342084641796470_n_jpg.rf.umlHlz4E3nIwfShvIfHd.jpg,Other,Other
302685036_843623846797901_3599284163771489634_n_webp.rf.uXzAcZfJEke1kpCOsru7.webp,Other,Other
337679755_1371256097061052_8843484652760668789_n_jpg.rf.uULxhRAmGoikRbOL8ggq.jpg,Semi-Formal Kurta,Semi Formal
344879120_195222430007111_2568363895568162215_n_jpg.rf.uNKiTE4ClKkGFpJpwaIu.jpg,Other,Other
387826049_335906935619668_1637314892783086173_n_jpg.rf.vRGknbTvIqj5eNo58zcn.jpg,Everyday Casual Dupatta,Everyday Casual
347271901_777085694080293_5171560382255096472_n_jpg.rf.vNv8YKtcL4jpfqVw3BhC.jpg,Semi-Formal Kurta,Semi Formal
350363431_1494035951130569_5999775063530548026_n_jpg.rf.uylJn6RzmoFyx0QLWGBd.jpg,Everyday Casual Kurta,Everyday Casual
305239326_654908952640357_9009968223959364674_n_jpg.rf.vSy7zMBFBIoXpq0ysJll.jpg,Everyday Casual Straight Pant,Everyday Casual
296624742_120832764023472_4471995910087875253_n_webp.rf.vRLzlFkTwbMzlApvRXC1.webp,Everyday Casual Kurta,Everyday Casual
347393524_983031386187675_8177235505652383906_n_jpg.rf.vxWwsBYfqU9ULe2jzHdp.jpg,Other,Other
311642631_195898612836549_1801469860733409098_n_jpg.rf.vxXRM6JMzvJX7audmXvs.jpg,Other,Other
284900289_701352601118963_4618987552962581272_n_jpg.rf.wHbqxwEy0cnp9QvD0J69.jpg,Other,Other
317152769_549896340315736_5900719245787003602_n_jpg.rf.wFuqHWM9XuMkmqyy4USY.jpg,Everyday Casual Kurta,Everyday Casual
349223121_6215443581871870_3693362491795505277_n_jpg.rf.wJSzHnThyyjf3cZp9D0H.jpg,Everyday Casual Kurta,Everyday Casual
317059949_1303857610451226_2490275740845952980_n_jpg.rf.vyii7se0Xh7BaoIJ0fOh.jpg,Everyday Casual Dupatta,Everyday Casual
348228578_283653290672434_2725885206272085031_n_jpg.rf.wN430BCJMxrXmnkPsccH.jpg,Other,Other
366711577_304802598730102_4313442880808004014_n_jpg.rf.x0Tk2SDkml04WB4Oum1i.jpg,Other,Other
328252823_575619714474767_1206752122800488722_n_jpg.rf.xBrGCvOlc2mbWlRwvRdD.jpg,Other,Other
331340139_661939859067023_5264235222244528406_n_jpg.rf.wxzg2QJFesDnSEMewbrj.jpg,Semi-Formal Kurta,Semi Formal
362627655_829356758550587_6040592961178856576_n_jpg.rf.xPgHux7qsD7XwMQ6CXbo.jpg,Other,Other
332818581_946829276472416_393365181347839045_n_jpg.rf.wd4gFQd0HVtg94yATq53.jpg,Other,Other
345541536_6105504252858592_1348748424192816835_n_jpg.rf.xeh2eJfBiEwGtiftRr3r.jpg,Other,Other
287939884_174132668328667_3187593057618650275_n_jpg.rf.xcvw0SOtJsIgRrxDU8EP.jpg,Other,Other
301674909_1079801562675487_184875843361263517_n_jpg.rf.y9wOzHfTiayqEfv9Qhni.jpg,Other,Other
371092067_1485373682282439_5132616899330907150_n_jpg.rf.yIrTBUxfWlY1FYQTtW2d.jpg,Everyday Casual Kurta,Everyday Casual
361614834_291837630026599_8040872682165196581_n_jpg.rf.yPt8gfiuoGQt8SSqIqcm.jpg,Other,Other
386397494_6455890594533912_5655384792423406545_n_jpg.rf.y5Mv7SMBBDQxjHhjU6Wv.jpg,Everyday Casual Kurta,Everyday Casual
300411838_800168467654281_4002355620286340155_n_jpg.rf.yhijv5cW4WCpbeYdBWQS.jpg,Other,Other
337444440_224715073430888_9029735644957112401_n_jpg.rf.GDRbmNKK7pLlMRUxcp2z.jpg,Everyday Casual Kurta,Everyday Casual
384196225_18396926236053839_3019387610122748067_n_jpg.rf.GHMcwk9yHLooSbFaWwMX.jpg,Semi-Formal Sari,Semi Formal
292131355_598641754914722_2731787046227573694_n_jpg.rf.GVZqxcqfZ7Kugb37uFso.jpg,Wedding Guest Maxi,Formal
317000114_696969948457220_5352452253224309680_n_jpg.rf.GuyQbwJl3GstCbF9WQ9u.jpg,Other,Other
377227657_616577363728733_959519271013774167_n_jpg.rf.H3HxmRO3ZcJv8tHGtUBh.jpg,Everyday Casual Kurta,Everyday Casual
370115514_334210332455995_8216652249155042940_n_jpg.rf.HByAV5JhOab69OhQxE9F.jpg,Everyday Casual Kurta,Everyday Casual
290448679_1111052522825045_7417880269272639127_n_jpg.rf.G4GpHVxk543MoWIneU9L.jpg,Everyday Casual Trousers,Everyday Casual
347244379_669263001907127_5450436453320709518_n_jpg.rf.Gaj75zRoq7NlXOBCgYpf.jpg,Semi-Formal Kurta,Semi Formal
332220146_723463632770656_2291306049925039284_n_jpg.rf.HUXdkpAvB7e2vyf321GQ.jpg,Everyday Casual Kurta,Everyday Casual
277075902_1679366869091080_5282429937429408546_n_jpg.rf.HWEnDgsa7j4eYvV83HKL.jpg,Wedding Guest Dupatta,Formal
297809147_606409111100688_6917107257795099684_n_webp.rf.HCTI7K3FDecXZVxPHSDy.webp,Everyday Casual Kurta,Everyday Casual
364418390_1035648670766705_7466420140602929862_n_jpg.rf.HenswB3tGtqSPIczAM3V.jpg,Everyday Casual Kurta,Everyday Casual
284126988_704707347414893_6565337250626057537_n_jpg.rf.Hd8tYaYXpoXiy8pTtj7k.jpg,Other,Other
287933873_315590710789198_2534867759420532087_n_jpg.rf.HtX9WlHmHQLrTsJGOPMQ.jpg,Other,Other
290883185_130293449690904_2457892319363635759_n_jpg.rf.Hs6YHP2auAbL1QGz5WHl.jpg,Everyday Casual Kurta,Everyday Casual
366416665_683805269749973_3951445646613226735_n_jpg.rf.I1EkOUFN0TzD9No0dGBN.jpg,Everyday Casual Kurta,Everyday Casual
283890546_532342241712951_1310099839509931593_n_jpg.rf.HyJTpecTrucij5uXPcrd.jpg,Everyday Casual Kurta,Everyday Casual
313986132_470656594919979_2216576356119663704_n_jpg.rf.HujKgckDZaY1HFjCKtzF.jpg,Everyday Casual Kurta,Everyday Casual
341902063_544346954288193_7234681011487232774_n_jpg.rf.HqnSdFzhW6SZVPSvewVO.jpg,Other,Other
306167155_1073507936861184_506526997216185705_n_jpg.rf.IEZ1F8rs3YHq88cAtZcq.jpg,Everyday Casual Kurta,Everyday Casual
348455881_1297786804280626_2842803708560184494_n_jpg.rf.I420awMGBW0VTGDeTEZu.jpg,Semi-Formal Kurta,Semi Formal
338152572_599588078751286_6033189537586359545_n_jpg.rf.IdhSo9XoaGbZW90kSytF.jpg,Everyday Casual Kurta,Everyday Casual
331288650_920924815621929_5078927456758297108_n_jpg.rf.IUDt43PnuJvQKchZWLmm.jpg,Everyday Casual Kurta,Everyday Casual
347557057_669930981840329_7846298210412995879_n_jpg.rf.ITqKg2Z425qza7W5xW0m.jpg,Semi-Formal Kurta,Semi Formal
331310182_918493702618174_4200121735286012642_n_jpg.rf.IoVoBtvD4zlaGr7H1Ab8.jpg,Everyday Casual Kurta,Everyday Casual
337909841_248735504243632_26670664946680340_n_jpg.rf.IqGGjBXQBZ5fBIUv0uRF.jpg,Everyday Casual Kurta,Everyday Casual
364080683_841297240759162_2390074405383061786_n_jpg.rf.IfO9gZTLPyljttp5JCEI.jpg,Other,Other
318861029_468223592058644_5760403214671039661_n_jpg.rf.I3waO1GVU32TYj675kzW.jpg,Everyday Casual Kurta,Everyday Casual
364275767_936308600772655_5243844337163034658_n_jpg.rf.xHsiMY6zGcVvINBGxarn.jpg,Other,Other
368486054_647954557298462_283684337063049059_n_jpg.rf.It9l0tH0m3XotQU8JFey.jpg,Everyday Casual Kurta,Everyday Casual
351106068_931027821517522_1661079983452132677_n_jpg.rf.J4cBUtaLQRdvnOjxbPWJ.jpg,Semi-Formal Kurta,Semi Formal
385843548_1328044057836169_1053893697750839185_n_jpg.rf.xHL67DmVV9s6ZdJW5OCk.jpg,Wedding Guest Gharara,Formal
355816066_621634449930116_2943656306660252334_n_jpg.rf.xRXtqMTpE8Xe5ZKwxbOk.jpg,Other,Other
305668039_465059582207343_5457212225199157243_n_jpg.rf.xPUmt4o3zuG2CjLkrTFX.jpg,Everyday Casual Kurta,Everyday Casual
315327682_918152739161296_4772894109725371561_n_jpg.rf.xXFvNjeXAXYc0WWBGqj2.jpg,Everyday Casual Straight Pant,Everyday Casual
334950056_915968806497569_6923605422954291960_n_jpg.rf.xJnuUDpT4XGbfR3Ik5Wv.jpg,Everyday Casual Kurta,Everyday Casual
352577306_662078552625572_992128907842741670_n_jpg.rf.xcCMj0qtBu7G79xtAKQe.jpg,Everyday Casual Frock,Everyday Casual
373381956_307155375185619_9190488676092144530_n_jpg.rf.xf8HWLARjj0qC0HPDXyS.jpg,Everyday Casual Kurta,Everyday Casual
325175888_1343964106358178_6029803875475527299_n_webp.rf.y7uqkrYEyYMreIdgCTcI.webp,Everyday Casual Kurta,Everyday Casual
332809503_1271026190116158_2701749243739908775_n_jpg.rf.xZ3jyr3RmTax9wkcFhTb.jpg,Everyday Casual Kurta,Everyday Casual
347154898_644227403704943_6427053753202508554_n_jpg.rf.yDUKsnyPhghdgRZDvo0b.jpg,Other,Other
350619018_843693750711139_3502717459381800996_n_jpg.rf.y3BjjSuPLxDUGrsvu6as.jpg,Other,Other
350237574_169267905880295_3510799436191197507_n_jpg.rf.yaSfuN97UQbs2GtV32LS.jpg,Everyday Casual Kurta,Everyday Casual
317481661_5617793248337031_3445061981524028476_n_jpg.rf.yh7ZiqCQp8jKRFCRhT6u.jpg,Other,Other
361561304_825902605562669_4578045920342536726_n_jpg.rf.yPRsYyqSPvEdaHeVa9Iv.jpg,Semi-Formal Kurta,Semi Formal
366432216_1027359608437788_5491012799016543490_n_jpg.rf.yEDrnoplnOQ9nPnloYXY.jpg,Everyday Casual Dupatta,Everyday Casual
354024451_800060378407307_8287792156420506630_n_jpg.rf.yr1w5BvZvYt3YRMVPQmP.jpg,Semi-Formal Kurta,Semi Formal
338955812_962159208538178_7251645006390786208_n_jpg.rf.yv1ekFxNDjIu55Pwq39I.jpg,Everyday Casual Dupatta,Everyday Casual
306893610_1048902189154342_2187110250416647028_n_webp.rf.yr7PUCuK63fNqTvQITjC.webp,Everyday Casual Kurta,Everyday Casual
340295275_878382829890549_9140007189705398098_n_jpg.rf.yvXMkqZWj0vL8I8vvn4j.jpg,Semi-Formal Frock,Semi Formal
353364138_793068862208271_5102417079478402186_n_jpg.rf.zFEhk0mFIdxrVY0wDVdl.jpg,Other,Other
297946049_171327615456274_4501589772082474991_n_webp.rf.zMVgNDBsVJBDa5sndsV6.webp,Other,Other
347578561_3374822202758678_5788981692577417077_n_jpg.rf.zRf1AhtDUPD3soG3YLtW.jpg,Other,Other
337307900_150198491007783_2242383859557788098_n_jpg.rf.zRiUxFiuKkSjkoaK121v.jpg,Everyday Casual Kurta,Everyday Casual
349469978_643363290543537_3436559666247138664_n_jpg.rf.zOVBmRGbEwrKWuJIkOLM.jpg,Everyday Casual Kurta,Everyday Casual
286837433_1637591533263465_4174339957737141567_n_jpg.rf.zp65n15oBbdhfk9FM1is.jpg,Other,Other
337536979_230971912747478_4422254429493489499_n_jpg.rf.zSz44V5kkG5lzIjvnlq6.jpg,Wedding Guest Jacket,Formal
311124176_197817835963614_708632337413124037_n_jpg.rf.zUpJX9d3uX1t6uqrVLiY.jpg,Other,Other
288737976_5271016869641419_6978747571287658131_n_jpg.rf.zavD1MBj7WukEv7a91hB.jpg,Everyday Casual Kurta,Everyday Casual
338285155_1240825963490874_8582988319165609157_n_jpg.rf.pj7JRruQNOvO9UVAClsP.jpg,Semi-Formal Kurta,Semi Formal
327494635_1138449300161404_7778773951040004461_n_jpg.rf.plwB0rZ6Yb4IYM19tFHD.jpg,Everyday Casual Dupatta,Everyday Casual
323807339_1544774189339700_4075602729878135139_n_jpg.rf.zrPxhGMbGUXRf2klhbBd.jpg,Everyday Casual Frock,Everyday Casual
367348304_955387622210822_4335718401167703496_n_jpg.rf.pkyqH8jNXoN8kukUQbeP.jpg,Everyday Casual Kurta,Everyday Casual
347207312_2405122733000145_7163877921303021232_n_jpg.rf.pmo6SR12EuSmvteQvX8l.jpg,Other,Other
387664445_191541373966907_3995605429558615264_n_jpg.rf.pvuoXRM1yDBL3EzlCG5g.jpg,Semi-Formal Gharara,Semi Formal
297036287_149918810973863_3451673601548242734_n_jpg.rf.pnj3aP7QJ9H0BTYt8QB5.jpg,Other,Other
347403410_818007009685562_4343552803942204793_n_jpg.rf.qOEdLLhLDHbNftnBsQH2.jpg,Other,Other
364257847_3568043983470516_5222040663838298674_n_jpg.rf.pxwZWCOy4nMgKkSsAGdU.jpg,Other,Other
365119132_1073459160702460_4059247334073816898_n_jpg.rf.qS6bushVl5ZLbVGaI3i3.jpg,Everyday Casual Dupatta,Everyday Casual
375871285_3477753845772791_1103139853353517702_n_jpg.rf.rDhvQkX8wcSibVQoiZXd.jpg,Everyday Casual Dupatta,Everyday Casual
370113492_18301098148184038_8770209467448152345_n_jpg.rf.qRHRhI5lmFfEcUIrABgn.jpg,Semi-Formal Kurta,Semi Formal
328510478_911729630052396_731934516880190231_n_jpg.rf.r2ykPSgdtiyK47Ii8AEI.jpg,Everyday Casual Kurta,Everyday Casual
333595848_881489953118869_2939812843842215869_n_jpg.rf.rHRM3qZ57rKlfOkl59Mm.jpg,Semi-Formal Kurta,Semi Formal
335932311_877821959975139_7938950105707674847_n_jpg.rf.s7vqAibp2FVA6cp5mdyb.jpg,Everyday Casual Kurta,Everyday Casual
337448186_226153259923900_5476025772827967582_n_jpg.rf.rNN2RHA0uISXeohTUosD.jpg,Everyday Casual Frock,Everyday Casual
387735366_869813024504960_9221444245112591953_n_jpg.rf.s8mGbTFUgLcFYAT8p4os.jpg,Everyday Casual Kurta,Everyday Casual
296244821_148957521121553_7001064340906401985_n_jpg.rf.qZAGWYsqxewaQRFzhZnx.jpg,Wedding Guest Kurti,Formal
295362623_560371042337687_1379988633759669703_n_jpg.rf.sQXaiXlBX4CN2mbyEcYK.jpg,Everyday Casual Kurta,Everyday Casual
280338004_168747312239793_7288829482585895041_n_jpg.rf.raSbfVi5f5suIxhU78vX.jpg,Wedding Guest Choli,Formal
301083157_465092602190599_6068583158626718807_n_jpg.rf.sfPRiLDOBO1NbPxBR5Nd.jpg,Other,Other
347073683_890851142011320_5963402556347884081_n_jpg.rf.sVGIyqMloKadGoJkDHUA.jpg,Other,Other
316001473_642634377328764_1415333511436121_n_jpg.rf.sCzqTXCndHM65oTfHX6L.jpg,Semi-Formal Kurta,Semi Formal
355356298_646074770886215_7556760899954599476_n_jpg.rf.srYOxD4Hiho6A95GJ6DC.jpg,Everyday Casual Kurta,Everyday Casual
350401813_213620034849732_5023373340576039148_n_jpg.rf.sZJZKfNFDqWgywkfTg3D.jpg,Everyday Casual Kurta,Everyday Casual
374818290_608536718026311_4033946884196395751_n_jpg.rf.t2i5qbeTg7YTrexp7Wks.jpg,Semi-Formal Kurta,Semi Formal
277951582_706358460715075_6925836962440019908_n_jpg.rf.suEk28feGpvMZAZoeHsH.jpg,Wedding Guest Maxi,Formal
311995365_642121607495034_4027106561102864313_n_jpg.rf.sirjwqgF6387k0zDHMqG.jpg,Other,Other
387698287_2052253768449591_8072275888870962328_n_jpg.rf.Qr4TZtZALbwEbmTYip2r.jpg,Everyday Casual Kurta,Everyday Casual
367688533_995909708379680_2523765130696237707_n_jpg.rf.t1t8rEZ8mqt0fF5fhoTW.jpg,Everyday Casual Kurta,Everyday Casual
350457781_1279537112975681_2248885265099797479_n_jpg.rf.tJCa4x5bm6yKZObgx5uO.jpg,Everyday Casual Kurta,Everyday Casual
285014046_131933752832196_5400719887204443512_n_jpg.rf.QzVWU51whQWgBV7h2DLG.jpg,Other,Other
334048330_6107934629266011_6914040489365319345_n_jpg.rf.RRnB6Y2AJ64SyxjXmXlB.jpg,Other,Other
372846448_680581767426551_3972917670673473404_n_jpg.rf.tFWAVkv38LCU9EqcoSqf.jpg,Other,Other
315420526_833046044695917_7110434001439428274_n_jpg.rf.QuW0qv2uiv96JY35qsJS.jpg,Everyday Casual Kurta,Everyday Casual
350482967_1193712791314527_8945799427682325112_n_jpg.rf.RvDGBtKrcjnkwUuEh483.jpg,Everyday Casual Kurta,Everyday Casual
314598453_793534101740071_3007998538905903367_n_jpg.rf.RtIKtJAbNPlVqWRqGtBg.jpg,Everyday Casual Kurta,Everyday Casual
338265187_599448685403072_8847099801321826583_n_jpg.rf.RVVMuADHcvjkcf7YzVCA.jpg,Everyday Casual Kurta,Everyday Casual
287925066_581319090227451_2247525435836248822_n_jpg.rf.RoxihJ8FTrOnDGUY60yj.jpg,Everyday Casual Kurta,Everyday Casual
294918599_177625934648273_8545365969237598129_n_webp.rf.SMnnziKtEwBYQzi59vkh.webp,Everyday Casual Kurta,Everyday Casual
311259438_476518354509660_6368314902213818590_n_jpg.rf.Sb5fBQwsQzHu9JeMO22X.jpg,Other,Other
383161150_521155886884484_3655834192212120107_n_jpg.rf.SjCyDQ8fXApwxIQTEnZY.jpg,Wedding Guest Maxi,Formal
344640369_1967293813624635_4911189626945664206_n_jpg.rf.TDVDlDKtooy2vGHDmNnx.jpg,Other,Other
365486721_997524751286390_7303709289901878362_n_jpg.rf.SegEmSIeReiITalrMNA5.jpg,Everyday Casual Kurta,Everyday Casual
387826638_869144614571801_6312784574475283677_n_jpg.rf.TGKIFuXVq4QCP7kCCfnw.jpg,Everyday Casual Kurta,Everyday Casual
286931764_366664508685498_7949511434559863871_n_jpg.rf.RwYR4y18GnagfkcLZkBh.jpg,Other,Other
363384436_295338116343217_4952058680912621319_n_jpg.rf.SmMhje2hXvJ3nKrahCz7.jpg,Other,Other
338390109_555211793386334_5331813762000739277_n_jpg.rf.TIwu4jEEcsr7mzE9cGpq.jpg,Everyday Casual Kurta,Everyday Casual
363285150_1018195299350827_3445940391987139714_n_jpg.rf.TQNhZjhc1egZJLKfmfEf.jpg,Other,Other
320397401_129084069796992_5622042198478742155_n_jpg.rf.TRwhG9STMKCTE801MmcH.jpg,Everyday Casual Kurta,Everyday Casual
285387007_1055867165025893_4756238535899788283_n_jpg.rf.TaOTquk4xcxIv1bob9Rc.jpg,Everyday Casual Kurta,Everyday Casual
337525198_1668445223611100_2676015759196183711_n_jpg.rf.TSI2XaouIkUsmwHlWB0c.jpg,Everyday Casual Kurta,Everyday Casual
310062466_131603466301828_601972596318938739_n_webp.rf.TwMJbf24deIz7aZbu9cn.webp,Other,Other
344589616_1515247985950988_3977723837214384888_n_jpg.rf.TQMj1bLLbTSe2aH4Fdz9.jpg,Other,Other
293607776_718351666125160_7231000553048471938_n_webp.rf.U0Wibt3qJCiA8QizCKFj.webp,Other,Other
310806696_614346790166269_7955487822310588026_n_jpg.rf.TKTbl8yuPpnESJgHUWs7.jpg,Other,Other
332825787_213990791189652_2300676592774098356_n_jpg.rf.UY7EEwFPXksUPiPfyHlv.jpg,Everyday Casual Kurta,Everyday Casual
362974435_244025028531960_493310245014522415_n_jpg.rf.UL4IEaDS8hhQF1eNPIVP.jpg,Other,Other
365837449_1384301222518112_8607197289495879629_n_jpg.rf.Tq3bJXd8N15V1e8oZcgf.jpg,Other,Other
333763772_894245968461463_1631461847402053955_n_jpg.rf.haI0Y7D7aMAdJj8Pjy9D.jpg,Everyday Casual Kurta,Everyday Casual
348480015_157928847096109_3468224871472360717_n_jpg.rf.hXoanJxV36dG1Z2VuEAM.jpg,Everyday Casual Kurta,Everyday Casual
322040784_707843844238756_6282496497254258416_n_jpg.rf.UZYkRFymOH39JUanNQDl.jpg,Everyday Casual Kurta,Everyday Casual
366167130_1914422598928399_6935131481442282871_n_jpg.rf.hrYQctEkrKFYVxrTUMTG.jpg,Everyday Casual Kurta,Everyday Casual
361221456_1265855144136011_4250684681733701867_n_webp.rf.hgv888rMV4wA5KS4RowA.webp,Everyday Casual Kurta,Everyday Casual
385778578_18267091819093875_4830720059100266400_n_jpg.rf.UJvxmhnAog1eXv4u3WYy.jpg,Wedding Guest Kurta,Formal
267733175_4642981989114552_3100408306743110587_n_jpg.rf.i0wHSGdlay3JSLx8d9Q4.jpg,Wedding Guest Choli,Formal
365458984_811918137058213_2852665286400053955_n_jpg.rf.iLfokau9FwbJ42SbdxMY.jpg,Everyday Casual Kurta,Everyday Casual
374531493_1186752965609797_5923330059345087602_n_jpg.rf.ipBUhZdS0XHwbPXzJ4Vt.jpg,Other,Other
288443384_531683281766709_7806766032017576636_n_jpg.rf.iUmZJp2ZBlvKxRI4qFMe.jpg,Everyday Casual Dupatta,Everyday Casual
370239067_1019125302617220_719528665627971907_n_jpg.rf.j2dOuJkfyjkD1dfDuNmz.jpg,Other,Other
337796463_783260783216661_6580716182201192336_n_jpg.rf.iqWZ60JIILHunWZDoShH.jpg,Everyday Casual Kurta,Everyday Casual
331223789_6191798417530772_4451659779335893587_n_jpg.rf.ik1jhnnZfiHrB70Zuqw3.jpg,Everyday Casual Dupatta,Everyday Casual
295909019_3003886886500465_4902030075052627566_n_webp.rf.jVasK4ynTHlgZlOBKHrK.webp,Other,Other
312055827_667343994718906_4442375569907830096_n_webp.rf.j6vpL7gavgUoElnQY40e.webp,Everyday Casual Kurta,Everyday Casual
284924858_334097802135400_4949202523615902561_n_jpg.rf.j2nfBKhFI81WNt4uUmFa.jpg,Other,Other
210115178_145190221042578_388129336433493070_n_jpg.rf.itK2KpbJQsIoc69tor6X.jpg,Bridal Dupatta,Formal
289515582_346452297673108_2248140530711855127_n_jpg.rf.jVeKaowPbLPMkIsY5yGS.jpg,Everyday Casual Kurta,Everyday Casual
289174882_3279803885582884_236189874248541354_n_jpg.rf.jkcRKAsCc88qu3cM8YZ2.jpg,Other,Other
288528548_1198999207534554_6290555360589664434_n_jpg.rf.jevwWa3ma5F8bZfcvciM.jpg,Other,Other
348214638_177469308290756_8256568452973618277_n_jpg.rf.jbbw8KySHi1Jdib5FuxT.jpg,Other,Other
334302213_954988692184049_2273568751889392613_n_jpg.rf.jZZZt5rAkmQ7Vd1EGHDM.jpg,Everyday Casual Kurta,Everyday Casual
366177215_6518731654877924_1165837094146147293_n_jpg.rf.jpT6zttv51hzxLRsJrYo.jpg,Everyday Casual Kurta,Everyday Casual
373568926_706091228211244_6062931999033467099_n_jpg.rf.k0wbQPppqMnJiibJtLQ8.jpg,Other,Other
353443883_552304400446985_8724812067515765169_n_jpg.rf.k7TPQqvKvaMQfKFe77NE.jpg,Everyday Casual Kurta,Everyday Casual
292160002_741564383716270_5517096659244360292_n_jpg.rf.kDdX7a0KIG1KurUXFKsq.jpg,Everyday Casual Kurta,Everyday Casual
374646309_974521920510484_5202141339254486070_n_jpg.rf.kCerdDlAzEliIeQOxIWL.jpg,Everyday Casual Kurta,Everyday Casual
343253431_780687910429606_3691924812058141267_n_jpg.rf.kI6Z6FqmW45zfBH5neY2.jpg,Other,Other
382979786_722517773248316_5671158016196670557_n_jpg.rf.jx4a3yhkRNLahYkrmzzB.jpg,Everyday Casual Kurta,Everyday Casual
370259024_704459455054148_1604381628810064307_n_jpg.rf.kRecDRa396ZMz1G4Twgi.jpg,Everyday Casual Kurta,Everyday Casual
314919025_777738693325601_3044355133162635733_n_jpg.rf.Mpy22N6V3LFbFWnOofIn.jpg,Everyday Casual Kurta,Everyday Casual
336957127_917704999350919_1301142200239972909_n_jpg.rf.kSjJELqWHhfIMtZPxBUg.jpg,Everyday Casual Kurta,Everyday Casual
321090189_546123194042420_3645391454128887809_n_jpg.rf.kqjSDkoeCKfpYNTWaU3b.jpg,Everyday Casual Frock,Everyday Casual
329848599_1251321695478722_2986334293218375112_n_jpg.rf.MxJrrf3FdmbNjo0eKNrI.jpg,Semi-Formal Dupatta,Semi Formal
324102916_727441948745808_6341594854276961388_n_jpg.rf.N4UPGxp1srJWRIptz3JA.jpg,Other,Other
361100246_825902748895988_8351760706181108561_n_jpg.rf.NfVwkys6Qd31x2OEfIhn.jpg,Semi-Formal Kurta,Semi Formal
337360195_212433258040400_2571284116325830719_n_jpg.rf.NCYO5tFFhZlQw5vef3b3.jpg,Everyday Casual Kurta,Everyday Casual
370517033_310914631452232_352090202693086459_n_jpg.rf.N08vANc57FJIpl9EqXQe.jpg,Other,Other
360095009_292323633311332_7341083098489861573_n_jpg.rf.O2nxIFpXqr2jTxCAq60p.jpg,Other,Other
355285935_309427441416107_4698929771831154189_n_jpg.rf.OBFTm83kRWT2dVAl7Iym.jpg,Everyday Casual Frock,Everyday Casual
338277918_1394638744617717_3340043274854132259_n_jpg.rf.O3TCM3GiHPLs3afzLWhy.jpg,Everyday Casual Kurta,Everyday Casual
366214690_1336495853909220_26717634177001572_n_jpg.rf.NYkdcSf6Lvd7zgsqGgyO.jpg,Everyday Casual Kurta,Everyday Casual
330422124_201642308911359_8396926509063313803_n_jpg.rf.OHjR4lqW0A8ry4njzXAK.jpg,Everyday Casual Kurta,Everyday Casual
337321996_189375643836286_2204519823282752241_n_jpg.rf.OFh2J0qRZBudC4xQnoZ6.jpg,Everyday Casual Kurta,Everyday Casual
313935903_1189892528571796_4943887080850284832_n_jpg.rf.OVXe81nQk66hUsarM5sk.jpg,Everyday Casual Kurta,Everyday Casual
236565753_346352707035439_6640948214549186565_n_jpg.rf.OTPSR9h6d6HkvX1rcbdK.jpg,Wedding Guest Jacket,Formal
300962142_1021059801912858_1667539013506182539_n_webp.rf.OXMdCzcQ4fsNi13gZ26J.webp,Everyday Casual Kurta,Everyday Casual
346002283_152779377602835_3685968389567883483_n_jpg.rf.OT4ErUF2UdiSYEv8QtzD.jpg,Other,Other
333887807_155977933965399_4396532440158533175_n_jpg.rf.OfAm9Q7UUdujEGQYa4Lb.jpg,Everyday Casual Kurta,Everyday Casual
289335186_396595579187552_3337380105211874241_n_jpg.rf.OrUpyqVZL5Ysh9GY2y0e.jpg,Other,Other
284356577_339746954938491_6108265948533689348_n_jpg.rf.PDDDJbCPIdeGqeMq03lc.jpg,Wedding Guest Kurta,Formal
371472662_311554024784206_1686224670727177079_n_jpg.rf.PCv6fEtfAzYZwxWlvfRC.jpg,Semi-Formal Kurta,Semi Formal
293707375_1067277437557572_8310740016136590393_n_jpg.rf.PWTXttf97eDj4eEIlATA.jpg,Everyday Casual Kurta,Everyday Casual
347296447_702443748307304_8735654867190929497_n_jpg.rf.PfltwpV2eApIWHv6RfY5.jpg,Other,Other
334132385_231201119416536_6433343747658662751_n_jpg.rf.PvcEouh9aYrXNOKLiQh6.jpg,Other,Other
330129696_509275011159881_6481069249726719532_n_webp.rf.PyjwdV38orsCe1xRvKnI.webp,Everyday Casual Kurta,Everyday Casual
365466291_299931679217194_4352448695703305956_n_jpg.rf.PQrDMQsYm9SIVmV5DgUT.jpg,Other,Other
387269542_152877327848535_1107474921784066158_n_jpg.rf.QIeo6pQIWb2cilgISqz5.jpg,Everyday Casual Kurta,Everyday Casual
335833873_748373073492170_2822614829498407216_n_jpg.rf.QMrKNzRfIHWZtApS62ds.jpg,Everyday Casual Kurta,Everyday Casual
307205578_610942667194390_8526147214866049328_n_jpg.rf.QDPQDOnzKpgdfeVIsp1Q.jpg,object,Other
313280264_849070016119946_6746170790091998579_n_jpg.rf.QOuApxb2BnTo936nwp9L.jpg,Other,Other
362387702_6656002047792641_1138991537683613520_n_jpg.rf.Zi5UoemcU4V8bQGT3z4X.jpg,Other,Other
300006746_592003042395275_1083948711635831623_n_webp.rf.ZaZiTF9IrGNI8f2sTm4u.webp,Everyday Casual Kurta,Everyday Casual
275274685_113106447862973_6765826713548083783_n_jpg.rf.QSJmYR1SoPwBeFj8PW4R.jpg,Wedding Guest Dupatta,Formal
365718077_1459341688247818_9150386003336000587_n_jpg.rf.ZmoXMYG4SzQKTpq9NsKR.jpg,Other,Other
345043182_977841963634834_3276615641309496099_n_jpg.rf.ZvCIdid8OHpkezUv317T.jpg,Everyday Casual Kurta,Everyday Casual
355100588_569364342051670_6770206526539429148_n_jpg.rf.Zpyajv1OM8nKSLByeHVO.jpg,Other,Other
364311151_1018963876117451_8974647259495262081_n_jpg.rf.a30owQX6vnMCYUIYkxt6.jpg,Wedding Guest Kurta,Formal
331305846_649215100297479_6426642242121618653_n_jpg.rf.aJJGRZtTQzW5rct6lujo.jpg,Everyday Casual Dupatta,Everyday Casual
330978723_728157992093820_4371180064620027025_n_jpg.rf.aJRN5RY65lxnACD0E5uc.jpg,Everyday Casual Kurta,Everyday Casual
337918301_770621640932939_7916830853267660455_n_jpg.rf.ZqC5LviKgnpqgFNMDs7i.jpg,Everyday Casual Dupatta,Everyday Casual
309279245_803213844057283_3716660345157998847_n_jpg.rf.alR5YyRveVwOzlT6HQ71.jpg,Other,Other
386100187_18389869039006738_8746357461875613957_n_jpg.rf.alMJqtldUV5BTarC9VdN.jpg,Wedding Guest Dupatta,Formal
365563074_300727782470917_1229420150831358324_n_jpg.rf.asDludH7M956LzZZE4x3.jpg,Other,Other
309244438_1276000246552059_3735220944996192339_n_jpg.rf.b43CJdvRUeZ3H8UG6V3v.jpg,Everyday Casual Kurta,Everyday Casual
340507883_723032919571214_5268067791967801277_n_jpg.rf.bIzdGedZF7xuKv8SuqyQ.jpg,Other,Other
344693123_598219972268135_7678729092386335356_n_jpg.rf.baTCkgQpvT5hEtMv7Oaf.jpg,Everyday Casual Kurta,Everyday Casual
314518238_1081029015929460_6030799446275897610_n_jpg.rf.b87MtNVbBzv5tMThhcPN.jpg,Other,Other
294091090_391595429734169_6544933428739774488_n_jpg.rf.bu3Y8rpxccXDMyIqL41x.jpg,Other,Other
366457504_1151725712482697_8849852169762816017_n_jpg.rf.bYnKjOFPOskoPmIqAgM6.jpg,Everyday Casual Kurta,Everyday Casual
347238198_667472652086162_326996800066294024_n_jpg.rf.c7uu1LtAchgJHKEJ8xqy.jpg,Other,Other
329205674_254978276883944_8469633297987197043_n_jpg.rf.cPrctUxMMfTJNgF53o2p.jpg,Everyday Casual Dupatta,Everyday Casual
297215716_900310380928465_7392196607985119877_n_webp.rf.2tvdPe9U38GGSVV0YbWH.webp,Everyday Casual Kurta,Everyday Casual
385810216_348107687559250_233139429400668125_n_jpg.rf.3K5TXEeNvM6TZ7sxHTzQ.jpg,Wedding Guest Kurta,Formal
382913536_2765170176957952_6292125917533088003_n_jpg.rf.3KR8vMNP7NZX2jaTwdgT.jpg,Wedding Guest Maxi,Formal
361978956_2219388004927727_4745774987005225691_n_jpg.rf.3OTvynyFWiVcikj3AIcR.jpg,Everyday Casual Kurta,Everyday Casual
361610500_684869433679817_5375565165037521859_n_jpg.rf.2y6ffw1tQO2SUDCDbll8.jpg,Semi-Formal Kurta,Semi Formal
287972658_1034261534135422_5880395988589090694_n_jpg.rf.3LE2Lpo5sL0QRRuA2U2H.jpg,Other,Other
294504603_1999528213581480_4543400285142866912_n_jpg.rf.4lWfNhj5QXICDwzeDAAW.jpg,Everyday Casual Kurta,Everyday Casual
356596901_181398431356105_6690991108023781801_n_jpg.rf.3ibp5Tra6efEFegma2QE.jpg,Other,Other
318347507_188274710446748_6547672363977009297_n_jpg.rf.4me4cma9uOBI9bIoFqUj.jpg,Everyday Casual Kurta,Everyday Casual
335708237_1274050613461576_4374533862488541643_n_jpg.rf.4Cr7b2iI5iIacHQeXFpa.jpg,Everyday Casual Kurta,Everyday Casual
292950114_579927933512786_8491551690571168693_n_webp.rf.J25KsExeSe3gOKFe3qma.webp,Everyday Casual Kurta,Everyday Casual
319733934_663631118569724_2309910828806138638_n_jpg.rf.JJAtT34lsWBkxfHqLCaR.jpg,Everyday Casual Frock,Everyday Casual
313472144_5492518157533442_7178949757463941250_n_jpg.rf.J9f7vEAfw1plMDuaqNPN.jpg,Everyday Casual Kurta,Everyday Casual
330223393_1359548581512329_9099364480165512296_n_jpg.rf.IzCRa2zNutq8qCyLKLyS.jpg,Other,Other
391609507_18267637687093875_8171113933036119503_n_jpg.rf.JJhU06fX4KJ0LOepCcEO.jpg,Everyday Casual Kurta,Everyday Casual
367699026_676871271139898_1296989915304149514_n_jpg.rf.JkmUg68Ej4oN2DZzFj4d.jpg,Everyday Casual Kurta,Everyday Casual
344913190_160277770333782_5027736643758499830_n_jpg.rf.K4R0cPxa73e8TEytoZka.jpg,Everyday Casual Straight Pant,Everyday Casual
306949388_474478367883779_4896324050352877865_n_webp.rf.JX71V7WMFMp2AJoaACgD.webp,Everyday Casual Kurta,Everyday Casual
377745916_810119327512306_4511189604383709111_n_jpg.rf.Jq5kQdAs0HoxYHuBzGzC.jpg,Other,Other
333730212_207311358627502_7284360504440148267_n_jpg.rf.KJq9FMMpOSLC8uWiVnJg.jpg,Everyday Casual Kurta,Everyday Casual
306379509_640290537412720_7393872818001138142_n_jpg.rf.KT5UVQQdVnvY6Xy4QUio.jpg,object,Other
366349408_842096293943300_8765260799437685718_n_jpg.rf.KQPo0LWepJGSpcv5QQHG.jpg,Everyday Casual Kurta,Everyday Casual
275357138_135348969002911_9144827479065677941_n_jpg.rf.KNi8CYoHOCNnkv1KdlTf.jpg,Wedding Guest Kurta,Formal
304804909_1205590220223170_8012042469343606642_n_jpg.rf.KazR4PUPrPOwvrncMVe9.jpg,object,Other
370484139_310481858162176_1136298548599797745_n_jpg.rf.KZkGc2j9YbgMor2qvSLd.jpg,Other,Other
370265798_847011130118483_8257949070159071966_n_jpg.rf.KdF1NqSsWLMyDoXe7bj0.jpg,Everyday Casual Kurta,Everyday Casual
365065312_6388144197941129_240427708501128668_n_jpg.rf.KhVJdl4D4NdaFkaqDFxx.jpg,Everyday Casual Dupatta,Everyday Casual
325994388_1566014373878377_5658746002831560218_n_jpg.rf.L9CTVzxfMhuV4XUtR7e2.jpg,Semi-Formal Maxi,Semi Formal
242711775_566014938057080_1710610161583254063_n_jpg.rf.L1esLrvlRNptH609Smih.jpg,Wedding Guest Maxi,Formal
331678347_203660512208898_2676874331566570166_n_jpg.rf.KmeZhrDeWbnhxLPLFk8h.jpg,Semi-Formal Jacket,Semi Formal
312626175_1201837467062720_385870680707105156_n_jpg.rf.L1AmSJIq3fnoquQvvGbG.jpg,Other,Other
308359896_1531801903901669_1829616323790947771_n_jpg.rf.LOdujfdjhOr9OiXmkOTp.jpg,Everyday Casual Kurta,Everyday Casual
364742067_18116712685314185_5962359807664351694_n_jpg.rf.LLO9gIJ6kd1fSeluzmKA.jpg,Other,Other
284758958_553209456256113_8082859756697652924_n_jpg.rf.LN79mcYBd0SMnG8nVwTg.jpg,Other,Other
283977609_551735226523191_5665888054281807287_n_jpg.rf.L9ydccnvGH6PfQ2pMrhI.jpg,Everyday Casual Kurta,Everyday Casual
268607026_245978144227672_7235184527988107295_n_jpg.rf.LeDSIUreYKleUqb394r4.jpg,Bridal Maxi,Formal
278683687_750092396167632_1823261549351277553_n_jpg.rf.LP0NgaIqxAcnAzHK5Kze.jpg,Wedding Guest Dupatta,Formal
327059023_1265576077691012_7662571442904553679_n_jpg.rf.LxTopmqPLWz1NhUEskYJ.jpg,Everyday Casual Dupatta,Everyday Casual
332548752_717082943230536_9011650962109631397_n_jpg.rf.WahPqPEpxDm5nzCOQsQe.jpg,Semi-Formal Dupatta,Semi Formal
348239574_280404117666503_1131047156020997124_n_jpg.rf.LelJVc0kyDACir6zoKBY.jpg,Other,Other
386598476_866840441468885_8907654774146760087_n_jpg.rf.WtYULmXeifwFMcaFeCXN.jpg,Everyday Casual Kurta,Everyday Casual
352392697_796072518642813_8736765945064938384_n_jpg.rf.M6ak39r7vSzGJtXl9R3y.jpg,Everyday Casual Kurta,Everyday Casual
370115579_18261795511093875_2107483394659575234_n_jpg.rf.X7EAIITQpH8SDuMr9X2S.jpg,Everyday Casual Dupatta,Everyday Casual
314018532_891861755117718_7101573300981573106_n_jpg.rf.Xg328lPO2fYAYcG9WjCo.jpg,Everyday Casual Kurta,Everyday Casual
337740574_899312661339874_1649573103014673469_n_jpg.rf.XCZrh5Bx2KE2eTYNe6MZ.jpg,Everyday Casual Dupatta,Everyday Casual
286636210_1034048654204628_4242598422420896296_n_jpg.rf.XwImDR9xRwxO4GAv4a01.jpg,Wedding Guest Sari,Formal
361661344_291189626758066_4714813344291076340_n_jpg.rf.WzbsuzWWGQ7MpKtu1mMH.jpg,Other,Other
332581426_528689279375622_5839524963587455528_n_jpg.rf.YtZQPzzNZpqVlAm3CD4Y.jpg,Semi-Formal Kurta,Semi Formal
339490317_1697267310741903_3827273144422383708_n_jpg.rf.YWHVplm3XcdLqAoXmN6w.jpg,Everyday Casual Kurta,Everyday Casual
372970677_848015453351384_7078377723126597847_n_jpg.rf.YJzoQ7YS7Iaj9Lo3Avbl.jpg,Everyday Casual Kurta,Everyday Casual
364275436_274327551903221_694663448415656615_n_jpg.rf.ZDfpLbb1TlbUpxfNRXU4.jpg,Other,Other
300010680_478998193658118_2927392469957594704_n_webp.rf.ZRjV8szypJ17zDC05wlR.webp,Everyday Casual Kurta,Everyday Casual
359474587_822107825942147_3238490635306745128_n_jpg.rf.Z3tqUb3mzNH2TamvgZIt.jpg,Other,Other
355484179_647298534097172_2572396546762007131_n_jpg.rf.ZZochHFeyxccg1VXKh2x.jpg,Other,Other
361122604_612465900717100_6777624577360458349_n_jpg.rf.Zk6hoAdDkl4YdBElEzlc.jpg,Other,Other
348848136_981257106241014_1588620250581478358_n_jpg.rf.a4UxrhVtsw319f3V598C.jpg,Everyday Casual Kurta,Everyday Casual
313048142_1052908898714002_760696534278019034_n_jpg.rf.ZCu6mZR5PxLhFM1Ywmbr.jpg,Other,Other
131322463_771291477066288_875546517237938784_n_jpg.rf.aLrekKkfLmKKBtk9FNNL.jpg,Bridal Dupatta,Formal
350243637_1451344335691108_3602875926700390965_n_jpg.rf.a3R0Ov0hrE2jo98VKjEV.jpg,Everyday Casual Kurta,Everyday Casual
387770790_731847685648658_4381591717976195631_n_jpg.rf.a4lEwFUmeTOMHNs8xhta.jpg,Everyday Casual Kurta,Everyday Casual
371826585_847011256785137_7076736089521807873_n_jpg.rf.a9oYBWD6wb2F6VUMqwlE.jpg,Everyday Casual Kurta,Everyday Casual
296428920_463759155212614_3703358504234987481_n_webp.rf.aPlT9eg169z4f1Z3a5ya.webp,Everyday Casual Kurta,Everyday Casual
328701305_109398728733001_1190840807146882815_n_jpg.rf.adEFWQh07rirPGSU2jnG.jpg,Other,Other
298911355_153573520660616_516634053300420959_n_jpg.rf.aXt9tJnztsbih7mXC77U.jpg,Wedding Guest Peplum,Formal
286222453_339528148146303_1420773632999553263_n_jpg.rf.alqYCoJCM5o0fWgDKdDN.jpg,Other,Other
305069632_1130154847884422_2804957427088839596_n_webp.rf.allOqgKARuT7uSPKZAsG.webp,Everyday Casual Kurta,Everyday Casual
390679071_281335204780101_8446434534529356741_n_jpg.rf.b1Bxt4um8AtpKioE4xKb.jpg,Everyday Casual Kurta,Everyday Casual
271622186_231694939146479_3449010518874854906_n_jpg.rf.b1SrJvMnRifsqvXSnqWq.jpg,Wedding Guest Kurta,Formal
350583312_1684874011954491_5321331193030710839_n_jpg.rf.b62ffEO3A126s7neGE9s.jpg,Other,Other
367356046_1482211485890027_1504411846630354908_n_jpg.rf.iirCUoZBnBqK5Wtw6eV8.jpg,Everyday Casual Kurta,Everyday Casual
332155976_1213833946194198_2148474818758876956_n_jpg.rf.ihQAvS29NG4Yj4OggVRk.jpg,Other,Other
306583066_1517502175364298_5562934074930264702_n_webp.rf.j159ToeEVvHymYxH6zii.webp,Everyday Casual Kurta,Everyday Casual
331359974_961589831683322_6428432132495432994_n_jpg.rf.b4R6QiZDpqSaDqOo2QUW.jpg,Bridal Maxi,Formal
347472221_634759055188860_3394882003260814298_n_jpg.rf.izfsdA19HUIQtJ9L1XYi.jpg,Other,Other
305768440_608575177466858_5622462469417779677_n_jpg.rf.jKkb6h1EfZlSyYDHY8Il.jpg,object,Other
294173305_147197457964513_5454100379392709795_n_webp.rf.j2k96j3TMTiWcdtaMyxH.webp,Everyday Casual Kurta,Everyday Casual
355831926_1955917741441711_6975674551425055676_n_jpg.rf.jlvokJHo8ABDa2DB2tbh.jpg,Semi-Formal Kurta,Semi Formal
298337489_820100082318867_2422111114194199011_n_webp.rf.k4Ybj48LqhBVnhpy9h2f.webp,Everyday Casual Kurta,Everyday Casual
347272249_818009436351986_3394851707385228043_n_jpg.rf.jM1J4shvjTaSnRMINBf1.jpg,Other,Other
347451174_720196060106733_9122656544110452249_n_jpg.rf.jza04ZRXEJw9dIkvHrwA.jpg,Other,Other
335902502_772321470990072_6866528562012756176_n_jpg.rf.j2J3n1tz8zGmmMCYiMps.jpg,Semi-Formal Dupatta,Semi Formal
278223236_1034998183777816_2796952625836270673_n_jpg.rf.kJHDXzROsQHm40hOHGnP.jpg,Wedding Guest Kurta,Formal
312768660_784632379282965_5309827438250315444_n_jpg.rf.kF4AVSsggogZJEpjTupe.jpg,Everyday Casual Dupatta,Everyday Casual
316489493_848869929598697_5346778058579035545_n_jpg.rf.kJbTOwFMOBxYPA65qKgG.jpg,Other,Other
373571414_849176633235266_4918338160618188169_n_jpg.rf.keWBAO3NyTbRdRyOCNU8.jpg,Everyday Casual Kurta,Everyday Casual
317245756_484148746906727_3223734790792554279_n_jpg.rf.klTNgSUf9rTN75XcDw0u.jpg,Everyday Casual Kurta,Everyday Casual
316000042_500281085197380_5539973582478023995_n_jpg.rf.kigloz04DxLMQorZsYgc.jpg,Semi-Formal Kurta,Semi Formal
295485015_1281095435758669_7453851740028857544_n_webp.rf.kn57XRSJIa5NT0WdSnmV.webp,Other,Other
360094618_292778846599144_7076496908252088439_n_jpg.rf.kpLhw6YHA7cEM6PZMsMR.jpg,Other,Other
312502412_483916400459991_6927021339503458127_n_jpg.rf.lJMm2ZuypXJNYy5EhSrh.jpg,Other,Other
340730274_1327428601139386_1222006070088426620_n_jpg.rf.l3I3z8a30FX8s5bgw4gP.jpg,Other,Other
340503031_172311485713689_5530661379118083817_n_jpg.rf.lWd5wY6x8Sl5cA9hJw5p.jpg,Everyday Casual Kurta,Everyday Casual
288984677_1197230877487920_3045917640786177272_n_jpg.rf.lVjtJI43iJfhhixP4NuZ.jpg,Other,Other
294887052_385162230192516_2682450008461083842_n_webp.rf.lX9yOgHaLrMFgptXSty9.webp,Other,Other
314928604_534929661381578_3580941152160851780_n_jpg.rf.l4uPoXRAV5zwhQijiEDJ.jpg,Other,Other
387703414_291621840395535_5292087991945386814_n_jpg.rf.lYRxuHjH4SCT2Vi96djE.jpg,Everyday Casual Kurta,Everyday Casual
316648732_203319095410325_4369884768723766696_n_jpg.rf.liWp3BCA6T447R2u2lh9.jpg,Other,Other
306456045_762344308362371_8878631309303093133_n_webp.rf.ldVJ49dKLTrS3aAGSydL.webp,Everyday Casual Dupatta,Everyday Casual
365674777_18297733879184038_5965618648250807942_n_jpg.rf.lb7fACLy3ae1FBSb6gD7.jpg,Other,Other
284857815_1055667905368974_3869404288430206646_n_jpg.rf.lXQTRTYC0Rolsj497K6L.jpg,Other,Other
347261746_284398153970207_8320968837681615100_n_jpg.rf.FRM4XbOkbHFkv2gettY5.jpg,Other,Other
281550844_4923711434400459_7157371441194782257_n_jpg.rf.FVrJOolkkUx6w2VCFuTx.jpg,Wedding Guest Maxi,Formal
382606319_840473274278904_9118482696100867655_n_jpg.rf.FcMILGMa9zPVrx2Yo8Pa.jpg,Wedding Guest Kurta,Formal
349476935_1638280870022204_2014955485147824362_n_jpg.rf.FmbUpmI4vHPbxlWPpRTG.jpg,Everyday Casual Kurta,Everyday Casual
320235661_893025725205461_6186491861422715420_n_jpg.rf.FiBxcpsHLCy0iGy8FKWm.jpg,Everyday Casual Kurta,Everyday Casual
287495743_568889728264824_8069628046186021789_n_jpg.rf.FqXEnEvu7MehYV9ZY9im.jpg,Wedding Guest Sari,Formal
355029491_641585057992889_6880368059260372961_n_jpg.rf.FpMtuCW5N90wFplcxwVb.jpg,Wedding Guest Kurta,Formal
333377459_3077065332591132_2453845476758735332_n_jpg.rf.FoJrF6w6mpDnZK5bqKQU.jpg,Everyday Casual Kurta,Everyday Casual
332316507_1353134575476879_5544288110366323306_n_webp.rf.FxqdvFcdRSBBV7IDjvvz.webp,Everyday Casual Kurta,Everyday Casual
366567964_6659469124074874_8575921377711686558_n_jpg.rf.Gljc9zgI6I6CkFxJpbhN.jpg,Everyday Casual Kurta,Everyday Casual
385022100_18306672043184038_5890926166260033331_n_jpg.rf.GBkuP080sQFs0Os80xP5.jpg,Everyday Casual Dupatta,Everyday Casual
358549534_18380305480053839_7772883064563068405_n_jpg.rf.GzXnIY8B9fEyjWt9cjDX.jpg,Other,Other
291114595_352806546820863_6393057925494339356_n_jpg.rf.GdYm93ARUiYDnRtao6Pb.jpg,Wedding Guest Kurta,Formal
321859423_506361124812685_3513012742588275880_n_jpg.rf.H2w17fTpJZbqC79fYuGB.jpg,Everyday Casual Frock,Everyday Casual
274575209_1256720378191658_2835449195609495428_n_jpg.rf.HZ6HskU0WoyANjV6RCYJ.jpg,Wedding Guest Kurta,Formal
361583606_673929997401135_3367298865159160131_n_jpg.rf.Hn5GQio26jGDX6OMMX9w.jpg,Other,Other
332957435_445680401051350_8036886528095652104_n_jpg.rf.H9knUT3zbKSZR1NNnGea.jpg,Everyday Casual Kurta,Everyday Casual
264273709_426389115867896_2071255708434279330_n_jpg.rf.Hystxi7UQL82nTGOVifE.jpg,Wedding Guest Kurta,Formal
352234980_1613196082490283_5374184028410855490_n_jpg.rf.HXwqwNF5BfzhMdElL53P.jpg,Everyday Casual Frock,Everyday Casual
338270824_6179950848759887_6921657789492497582_n_jpg.rf.Hzh3Ji4KIrh9Vru56J1w.jpg,Everyday Casual Dupatta,Everyday Casual
335021270_949250092923703_3143603577331448318_n_jpg.rf.I8knPOUceI2rvLLgbSuG.jpg,Everyday Casual Kurta,Everyday Casual
329799907_1293621244530849_7034596483040700044_n_jpg.rf.I5MbrQO2EPMwXx7oje0t.jpg,Other,Other
374207979_18303116107184038_4849182484200225012_n_jpg.rf.I0K3kQ18cMRRKXcldjrX.jpg,Other,Other
385683249_1269745327017238_7994740328444621560_n_jpg.rf.I8wJ53c1DAl78i0LlkA7.jpg,Everyday Casual Kurta,Everyday Casual
365647159_300532532490442_8031311780398459842_n_jpg.rf.IP9L7mmLlw8rSQRvGiPH.jpg,Other,Other
240418211_1244558489320956_8713952238801334325_n_jpg.rf.IaCtY9Lw46YHpePTOnj3.jpg,Wedding Guest Maxi,Formal
355637204_1251979805689508_3705313866090640681_n_jpg.rf.IjHldV8xDHEPWEwPp4r9.jpg,Everyday Casual Kurta,Everyday Casual
366198513_661508555879602_8586339533371843276_n_jpg.rf.IjURIhRbgTsTmBvIhKcf.jpg,Everyday Casual Kurta,Everyday Casual
374562266_18301696447184038_3094631116186593853_n_jpg.rf.IombgVCnQFGUwNvY9wNC.jpg,Other,Other
385282367_278721075072405_8098153923790252830_n_jpg.rf.l5vYIXllN31N3W6TQhzo.jpg,Wedding Guest Dupatta,Formal
333876384_216931667412205_6718458657990672338_n_jpg.rf.ksCtDJVRsZDgyT0qaT5d.jpg,Other,Other
309253216_841264973577671_4249911453997167857_n_jpg.rf.kwXbeEgaX3i9us2upvv1.jpg,Everyday Casual Kurta,Everyday Casual
263389310_132629842487737_1983085086951172776_n_jpg.rf.IOQarpLkLKJBL23abXS7.jpg,Wedding Guest Sari,Formal
347872721_292356866455808_4541843783271447686_n_jpg.rf.lE0c3dlG1pEaqK4zNJjV.jpg,Other,Other
372911545_680581514093243_1944185419566059395_n_jpg.rf.lQzm618h3ILgiY2IiWpb.jpg,Other,Other
306315202_602649934657769_4570538720843035952_n_webp.rf.lYtFNTpiIjxQCKOjPgwO.webp,Everyday Casual Kurta,Everyday Casual
365963075_3258130224477076_2764045897597883470_n_jpg.rf.lagQfEvuxMqV3HTYCiSc.jpg,Everyday Casual Kurta,Everyday Casual
361971555_3420577924847327_3331393221739512_n_jpg.rf.mHucUyqANZPHTC8oWihl.jpg,Other,Other
274603491_643781270221619_3193073656867208302_n_jpg.rf.m4JLidTwh7eYqu54UxT2.jpg,Wedding Guest Kurta,Formal
316646927_136772952498354_7619317134325801199_n_jpg.rf.ml9BxvN8Hy0KFaMC5218.jpg,Wedding Guest Kurta,Formal
363028277_829357818550481_7807099899828191094_n_jpg.rf.llVlaRMRc7RP1XxjtQC5.jpg,Other,Other
363498891_651516416926547_573725887481021497_n_jpg.rf.lvCK8fN71tO9rDtN0d03.jpg,Other,Other
333759574_132100426231354_6178201368610406414_n_jpg.rf.mmeEmWur5OmCnWKrB1wu.jpg,Semi-Formal Kurta,Semi Formal
337983053_152319910801508_3787736301013841107_n_jpg.rf.mxvOcUIPocuh33W5ZTsE.jpg,Everyday Casual Kurta,Everyday Casual
298247147_5449230431825449_2351774940307760674_n_webp.rf.n5w2IRpP5LoMsgPhAcBd.webp,Other,Other
370377314_18301241485184038_3402738592979369090_n_jpg.rf.n5VwjxSrrewcKETSdsDQ.jpg,Semi-Formal Kurta,Semi Formal
284131264_111608188134109_370570814362785849_n_jpg.rf.nYYiFaZQyrX8eTeUeOqq.jpg,Everyday Casual Straight Pant,Everyday Casual
300201597_158103350213360_581037463396320233_n_webp.rf.neLTbm51KypQBMMOOBjj.webp,Everyday Casual Kurta,Everyday Casual
339311571_6349750325069925_8348793587204975523_n_jpg.rf.nysuuhAqZAJh0FnImVAD.jpg,Everyday Casual Kurta,Everyday Casual
274609517_1105255763592308_6499661879923825491_n_jpg.rf.o1Me2wsAJ25ZpZvEdddN.jpg,Wedding Guest Maxi,Formal
375042990_689704689846661_5304615867281732236_n_jpg.rf.n9uREfB2Hg0gnntFjqSj.jpg,Other,Other
313845635_131077823109897_5948948083191702298_n_jpg.rf.o5R5SHjMjxncWjw1vRxU.jpg,Other,Other
301975678_763523108310617_4185075648598783414_n_webp.rf.oE48GxTzi2tgByLngBal.webp,Everyday Casual Kurta,Everyday Casual
298956179_1059471798038002_2967815145433549150_n_webp.rf.o9N6eMNhIMBHPahoZ6dy.webp,Other,Other
349250734_947403803136362_1415182748180190875_n_jpg.rf.oOIAdzMXUiQYBzTW7lGQ.jpg,Everyday Casual Kurta,Everyday Casual
318320837_457297029882412_3062978534072480061_n_jpg.rf.oNHS3RYtNdesyG6HR1gF.jpg,Other,Other
387267008_1255007115193488_551553086182639723_n_jpg.rf.oZ5ujbaHlOR9rWpfq6IS.jpg,Other,Other
316726774_476094174413078_417642952663204573_n_webp.rf.p6GvigfU4CiZl1xeNGhC.webp,Everyday Casual Kurta,Everyday Casual
357431390_18368351311057254_4004052203616935873_n_jpg.rf.EwfIsxXFv9GhCgPZdc9r.jpg,Other,Other
313884123_708420840566865_357977281003683763_n_jpg.rf.oRBokfXcmSJBjTzJmVXd.jpg,Other,Other
381062659_720631843436909_6556976127324165318_n_jpg.rf.ooECmM7hXRFYNNwHXeSO.jpg,Semi-Formal Kurta,Semi Formal
331147432_115915858085941_294068074958341752_n_webp.rf.F3ahj0z0XhmdRSzBhKy4.webp,Everyday Casual Dupatta,Everyday Casual
351126808_288698763507889_6748843733595906535_n_jpg.rf.FVkU6A5oOf6A8YWufr8l.jpg,Everyday Casual Kurta,Everyday Casual
338913653_475176701399592_3287701246690371286_n_jpg.rf.F6sNxk8hCUywOmif1gwD.jpg,Everyday Casual Kurta,Everyday Casual
361707583_294638993087617_7552564780366850917_n_jpg.rf.FfUCe5PtNqd7OvZrCFfd.jpg,Other,Other
329464640_856221348805977_7861338223800164363_n_jpg.rf.FaITsz9UBcnbDSuw5cnW.jpg,Everyday Casual Kurta,Everyday Casual
382337267_1822764178193629_6248448069484316966_n_jpg.rf.FFwmSJMm2MvQkRgmfx3t.jpg,Other,Other
313928375_887291038936435_4915623543260688396_n_jpg.rf.FxTG5vkoTkKNHIm8bL25.jpg,Other,Other
346611905_194234173069319_939415408968744419_n_jpg.rf.G0P8YFy1jfy5ibAkTb4J.jpg,Semi-Formal Frock,Semi Formal
306433848_1189379088287651_5386532841325337042_n_jpg.rf.FqbiLs3Mbn625f26EVvx.jpg,Everyday Casual Kurta,Everyday Casual
316605606_1338392306896172_2716940475467542948_n_jpg.rf.GVf11lPHZgxFrg1cJiOQ.jpg,Everyday Casual Frock,Everyday Casual
330467278_1135191937170571_8534726968795032089_n_jpg.rf.FZfWoOW3qWWdfRKA0bTi.jpg,Everyday Casual Dupatta,Everyday Casual
347243763_669931461840281_972667146045959238_n_jpg.rf.GyG80ky76V2ohRsAmHMi.jpg,Semi-Formal Kurta,Semi Formal
316146713_537775524502291_4392749474397005184_n_jpg.rf.GEDNbdKn7YrKwxRJjIu7.jpg,Everyday Casual Kurta,Everyday Casual
385844426_1054980268852677_7243714976108518328_n_jpg.rf.GhRJzd5mHaJPpMpf2yWg.jpg,Everyday Casual Dupatta,Everyday Casual
336550702_699017798641621_5371686379128649890_n_jpg.rf.HDPmc72XwazKpMLdvkR0.jpg,Everyday Casual Kurta,Everyday Casual
314626269_1297394367674585_3222909710418510497_n_jpg.rf.HHpzRqDyhqQE2Mk9Ur07.jpg,Other,Other
352413559_953069232685577_6962826824264867031_n_jpg.rf.Hi9Ej6GPA1LIWRccXoF9.jpg,Everyday Casual Kurta,Everyday Casual
386508285_334794272397601_6803353589943533432_n_jpg.rf.HSoRYMJaU3VhCkhkwqBk.jpg,Everyday Casual Kurta,Everyday Casual
301169962_1347052105820962_8278766310091818950_n_jpg.rf.HiWHltxn7q2u814EeqMd.jpg,object,Other
326420974_689882336169133_8433180613610099544_n_jpg.rf.IDzOTxsebLO3ZOfocQXI.jpg,Other,Other
338616770_1207074836841667_5530673486309640565_n_jpg.rf.I1oO8mcyVMoHvvMBpGHG.jpg,Everyday Casual Kurta,Everyday Casual
312643650_603204044824118_3852943524770540545_n_jpg.rf.IdurhzI5wsUHf1giCC4q.jpg,Everyday Casual Kurta,Everyday Casual
384127999_329352492941779_3705863869833799693_n_jpg.rf.HjDll2wPPrlnVyOL41dS.jpg,Wedding Guest Maxi,Formal
336041139_750390263124203_4391439511977018957_n_jpg.rf.IYJkzRwGJnZUzU9uj60B.jpg,Semi-Formal Kurta,Semi Formal
366734983_303713808838981_4796065827865344720_n_jpg.rf.IXdVtWaYaN0kRGk6rCXs.jpg,Other,Other
299781474_1338373623638865_4218895972743548359_n_webp.rf.JEwKOrGW0HVKHHjG4ezO.webp,Everyday Casual Dupatta,Everyday Casual
297664036_183781817441067_1777719970725768990_n_webp.rf.J4g8CIeceQIV92Lz3iZD.webp,Everyday Casual Kurta,Everyday Casual
312789684_1227444117832019_8968057119360434208_n_webp.rf.J5C1VKDv2h61AsNXqA2R.webp,Everyday Casual Kurta,Everyday Casual
286279992_325491939610923_5949533805205904798_n_jpg.rf.p4SirBRCRvMWpOxoToPi.jpg,Other,Other
332590580_733082515024573_7215865007214628908_n_jpg.rf.oblcK8OhdkmPHdUWY5l0.jpg,Everyday Casual Kurta,Everyday Casual
306072884_621388719369518_1626827946024974540_n_jpg.rf.IuGQ4Rzk2kbzQAbA2PfW.jpg,Other,Other
332325832_563404532406484_6855913854248448197_n_jpg.rf.p6DC9kNCnGHPWS6yHXt4.jpg,Everyday Casual Kurta,Everyday Casual
358758482_1324230161785443_2639142692732635391_n_jpg.rf.p7duLjE8EbMcdZrR9FNS.jpg,Everyday Casual Maxi,Everyday Casual
362667312_591763899784779_1878565041571732432_n_jpg.rf.pYQL6tkLWZ00SaqUrMiV.jpg,Other,Other
345502380_993046415394873_1513103729091500942_n_jpg.rf.pr2njMFbmuCOERUBFsSU.jpg,Wedding Guest Sari,Formal
311763252_5359752994123398_7659422164838080582_n_webp.rf.puCKjI3Gb2BrgoWb3VDw.webp,Everyday Casual Kurta,Everyday Casual
361584519_18295781023184038_6036618131207550486_n_jpg.rf.ppTCliTspmvlDqHTmEZK.jpg,Other,Other
298988303_786783399015368_5034831778117226757_n_webp.rf.pUnBEv9ql00AjcP2jCwm.webp,Everyday Casual Kurta,Everyday Casual
309629558_823693008815707_7405458022736114836_n_jpg.rf.qB7er2aGlgjeIDrAQsO0.jpg,Everyday Casual Kurta,Everyday Casual
339839210_242939548101806_8285830201009377139_n_jpg.rf.qLjydEoxUwmfIKCQKxLV.jpg,Other,Other
315420523_913828190027297_549576748038507787_n_jpg.rf.qElm75CByDwaq98ZvnqE.jpg,Everyday Casual Kurta,Everyday Casual
381651939_886140889535236_6616631477849582357_n_jpg.rf.qmrN9P2SjYbLJBLDQL32.jpg,Other,Other
349587677_173502922347710_4459963052750685762_n_jpg.rf.r7wmJ82rHExA1B2wPjql.jpg,Everyday Casual Kurta,Everyday Casual
296114179_143003241412273_690545264730735125_n_jpg.rf.rBU91mIG8L7Lwb4dwJ6g.jpg,Everyday Casual Dupatta,Everyday Casual
311600802_115537634665421_4117988483140204992_n_jpg.rf.r8c8gQOsEEeHIBc1vgOL.jpg,Other,Other
331648297_748348860343351_489912316950534987_n_jpg.rf.rPzJh5uroiUDb94lpQRh.jpg,Semi-Formal Kurta,Semi Formal
312487741_521651006475518_5410727028083449638_n_jpg.rf.rUDShSVpKXCusb2xWbjC.jpg,Other,Other
358367982_676182367868797_8466569154095532011_n_jpg.rf.rSRXqMUXQHFTAKs8GEr6.jpg,Other,Other
290978646_174664971703188_6453168949539788629_n_webp.rf.rXtonwctDnqfv50Z2WXO.webp,Everyday Casual Kurta,Everyday Casual
366641648_18298474543184038_4124383786210267562_n_jpg.rf.rZwtSKLTzv9bDbiCilFI.jpg,Other,Other
334854692_207604248523881_7335759325105230767_n_jpg.rf.rz7gTiI6SvoXVr7t4rOx.jpg,Everyday Casual Kurta,Everyday Casual
360085456_571614178262887_2419585826068982891_n_jpg.rf.rxH8Ij9Kw1Fbu7iMqapr.jpg,Other,Other
371025156_313024487907913_3114530634581551901_n_jpg.rf.rtC4qAWAiVhGrJYF71I4.jpg,Other,Other
330994895_1289355141658985_2719099335248078931_n_webp.rf.sGLXDlY9ZwongH4uZebx.webp,Everyday Casual Kurta,Everyday Casual
386175572_1521418498643047_1163827482023778989_n_jpg.rf.s5VUGKvQtVEsIc5OvDcy.jpg,Everyday Casual Kurta,Everyday Casual
386552958_332794149264280_524637058579363440_n_jpg.rf.s07ITBraRskSNPs6wsYv.jpg,Everyday Casual Kurta,Everyday Casual
290344824_422024689805049_6275520964860885299_n_jpg.rf.sHjZSqE4dHW7jpyr7qjj.jpg,Everyday Casual Kurta,Everyday Casual
338690653_596674035707358_4586808452410537967_n_jpg.rf.sRHnXGX6NiI9G1PF00pn.jpg,Everyday Casual Frock,Everyday Casual
336941625_687736386437338_2063276990131436219_n_jpg.rf.sglWduXx2OY4cNo2KOm4.jpg,Everyday Casual Kurta,Everyday Casual
315494844_189672693642811_2556712868591042693_n_jpg.rf.vEGH8cTNjiX3G15ZD1k1.jpg,Everyday Casual Kurta,Everyday Casual
353628686_640211794805846_7110377685293048594_n_jpg.rf.vSYwh343EfayRF6T2Ydn.jpg,Everyday Casual Kurta,Everyday Casual
274801735_932874527247646_5555869329787116701_n_jpg.rf.vV3QRdDms0b9nXTwUaeh.jpg,Wedding Guest Maxi,Formal
369547143_3054208418047572_5901877162378332446_n_jpg.rf.vppEam5o8ITzWjPFkGiY.jpg,Other,Other
386604611_866842114802051_1789253428663114968_n_jpg.rf.vsZgs0VYeRzhSva06h3U.jpg,Everyday Casual Kurta,Everyday Casual
348571218_825828335570096_6531164189706269216_n_jpg.rf.vnrSr2rV1EosFfO8uHEj.jpg,Semi-Formal Dupatta,Semi Formal
350746363_911857216549095_1832916086665214888_n_jpg.rf.wGoXR6NGrlUXq9kwGHRf.jpg,Everyday Casual Kurta,Everyday Casual
316161547_6000542443318631_1607037114503702846_n_jpg.rf.wDnkz8Ch3q4l3VquNnmo.jpg,Everyday Casual Kurta,Everyday Casual
366376861_838605370959059_1086038816812104046_n_jpg.rf.vtXGuKTIz3yf0nA2ZANP.jpg,Everyday Casual Kurta,Everyday Casual
267289955_157613809924861_5322370291273410995_n_jpg.rf.wVTnSon8DWb3RsfdH2y7.jpg,Wedding Guest Choli,Formal
297504930_145369098127328_2403973862340499551_n_webp.rf.wIXul8Yw7UCtVrZVbNsW.webp,Everyday Casual Kurta,Everyday Casual
305851588_627646788921014_5391826446516550169_n_webp.rf.wG6XQlfjXtbhssdO9EbE.webp,Everyday Casual Kurta,Everyday Casual
387249591_138698269297209_2836103258001948756_n_jpg.rf.wiJqlZS3gDJoHmi2YVyT.jpg,Other,Other
386871299_711054737737762_7120840977061855932_n_jpg.rf.whFqxNbXDeegq3YrQYLg.jpg,Everyday Casual Dupatta,Everyday Casual
365984638_690502073120786_2234601826516125704_n_jpg.rf.ws2O3dj1CnsxFutF2Qol.jpg,Everyday Casual Kurta,Everyday Casual
244342000_202669631835811_4051003053438035638_n_jpg.rf.wjyUFBgfHT0gfABXb5nA.jpg,Other,Other
332509988_1657279914728861_6261417732449605499_n_jpg.rf.wzlDuRhWAyVeBTy43tkz.jpg,Everyday Casual Frock,Everyday Casual
385810219_6072452459520986_4431992151283409724_n_jpg.rf.xQRzKiwhNWBNK0mtpq96.jpg,Everyday Casual Kurta,Everyday Casual
362464916_496531726001211_3022476038252202071_n_jpg.rf.xBOH26kTRzhiltGPMu2m.jpg,Other,Other
292939739_414488840627181_5117425555353187405_n_webp.rf.x1A5fJMI93ZKojj8079y.webp,Everyday Casual Kurta,Everyday Casual
356240034_3597820387208199_1519649575742537129_n_jpg.rf.xaIKZ38CvWmFxbb6hBxD.jpg,Semi-Formal Kurta,Semi Formal
299827501_186221130440222_5990648943610054498_n_webp.rf.xndYK2b5XG4T20JN6dfC.webp,Everyday Casual Kurta,Everyday Casual
331317416_6009228935826522_2554505356586774412_n_jpg.rf.y71DtGfbkMj6b8cORztf.jpg,Everyday Casual Kurta,Everyday Casual
370564610_997777804709727_682607338373559987_n_jpg.rf.xQi9exixG5G4axzpg0rK.jpg,Everyday Casual Kurta,Everyday Casual
350841489_1744485225985381_7125241608619073491_n_jpg.rf.y7CXkWy1zk6AwdgSBHxG.jpg,Other,Other
314450564_1062558041089129_4430123600530202635_n_jpg.rf.yGllM3Irq9uGScHcJDaI.jpg,Everyday Casual Kurta,Everyday Casual
341126689_1414728915937486_841611683203007742_n_jpg.rf.yR1ol4HUCAsRz76o4qnS.jpg,Other,Other
340319885_531079709221404_4907818826217185709_n_jpg.rf.yRTf9GAvWd16ZB6rkq5D.jpg,Everyday Casual Kurta,Everyday Casual
374575898_18262720567093875_4675876003049801470_n_jpg.rf.xvfcVSxTIcWQKsN1DzwR.jpg,Semi-Formal Kurta,Semi Formal
376265180_830118308785048_4323669068769613149_n_jpg.rf.yE5oCNiF1NCYAyhkNpcf.jpg,Everyday Casual Kurta,Everyday Casual
351416643_998143241323553_2983961141793956771_n_jpg.rf.64l2xKGyZsqf3ZXa2NkO.jpg,Everyday Casual Kurta,Everyday Casual
284580990_174377168351188_5890050886067393961_n_jpg.rf.6guD1qJXoSbPIOdi6giA.jpg,Everyday Casual Kurta,Everyday Casual
361928399_1104204767633944_6847238118315066905_n_jpg.rf.5xe9SONGT4n40Sc5djUJ.jpg,Semi-Formal Kurta,Semi Formal
337573775_1310631036165862_178154982356119678_n_jpg.rf.7H2JMM3xR8MRXnv3NbSg.jpg,Everyday Casual Kurta,Everyday Casual
271610211_4774436485944111_746394404023803684_n_jpg.rf.6uGV7e8Nh3RrNyAQ6hrZ.jpg,Wedding Guest Kurta,Formal
358135860_285925130617849_2048126859475207680_n_jpg.rf.6pSPiAIthgka05j7TQvE.jpg,Other,Other
339446544_1433409233866843_7328166986200363786_n_jpg.rf.7Zz6lcEIemX16Gv0o1uJ.jpg,Everyday Casual Kurta,Everyday Casual
297107231_747307956488570_4549950451560943204_n_webp.rf.7dGYmVxCAYuSxK1SEiuk.webp,Everyday Casual Frock,Everyday Casual
311889523_1121808375110511_6207016781171539075_n_jpg.rf.7UpfxkDQoBn8oa5qc9j1.jpg,Other,Other
351474269_586364643635151_4413282797004916365_n_jpg.rf.7r52N9p7Idujytpu31Cz.jpg,Everyday Casual Kurta,Everyday Casual
356641220_593682996219450_3756874190189276759_n_jpg.rf.kwoS6HPBR0BKrpv252yk.jpg,Other,Other
391612259_18307981819184038_6674403531907341628_n_jpg.rf.l1FywqqdhmmgdSY1x9Pk.jpg,Everyday Casual Kurta,Everyday Casual
331662691_1156156598380348_3942824482612770815_n_jpg.rf.lAik6xSgSHVp7F0pPRmr.jpg,Other,Other
352202764_205674182390473_1410598759271829527_n_jpg.rf.lCord9lRB63XFEHnEaHT.jpg,Everyday Casual Kurta,Everyday Casual
327601754_572132008139135_5015639306055426857_n_jpg.rf.lV0mJpgev9haNGHdtzaB.jpg,Semi-Formal Kurta,Semi Formal
299612073_1444906635983346_5781992177621808444_n_webp.rf.lQ0TOB7mTxAFnDpigR3h.webp,Other,Other
333917643_728872012034121_1732158175215156115_n_jpg.rf.lZrDjGyiGPQNkpmySkxX.jpg,Other,Other
363297476_829356281883968_3147450816619720062_n_jpg.rf.mZ2XuzKJPMG7zOw5iarg.jpg,Other,Other
369222003_597939252273668_8066632768562413243_n_jpg.rf.mM0WZMJyCbYUJKIk9tDy.jpg,Other,Other
294639633_182786904121538_5783368416255607727_n_jpg.rf.mEKlQQgXF3NytIl7xiEA.jpg,Everyday Casual Kurta,Everyday Casual
347794139_664583728771092_8088310588181234874_n_jpg.rf.mRice28pdGzanQ459D7e.jpg,Semi-Formal Kurta,Semi Formal
363391551_295339046343124_2739107825609136534_n_jpg.rf.mveui4Gzs38qGPG1yWWp.jpg,Other,Other
299326746_914522012817460_2334532130353718128_n_jpg.rf.n0kctjdljKjVBO1iqf3N.jpg,Everyday Casual Kurta,Everyday Casual
332775916_606322044649955_2562373852035670439_n_jpg.rf.mpZnlIbbxfzCxZPVdHTB.jpg,Everyday Casual Kurta,Everyday Casual
315299388_176020268431099_1981461982215832640_n_webp.rf.n4bmm1uyxZaPc3DdBKvG.webp,Everyday Casual Kurta,Everyday Casual
340509093_961724271493615_2812799709120927326_n_jpg.rf.nbCP0rRbOgxXrO0SfjHo.jpg,Other,Other
332354148_742457003939692_8683843972306068313_n_jpg.rf.nNK5OdEppZ7F479tepKa.jpg,Semi-Formal Maxi,Semi Formal
309327109_2855186988121353_8689508676533881394_n_jpg.rf.nKMMYrPeOPh1cbW81TT6.jpg,Other,Other
305550675_1096208821003096_3371739698001029588_n_jpg.rf.nmWruWop1GPjBQDgA061.jpg,Everyday Casual Kurta,Everyday Casual
375832607_852599219559674_8913209286822575791_n_jpg.rf.n3GHjNN4nNcVTtpWL9QS.jpg,Everyday Casual Kurta,Everyday Casual
328131550_841567650242133_5527285927508204079_n_webp.rf.nqbfQL59RxZlKxgPHqK9.webp,Everyday Casual Kurta,Everyday Casual
344862576_2342911729211980_877563485091876578_n_jpg.rf.nba9XJmittQBdNHDoN7n.jpg,Everyday Casual Straight Pant,Everyday Casual
387085720_867805661372363_5564538637582181377_n_jpg.rf.o99Atxjuo1yUjgmxQOx5.jpg,Everyday Casual Kurta,Everyday Casual
336505749_955501785616503_1829893888088098349_n_jpg.rf.nwXLgrkDDII8HxYDXuy8.jpg,Everyday Casual Kurta,Everyday Casual
362976266_829356058550657_93556481613969408_n_jpg.rf.oLMCxxGOY0wZnJutAepI.jpg,Other,Other
279562966_367427708765849_2607933889615211147_n_jpg.rf.oLXwnnUvSaVsDDIWkLiE.jpg,Wedding Guest Kurta,Formal
339110827_793128642231121_6226034783857938902_n_jpg.rf.oPyGKkX80jd8EgmzXzLj.jpg,Everyday Casual Kurta,Everyday Casual
348248243_1703993480014289_1123986672001631695_n_jpg.rf.st0uYYkP2mE9etaUBgMI.jpg,Other,Other
225947858_3941810742595541_8356962026575242460_n_jpg.rf.oaF5yOQlPYuGtxYukLdk.jpg,Wedding Guest Maxi,Formal
333621453_1363192271186910_336412817346273715_n_jpg.rf.oH77k8IRUMNT3BPcqlqh.jpg,Everyday Casual Straight Pant,Everyday Casual
364250750_6746372995382945_3544708052550911720_n_jpg.rf.oRYQ7OwNKi7tx4cSN7JY.jpg,Other,Other
283506892_549502566740917_9027701254530592309_n_jpg.rf.tJMBoUWuVwLY5CHZV4bC.jpg,Everyday Casual Kurta,Everyday Casual
317805420_512309787305220_8872046392710396332_n_jpg.rf.tQLRHN6KCu6O2tE3sfzl.jpg,Everyday Casual Kurta,Everyday Casual
295849602_2791564097817331_1291312366142240437_n_webp.rf.tonMmUMGelfPK8Uw9x08.webp,Everyday Casual Kurta,Everyday Casual
376864785_869116711244220_8759652363067743482_n_jpg.rf.tM8Amc4RPpQY613t3R6e.jpg,Other,Other
348244328_1458889401315415_7325422997846130282_n_jpg.rf.uKygfrm7BunU0TofthjR.jpg,Other,Other
355707664_646698414157184_1335868198327976637_n_jpg.rf.udRcSAThxuZJB5dzK8IC.jpg,Other,Other
387833651_869811524505110_4867548758090009462_n_jpg.rf.uldsYF3k7t3MwZGzBrFK.jpg,Everyday Casual Kurta,Everyday Casual
287359607_3144360939158146_5357402075139452835_n_jpg.rf.u8S3JGgqvVAYkuS9CY8v.jpg,Other,Other
338267391_1634124187058328_2704587173898337906_n_jpg.rf.unhdaewcGWPDwFXABpYy.jpg,Everyday Casual Kurta,Everyday Casual
288189328_104256108963733_6007430326175977922_n_jpg.rf.v3xIYUjPWW5Y3J6fMTTK.jpg,Other,Other
371388179_889043495388068_8853024636722733223_n_jpg.rf.usHLjiSr0ehkHxrr3H0w.jpg,Everyday Casual Kurta,Everyday Casual
366170098_242386554838938_5241729156122427557_n_jpg.rf.vBmwQeF8TOGnvDHuyCZn.jpg,Everyday Casual Kurta,Everyday Casual
337923631_734726535055027_580274758478952712_n_jpg.rf.uwm1ncVs15Q09XP9ivo3.jpg,Everyday Casual Kurta,Everyday Casual
312345794_161849616530537_8849681469306178898_n_jpg.rf.v4FSEf0ks2tSzH5BH0Xn.jpg,Everyday Casual Kurta,Everyday Casual
288379447_397481812399582_3287530975647650365_n_jpg.rf.vUEZuPyHvOLXGmh4nUno.jpg,Other,Other
362224179_18256705453093875_4644193500455446531_n_jpg.rf.vCVNwlYwm6D1us7Z7Yoy.jpg,Other,Other
358142158_18254949352093875_716516984319744266_n_jpg.rf.voe1hx5AccudMsRjY2OQ.jpg,Other,Other
387672297_694627242296666_3887091069738574255_n_jpg.rf.vvDbZXxU3OIcIbKKrL53.jpg,Everyday Casual Kurta,Everyday Casual
386877691_2880926205380974_2045577215243038531_n_jpg.rf.vo64BOQcagtfZjIZyi6l.jpg,Wedding Guest Maxi,Formal
345156396_1277937973094780_1850850227481574537_n_jpg.rf.vWVe8BbXuhWEn4GgRy8A.jpg,Other,Other
386873414_847527270398754_7011117925866498447_n_jpg.rf.w0x6NECuoiGg7srmE0Py.jpg,Everyday Casual Kurta,Everyday Casual
325851474_1215418146044567_3114589669618262361_n_jpg.rf.w3z52XFMruACs7T6wTJa.jpg,Semi-Formal Kurta,Semi Formal
296136270_1218059545594781_5605108866465479535_n_jpg.rf.vvI3pnx67pVwOYrVeHeV.jpg,Wedding Guest Kurti,Formal
307636480_474138364639507_7600105378952372728_n_jpg.rf.wOO5p28ZRjOoezmormQi.jpg,Everyday Casual Kurta,Everyday Casual
337350920_589703213083732_6546786815300880409_n_jpg.rf.wWwr9zu97YF2qu8qu7Vd.jpg,Everyday Casual Kurta,Everyday Casual
354810082_952574512683646_2859242815052632439_n_jpg.rf.wdmz9IvFXh1WENO6LLNZ.jpg,Everyday Casual Kurta,Everyday Casual
317633045_5587778491310323_7798582460293006420_n_jpg.rf.wY0ZaTV9Oc1FByHLY9T6.jpg,Semi-Formal Dupatta,Semi Formal
340716458_917153036003317_8365021820304083303_n_jpg.rf.wcIDO64BD8QBK0p7SEy2.jpg,Other,Other
299727744_575349710901735_1030886512375036227_n_webp.rf.VXY6OCRPlhc7ZS275o8p.webp,Everyday Casual Dupatta,Everyday Casual
313503304_183449727574259_8716159303705509739_n_jpg.rf.VTyNTR8jJ0LoMlwvAR0r.jpg,Other,Other
335559045_876305920138345_418687169246052419_n_jpg.rf.wae3Fq7PBnfbPAOeJt3V.jpg,Everyday Casual Kurta,Everyday Casual
310966483_763535194837726_3898819060248006575_n_jpg.rf.VoCjRcVy0L4Ice1MfbZo.jpg,Other,Other
313095478_526293792652765_1971390283054137036_n_jpg.rf.VyxV9gGaUxh9JDsFa2P9.jpg,Other,Other
376808631_854592539360342_2711653837993461306_n_jpg.rf.Vq0COuhzoHTJOP5i4Rmt.jpg,Everyday Casual Kurta,Everyday Casual
313308462_814113763142481_3916049856213690914_n_jpg.rf.VnDQgDEoguYWt9KhPLfB.jpg,Other,Other
306707690_539503627975850_543862339425993494_n_jpg.rf.W3PhAZS0jid1eVe8ebJ0.jpg,Everyday Casual Kurta,Everyday Casual
331708781_504322895224042_8120709399360574796_n_jpg.rf.WHKSawfMaLxoVDqkbzir.jpg,Everyday Casual Kurta,Everyday Casual
354456035_642119677948391_6507488053593180836_n_jpg.rf.WB3LHAFvqkPh2DOkLeH8.jpg,Everyday Casual Kurta,Everyday Casual
365961128_681848213989005_5594664606694167079_n_jpg.rf.W8mvhhrpBlx5AXwqDVF3.jpg,Other,Other
311809034_640891354427256_665996576959671305_n_jpg.rf.WSK3mibfP7OYmrvBcZDN.jpg,Other,Other
332323003_600751891921885_2742524413321169945_n_jpg.rf.WKM0wGsgDAHgSoi2eNLV.jpg,Semi-Formal Dupatta,Semi Formal
337635399_211087264859167_8672115356897308384_n_jpg.rf.WFILzFR9sthZQkxH3nB5.jpg,Everyday Casual Kurta,Everyday Casual
362978476_1423020984938078_3052330760074434814_n_jpg.rf.WHaBY7JHOjxGqMFvWdmY.jpg,Other,Other
328583030_3349070992014907_8775567561645411905_n_jpg.rf.WgXGb0TTNZm0iF7xkIxh.jpg,Semi-Formal Frock,Semi Formal
387268463_306531278802931_4023109513046053221_n_jpg.rf.WnAToQujmxNvotmilnND.jpg,Everyday Casual Kurta,Everyday Casual
329429691_520218206977515_6808949123470813746_n_jpg.rf.X8jUlQyRHzpgeCsEJpBl.jpg,Semi-Formal Lehenga,Semi Formal
312432632_160152996483835_8242246257498913757_n_jpg.rf.WrxtZWl1wHxV4jQFRoRU.jpg,Other,Other
294944417_202105575480842_671248663380036007_n_webp.rf.XKm6pq5JjEnpWOJeI0xy.webp,Everyday Casual Straight Pant,Everyday Casual
339836265_1322370811953436_8708304876574258441_n_jpg.rf.XQ0HcoSq58ndB6nEVDPE.jpg,Everyday Casual Kurta,Everyday Casual
350529520_1173124776661763_6835972813565837145_n_jpg.rf.WWQa3zVJ4wtEQg3klAYg.jpg,Everyday Casual Dupatta,Everyday Casual
370518467_2249155911942527_3639404610419350999_n_jpg.rf.Y6EhMbKO6tlKrgaXuNZl.jpg,Everyday Casual Kurta,Everyday Casual
361857744_291839126693116_5681172980496523264_n_jpg.rf.YDWSSUmJXWbHjYOuoBDO.jpg,Other,Other
292789405_2881670872127420_7628419302706017062_n_jpg.rf.YHusB6Uwj8vC5y7aynbe.jpg,Wedding Guest Maxi,Formal
294642359_1986377928222338_8876575133822732824_n_webp.rf.YFafOzZ87cyoQNHlz4gC.webp,Everyday Casual Kurta,Everyday Casual
332954524_927175061754801_4394939613482416712_n_jpg.rf.Y6UXmiExCVoxvhXLHxyW.jpg,Semi-Formal Dupatta,Semi Formal
348863254_548615143900784_986772252119342933_n_jpg.rf.YMdZBUXjHisdoZyRJyOP.jpg,Everyday Casual Kurta,Everyday Casual
362272579_294082556468773_8498138174712869363_n_jpg.rf.YNp2nuaT9SkwNhel69PA.jpg,Other,Other
340658714_244513464613142_5215209809800746805_n_jpg.rf.YMTVMhh7uvTzfTGmjzFZ.jpg,Other,Other
337772982_1260849158168082_4138173240629145604_n_jpg.rf.YbtlmvI3ZgXZFlY9Zu8L.jpg,Everyday Casual Kurta,Everyday Casual
277841320_934153867275412_211883493667532494_n_jpg.rf.AiaYg6qCg72zj6faQA79.jpg,Wedding Guest Maxi,Formal
336349422_1958891771127831_3392474797537261637_n_jpg.rf.ASwBSUPFT7azDtRIejD5.jpg,Everyday Casual Kurta,Everyday Casual
362317751_6358694034180017_4914992150714208006_n_jpg.rf.AjprdggXheMRAFz3eq4f.jpg,Other,Other
361268748_829356891883907_7428397616514217226_n_jpg.rf.ArvBfOlVFFLzLXYhoGzF.jpg,Other,Other
351455852_962012245117853_2281964162197531434_n_jpg.rf.AXLjFFMac8R8MBvhoNaK.jpg,Semi-Formal Dupatta,Semi Formal
240513293_814367225942157_2883025424171248725_n_jpg.rf.BOqxp6aU3K3XSWrojc6k.jpg,Wedding Guest Peplum,Formal
350673979_947783299820903_6080344995348325700_n_jpg.rf.Ao8UfFuFq6DTjXSYklkt.jpg,Semi-Formal Kurta,Semi Formal
347247702_669934838506610_2902610441415821502_n_jpg.rf.AyPnDJsbMrtCmvsXQFlf.jpg,Everyday Casual Trousers,Everyday Casual
291320778_1955875227934438_9139448600617058791_n_jpg.rf.B205LydIAAyYia9im6Gg.jpg,Other,Other
329764708_616530430332353_6882266533356033287_n_jpg.rf.BklMtin58jrPygnZxNQY.jpg,Everyday Casual Kurta,Everyday Casual
347255972_663600769140017_6075679259386247587_n_jpg.rf.BaJItTzlBTgvG4Dh92CN.jpg,Other,Other
339363247_189284533857279_4584047024232524242_n_jpg.rf.C2FKb5AzBULDcAgeOGFa.jpg,Everyday Casual Kurta,Everyday Casual
350848194_999928591380845_3426384593141872121_n_jpg.rf.CDjwNfSmHq8vrmCx5OPz.jpg,Everyday Casual Kurta,Everyday Casual
347401942_658624666304294_6547658774870266843_n_jpg.rf.C95EhBAbPChYq795iZMz.jpg,Other,Other
359113443_2223153014542050_7006483033470894978_n_jpg.rf.CGTDpB0NPHaLqQQatZIK.jpg,Everyday Casual Kurta,Everyday Casual
359489764_18380453656053839_5305104003637667749_n_jpg.rf.CQ943yuk1VrRQN64vler.jpg,Other,Other
334313165_1197148480919971_8654500241844415785_n_jpg.rf.CU7Z9YiM8Dke7rMSHSXK.jpg,Everyday Casual Kurta,Everyday Casual
327342057_149320094625595_3964581942856788967_n_jpg.rf.C4qaaE5P6xGjXYGQ71Ai.jpg,Other,Other
387266811_534463738881752_1697190780266515617_n_jpg.rf.Cb7QqcuqNJerW48bKhie.jpg,Everyday Casual Kurta,Everyday Casual
372885236_776227970945342_8780394693620713504_n_jpg.rf.CuBmEhqfzsHO93mBWCXw.jpg,Everyday Casual Kurta,Everyday Casual
334595267_901291567790524_5466305202434576215_n_jpg.rf.CUCHZ7Em5gSroIZtLXBi.jpg,Semi-Formal Dupatta,Semi Formal
308342132_156178680374291_140579157647305538_n_webp.rf.D7C3mICLwfFIV4oBZQjw.webp,Everyday Casual Kurta,Everyday Casual
339704351_1605613829864450_493807410811872706_n_jpg.rf.DGIIOHpgy0RNKiKRlkCj.jpg,Other,Other
344464256_760032022291872_1537737576992926266_n_jpg.rf.CvXj5qwdNYmcUP5oMIGU.jpg,Other,Other
313130985_1318432352246178_1951396095977176845_n_jpg.rf.D13FZmN1y0xj8kw6EJ3X.jpg,Everyday Casual Kurta,Everyday Casual
385574106_284385817863066_5602430439989098608_n_jpg.rf.DOPLwBo2nCDwYkhBHOBt.jpg,Wedding Guest Kurta,Formal
332358717_457020616554213_8235595202693044522_n_jpg.rf.DVeGC0DtRZzkEZZngQK5.jpg,Everyday Casual Kurta,Everyday Casual
296399381_748945343016101_7276255613927581639_n_webp.rf.DaYTtVLg6oMIPeh5oJYb.webp,Everyday Casual Kurta,Everyday Casual
362275031_18295167637184038_4744222148768743069_n_jpg.rf.QHtHEG3EoGuEyNJaiazf.jpg,Other,Other
338346129_567067585399603_2612491292135100537_n_jpg.rf.DamSjVF3PMidEiKybg4i.jpg,Everyday Casual Kurta,Everyday Casual
354495983_526700162880431_3811993383913269959_n_jpg.rf.QKGVyLUMCfh9fr45gLWH.jpg,Everyday Casual Dupatta,Everyday Casual
367403467_301317492442062_4672697294045816897_n_jpg.rf.DQGFPXBU1wC2RMDcHOml.jpg,Semi-Formal Kurta,Semi Formal
304940495_1159283374623819_4000174078065006014_n_webp.rf.QM5PPr2li4PE1IeUzgis.webp,Other,Other
345044959_6102311053184257_7853874080598535317_n_jpg.rf.QPDNMjE7XyKuuStBWdag.jpg,Other,Other
352193432_931175761520022_5420909967135483323_n_jpg.rf.QX6bG7cnyUlNWPJzkaIn.jpg,Everyday Casual Dupatta,Everyday Casual
317825257_519940790157111_8619056635737131551_n_jpg.rf.Qg6RcHCInoTfXxsqKEVy.jpg,Everyday Casual Kurta,Everyday Casual
313283129_158483760209613_3306028842532940710_n_jpg.rf.R4EutnRpa9fKEOdJwoYl.jpg,Everyday Casual Kurta,Everyday Casual
322935633_727386535411282_402592197872473535_n_jpg.rf.QvR3epvWUqoj2XSZVM9j.jpg,Other,Other
385812949_1094828261495645_1278942075452529375_n_jpg.rf.QjETQqjpKvNnfvhzDrm8.jpg,Wedding Guest Choli,Formal
356214039_18377884756053839_1671801065790358083_n_jpg.rf.R7mR3KM9yoBjkk1NI9T3.jpg,Other,Other
366437517_1008241493640355_2004464342919439956_n_jpg.rf.RBmAihydTAqWMNveuiez.jpg,Everyday Casual Kurta,Everyday Casual
320323094_1345247576233308_4140312365635582582_n_jpg.rf.R4nAqkK4wX5XvGSIWKjx.jpg,Everyday Casual Kurta,Everyday Casual
386836310_1112885753022259_3878958628040772640_n_jpg.rf.RZoRlx6kMSatf1MIhK4O.jpg,Everyday Casual Kurta,Everyday Casual
372016073_1048843189444877_4793317153333077626_n_jpg.rf.RBoCBMDQ3FSJTU2C6vlD.jpg,Everyday Casual Kurta,Everyday Casual
340988258_3430142567200680_1209039707626812847_n_jpg.rf.RhvGHcvQruukkdhfMEAR.jpg,Other,Other
287750430_433608148581659_2607352676459765916_n_jpg.rf.RyivDjwHy5GVH58wVOnZ.jpg,Other,Other
333941660_1392691181484127_6582331500811901921_n_jpg.rf.Rx76J4edYhWNPvQG8iDk.jpg,Semi-Formal Kurta,Semi Formal
316153310_2953573768283320_2666579210962625555_n_jpg.rf.S8z3uo1lADFHso1rcKHQ.jpg,Semi-Formal Kurta,Semi Formal
296367777_2812911799017781_6149887075041007702_n_jpg.rf.SIpMtLsggXkL2u8pRBha.jpg,Wedding Guest Maxi,Formal
332587216_2426268490882783_6817161207493048075_n_jpg.rf.SNHT1kWVdGQSNnu7TJHm.jpg,Other,Other
316845636_4122549154551010_9131516665351343361_n_jpg.rf.RulYl34YyEMdOLmACWSf.jpg,Semi-Formal Dupatta,Semi Formal
313325581_661602212036790_3808597179891956187_n_jpg.rf.SugaAD3vT79QZtCmYgOF.jpg,Everyday Casual Kurta,Everyday Casual
375818231_1001674514407956_1454879068211020293_n_jpg.rf.TCTMCvyrMQcYHq6VMkwE.jpg,Everyday Casual Chooridar,Everyday Casual
320726037_543069544162591_8204148574587375033_n_jpg.rf.T1WAOp3bX0GUw6tKFizH.jpg,Everyday Casual Kurta,Everyday Casual
347250856_667553342078093_8747394432199319216_n_jpg.rf.THt7ItkFRa5Tc3PggEOj.jpg,Other,Other
390963732_1003638900903406_4083867877951873974_n_jpg.rf.TSzpDUOIVuisc1ZXs9So.jpg,Everyday Casual Kurta,Everyday Casual
350883597_6908108782536661_4216157862756153042_n_jpg.rf.TYMk8tsSt3mTlTFLoX1I.jpg,Semi-Formal Culottes,Semi Formal
350079696_665837292021522_6777386859170636102_n_jpg.rf.TMskFaVXA55fvmwOMIJ5.jpg,Everyday Casual Kurta,Everyday Casual
341173990_136051115965184_611602188086891906_n_jpg.rf.h1WLZAy79Z3jDZRdqTnp.jpg,Everyday Casual Dupatta,Everyday Casual
341736622_892618351815803_7695141002165904741_n_jpg.rf.h2a6odq3UOeMU7x4Hddl.jpg,Other,Other
289180538_155768300303996_5509394172330921648_n_jpg.rf.TZDiIzZzifWjCu5PKJyd.jpg,Other,Other
362683540_664708169024356_5859491202981101126_n_jpg.rf.h2pb6BO24keMT8K6q7vX.jpg,Other,Other
361109804_684344050399022_2954528360964735080_n_jpg.rf.hEuHySZBOEO6WI9MjV8r.jpg,Semi-Formal Kurta,Semi Formal
320122874_2458270551044877_8798263309076127197_n_jpg.rf.hR1TfFsQSTMzMNE2BEZN.jpg,Everyday Casual Kurta,Everyday Casual
358015550_822107512608845_8400338400868376508_n_jpg.rf.SgHVfY7cJHnyRHyqoXK5.jpg,Other,Other
362694536_3585543388440131_631336512457217983_n_jpg.rf.hXeapP8QeUH4E2u5Gzqt.jpg,Other,Other
370322110_312209911322704_8822738764613543057_n_jpg.rf.hB8isovLqU4IO2nldFd8.jpg,Other,Other
299861783_3162876853966354_3817707749548366412_n_webp.rf.hiVuX6ejUHxESkFu413n.webp,Everyday Casual Kurta,Everyday Casual
368122480_693514022619692_6745924293321500663_n_jpg.rf.hhVINrdJ6vhaeRyoCalE.jpg,Everyday Casual Kurta,Everyday Casual
361620058_200386049359517_6940252676507198932_n_jpg.rf.hoNTjXaElJfwuUK6W0An.jpg,Other,Other
366581803_695477759285651_564182894548987584_n_jpg.rf.hmb36W6IPUXRxOcqEIyl.jpg,Semi-Formal Kurta,Semi Formal
350092144_1614251012376547_1043405947009122184_n_jpg.rf.hwgWx7QzmYBPkXEi5C3a.jpg,Everyday Casual Kurta,Everyday Casual
366701763_304803162063379_8790551629125015781_n_jpg.rf.hwasbpaOh8771HSZkL4x.jpg,Other,Other
347398859_818006259685637_1292940167549976639_n_jpg.rf.iQfn9zVaCcWLh3IILJxv.jpg,Other,Other
338297069_138128092343951_1445275901082945259_n_jpg.rf.iJnaSbO4x8fT0VeS2W14.jpg,Everyday Casual Kurta,Everyday Casual
362007639_1050535155916836_4007630413924403680_n_jpg.rf.jI73cjpj2b2UbbLJirj8.jpg,Other,Other
371040314_831638461701732_8874982993523898585_n_jpg.rf.j026EuvMJU3Y6PQFLIBs.jpg,Everyday Casual Kurta,Everyday Casual
297382810_1259332731562673_6045311061323560437_n_jpg.rf.hrYPSgVr9oEDtkgfmiCs.jpg,Wedding Guest Choli,Formal
332519453_186226614045597_6204376364975761132_n_jpg.rf.jIBRKkNQiIvUCbV7Tk01.jpg,Semi-Formal Kurta,Semi Formal
369652140_1015902666276690_4778265265041907824_n_webp.rf.ikXmYrKUHa7NQ40frHyt.webp,Everyday Casual Kurta,Everyday Casual
346664906_1350133119241443_9035766348938401131_n_jpg.rf.jNKN8btdx32kYWTUjW7G.jpg,Other,Other
391125690_856918552491973_1537636885588753395_n_jpg.rf.jOB0FmF48VHjMkFpczeO.jpg,Everyday Casual Kurta,Everyday Casual
387832857_731848735648553_8528155238092308597_n_jpg.rf.jrSl23Yl6LA54Rv2lbYb.jpg,Other,Other
363883030_606949411566188_2689266883565804006_n_jpg.rf.jkzKb0bDgeBs8PpbO1UY.jpg,Other,Other
358763063_1226170474768795_2639328598128994110_n_jpg.rf.jyaaVf2srszITjJk7l8p.jpg,Everyday Casual Kurta,Everyday Casual
387684444_256403790694244_4076496351507598045_n_jpg.rf.jIwOWh3AikljLUN3ejA7.jpg,Everyday Casual Kurta,Everyday Casual
335566266_501832988621596_6053722665571468163_n_jpg.rf.kkDKcBsvMKstViyRycBR.jpg,Semi-Formal Kurta,Semi Formal
313492596_136090245877174_5690114089486544188_n_jpg.rf.k21jrH63Tr9Q9MhmILiy.jpg,Other,Other
387773436_731847852315308_4527053084530824767_n_jpg.rf.kv80GumSDiwzg7HHdikB.jpg,Semi-Formal Kurta,Semi Formal
338460396_170434719199944_4375421528697676355_n_jpg.rf.kb7mv67199HmCl7iWub4.jpg,Everyday Casual Kurta,Everyday Casual
336033791_230767642874930_4986055512654992758_n_jpg.rf.tpRqaWVHqjUa535vaMPP.jpg,Everyday Casual Kurta,Everyday Casual
300494644_1068888177165257_7033924308103166638_n_jpg.rf.tcwcSpK2G2dbFSEeqre9.jpg,Other,Other
369812834_703319328303938_3516999347079250101_n_jpg.rf.tfl6HjKfjqBuGuRqZ48j.jpg,Semi-Formal Kurta,Semi Formal
354066118_285353953914011_1589455250045804028_n_jpg.rf.tnn8GID0ItY0EqUIqIMZ.jpg,Everyday Casual Kurta,Everyday Casual
366117943_139617009146145_1795986639323959307_n_jpg.rf.uDxYuHMtKnCre11nwAfg.jpg,Everyday Casual Kurta,Everyday Casual
333905381_588410773168986_1567098785556432257_n_jpg.rf.u4Mm7NFDnqYNDv84ttxt.jpg,Other,Other
283218559_312446974258919_5711852580838767068_n_jpg.rf.ubqvTObl63jeaMQsmvRu.jpg,Everyday Casual Kurta,Everyday Casual
292286361_755098892193794_108314086876563199_n_jpg.rf.v1PTtKZbgWAkUReRQxaV.jpg,Everyday Casual Kurta,Everyday Casual
332266129_3439317872990312_2009797008284061808_n_jpg.rf.u7WKbaP6QHwOfM3wJiVH.jpg,Semi-Formal Kurta,Semi Formal
317408782_507073328118997_3907938373703948509_n_jpg.rf.utgyXzdjBDzeqObp84qc.jpg,Other,Other
312632177_1149821139305848_8360680679524768416_n_jpg.rf.v6F5jFcYt5HmPEQatSdP.jpg,Other,Other
306347111_442989944300399_6069900465256758640_n_webp.rf.vNwNQJqgCbeLkpJWvUgZ.webp,Everyday Casual Frock,Everyday Casual
382357832_684776649926312_382850202068621959_n_jpg.rf.vodVJpzlLa5aR5enRcXm.jpg,Wedding Guest Dupatta,Formal
362978476_738580981403433_1634553690605820272_n_jpg.rf.vIGNELPie9e1dShbxSmd.jpg,Other,Other
370429622_871109134371745_3779556758738502602_n_jpg.rf.vpK5Lah0qGpUVC7isR5z.jpg,Semi-Formal Kurta,Semi Formal
283537593_1938513766480496_4181456280584472930_n_jpg.rf.wIDqsKOQKdcvuENuiAFk.jpg,Everyday Casual Kurta,Everyday Casual
284237189_7831594693517628_7931013379221471342_n_jpg.rf.wQ4XF3SQe9avYiv2iZ2f.jpg,Everyday Casual Dupatta,Everyday Casual
312729932_2198632713631882_1801727784579964297_n_jpg.rf.wPkqg8vUdDYcFrsXAshT.jpg,Everyday Casual Kurta,Everyday Casual
295484343_145641414747212_4577323861894935483_n_jpg.rf.wPurUOoVOEfDuoKeo2yt.jpg,Everyday Casual Kurta,Everyday Casual
369404447_202923822777052_2793726893493003169_n_jpg.rf.wQU7cRrlJ25nkBWHWgTa.jpg,Everyday Casual Kurta,Everyday Casual
374166799_815519706972544_4912907299675346387_n_jpg.rf.wV4KArjMQKxLcp60j4Un.jpg,Everyday Casual Kurta,Everyday Casual
339120627_759606829001154_7515143218963231223_n_jpg.rf.wmp7twVRKvym53Y9W2fs.jpg,Everyday Casual Kurta,Everyday Casual
316810601_2539237972891075_784023326170587588_n_jpg.rf.xBc50MM0cwT6lKMC84mk.jpg,Wedding Guest Kurta,Formal
324229576_487173273488205_9071150637596393592_n_jpg.rf.x1YRPewMUB1lcYMpJrtC.jpg,Everyday Casual Frock,Everyday Casual
280686535_1371719923340147_8996308673695120072_n_jpg.rf.wyNGMi2qQrxZKQ0u9aqW.jpg,Wedding Guest Kurta,Formal
370474615_845063683646561_5127616306211189925_n_jpg.rf.xTuYQJp7YvdnS23i5m3A.jpg,Everyday Casual Kurta,Everyday Casual
336829203_1238595330425604_8521367298937414710_n_jpg.rf.wtP8ZpBu7cNivzqg6juR.jpg,Everyday Casual Kurta,Everyday Casual
341811419_762274682081970_938094719479523236_n_jpg.rf.xcUaDGkZdcp8aU1aIe1l.jpg,Other,Other
355139198_645031650990527_7125916423255101165_n_jpg.rf.2ME5wvcjpXvvJ7sGTBp1.jpg,Other,Other
297322705_438022504914446_2372772034597660638_n_webp.rf.xipQK6j3U6ZeYWE4HipH.webp,Other,Other
391619042_18307877926184038_3080896261639402974_n_jpg.rf.2bEqpg7OntvaP7IQNttJ.jpg,Everyday Casual Kurta,Everyday Casual
329949897_1548076029005644_9191815282424040483_n_jpg.rf.xYODIR6kIbhiNXMhQ0qG.jpg,Other,Other
306979708_194338022952660_3761164191183732327_n_jpg.rf.301DgYNjDZ732UiYRgWR.jpg,Everyday Casual Kurta,Everyday Casual
285199588_1014326446140721_468752789883225003_n_jpg.rf.384jL3dqYzGXelVXA0UX.jpg,Other,Other
361807543_789779212851227_2582877561501763686_n_jpg.rf.2l5kzCAnAJEZrZU23HDj.jpg,Other,Other
138437350_730937820884175_1667630017600793922_n_jpg.rf.2sgJdNUKHg35Be9hd6Gn.jpg,Wedding Guest Choli,Formal
363522211_1402167573681373_4879877882269145070_n_jpg.rf.3DKlJC4pgEEmeA6XJ0zR.jpg,Other,Other
330275719_745687207264918_262277996694901938_n_jpg.rf.3HqL1UOy9TA1RBeFFWXz.jpg,Everyday Casual Kurta,Everyday Casual
329881754_555609239965892_7170742527744729822_n_jpg.rf.3fmcFWj2YNWw3hST39l4.jpg,Everyday Casual Kurta,Everyday Casual
387179555_334655082411520_8476339279168232737_n_jpg.rf.3LVwEi9udKtRpT7pU5dR.jpg,Everyday Casual Kurta,Everyday Casual
299895970_813536296340186_776801052995060542_n_webp.rf.3QOor1RLB7soyETcGMNc.webp,Everyday Casual Kurta,Everyday Casual
365468082_299929699217392_7792093405190237554_n_jpg.rf.3jk5NQdbkqdipkv7fDqu.jpg,Other,Other
306431889_625129212335127_1413794343002632350_n_jpg.rf.3lwhgMmmi79F2JD5iA7p.jpg,Other,Other
316528835_1840300842981979_6091415033511586828_n_jpg.rf.4BriHrw8efehxdBaTSPo.jpg,Everyday Casual Kurta,Everyday Casual
337324895_604597891707905_9207557665307758185_n_jpg.rf.3r8jZS5KcN1lJLQsBWXz.jpg,Everyday Casual Kurta,Everyday Casual
318020549_4995303040572321_1408824355205374139_n_jpg.rf.3t4l6AfzXSE6pQaQkyGS.jpg,Everyday Casual Kurta,Everyday Casual
391351540_849219236662373_4152099679353118946_n_jpg.rf.4EOzQIkTc9aAiVcppegO.jpg,Everyday Casual Kurta,Everyday Casual
347389073_1287882838777499_6383698371951054091_n_jpg.rf.3zkhN8THNLZ2dagu2rn5.jpg,Other,Other
337832399_903498317409790_1258856673049230149_n_jpg.rf.4K9kJTztsRbf7fkOPKfM.jpg,Everyday Casual Kurta,Everyday Casual
300514510_369696645197533_3876214260546786758_n_webp.rf.4UjLNenITLVyCtg277qg.webp,Everyday Casual Kurta,Everyday Casual
350099792_1276520892977843_2910125953819699623_n_jpg.rf.4GWvbwGpJqyA0p6xMcP5.jpg,Everyday Casual Kurta,Everyday Casual
366149154_5717340128368659_6450807236360107058_n_jpg.rf.4LLqD1ugC6NMhYNgQlcI.jpg,Other,Other
330979820_433068688982931_4800619696853962736_n_jpg.rf.4j7uZh2g4IkRqBDXD5Cs.jpg,Everyday Casual Kurta,Everyday Casual
387761219_860213652057520_8607626295013907245_n_jpg.rf.4TLPkh6hkdfE6P9iL37r.jpg,Everyday Casual Kurta,Everyday Casual
317638333_520407123306362_2236591873938518305_n_jpg.rf.4XD838CY7ee2AAytMOB2.jpg,Other,Other
328434759_588173226076264_4782253524276549187_n_jpg.rf.4sYNjHjjPaMrKg9TNzgN.jpg,Other,Other
338253905_235803312188262_2302973829395194509_n_jpg.rf.5G8mbxSuFzLQs5Z1VXvp.jpg,Everyday Casual Kurta,Everyday Casual
325863768_1808233569544415_5749984321486716964_n_jpg.rf.50qfQeC2ah8b55lIq69Q.jpg,Semi-Formal Kurta,Semi Formal
310800311_1091298311751544_4065244264376028190_n_jpg.rf.5JVYM2bsZoD4w2aMaKyv.jpg,Other,Other
331091756_147029814879212_788966541027518200_n_jpg.rf.4kMzxR3jzFiQyGR0sRvV.jpg,Everyday Casual Kurta,Everyday Casual
342060015_2161603704028180_1333653012874114179_n_jpg.rf.5BjyPUPWjRN3Ewu07Dfy.jpg,Everyday Casual Kurta,Everyday Casual
382940762_167641463053896_494656079840828477_n_jpg.rf.56CZJwaDj4WzV7u7Q7po.jpg,Everyday Casual Kurta,Everyday Casual
332541518_957504495657591_8767888989826523122_n_jpg.rf.58d1QmRIYHoCTuVmDYQ1.jpg,Everyday Casual Kurta,Everyday Casual
359514242_289747596902269_5424543980150759724_n_jpg.rf.5N2jTOQNXOMjhIBfNzAk.jpg,Other,Other
334309187_1939359606397945_3918712382180823829_n_jpg.rf.5ZkX16D6oKlCHzaW75b1.jpg,Semi-Formal Kurta,Semi Formal
366447427_674254347924789_4319239922325338889_n_jpg.rf.5NDoCvpTB605znC49BcA.jpg,Everyday Casual Kurta,Everyday Casual
315989267_689623249184238_2982901363161769636_n_jpg.rf.60ajGXVxO37hjM5sNlzV.jpg,Semi-Formal Kurta,Semi Formal
337117078_247492460949160_4545103439125114554_n_jpg.rf.6JMC1ooyqyqEt9VZIrzn.jpg,Everyday Casual Kurta,Everyday Casual
286423673_557833892524444_580135638998350353_n_jpg.rf.63usUvtLE3a21JJAGAih.jpg,Other,Other
319018858_839573320680282_8365816400920091414_n_jpg.rf.6HisieihNk058cXCfPsP.jpg,Other,Other
360045060_293094716448270_5488015087149143039_n_jpg.rf.6gtJqgN5FdDcuIIkJMvv.jpg,Other,Other
359802327_822106612608935_2636184517885786237_n_jpg.rf.6NoKhP1KzeaV1BpMlk5t.jpg,Other,Other
347081732_799212914789436_575683221752891505_n_jpg.rf.6QE5IqhS8g5mRtp4bYsK.jpg,Semi-Formal Anghrakha,Semi Formal
339468251_950218692776021_679431370726718147_n_jpg.rf.6hEomspezihCstH9LnyV.jpg,Everyday Casual Dupatta,Everyday Casual
294051416_3144021792513476_7545886378684366845_n_jpg.rf.7NikX9KPTXdg9lR4JOSj.jpg,Other,Other
312620818_1295054731255207_3308938835124880189_n_jpg.rf.6zkQAKdmgiqOF0ivmqRR.jpg,Everyday Casual Kurta,Everyday Casual
331691333_588460069520057_4827792804968342535_n_jpg.rf.7CQAwAt7lA8Ga5rhV7mz.jpg,Everyday Casual Kurta,Everyday Casual
296000425_1212418499595121_3169833127336656149_n_jpg.rf.6kanAx8gYLe3OA8CYWsn.jpg,Other,Other
375231687_362230459472111_7506444711666556158_n_jpg.rf.7kKN8pNFfSdUUBhx4Gwn.jpg,Everyday Casual Kurta,Everyday Casual
372576425_601798202166111_6643664739986165129_n_jpg.rf.7WzAOK1T1p0ucSVPXYHO.jpg,Everyday Casual Kurta,Everyday Casual
386397637_1714179192423185_5805775704641770076_n_jpg.rf.7bJvfdlX3JhS7agORDpq.jpg,Everyday Casual Kurta,Everyday Casual
318527736_1083192539020856_6708223756001213497_n_jpg.rf.7PpGGuukqoFoA6qyjuWN.jpg,Other,Other
387179013_706694124824279_4096581870026935345_n_jpg.rf.7rdKtVqpXoRKuZeAfTtf.jpg,Everyday Casual Kurta,Everyday Casual
386305838_1266860897318493_61178068829031242_n_jpg.rf.7njlpiMNbfyuky34ztH0.jpg,Everyday Casual Kurta,Everyday Casual
342953156_181076234854834_8661055782848271582_n_jpg.rf.7p9AHUBQLWrrbBZOA2PE.jpg,Semi-Formal Kurta,Semi Formal
299308730_387826643471403_8896874401311373735_n_webp.rf.7vZOIhwm5nqwKTKmSnuZ.webp,Everyday Casual Kurta,Everyday Casual
386244022_6722455284511704_1789372059304965861_n_jpg.rf.7zvD0MNS7btcYGmd85S3.jpg,Everyday Casual Kurta,Everyday Casual
306516305_178037588062418_881556485003077876_n_jpg.rf.7wOctbGUCWXPmpXYFoqK.jpg,Everyday Casual Kurta,Everyday Casual
276089260_541369087313808_2203151301826883022_n_jpg.rf.7xxS93K9lhkmVsHgQfzI.jpg,Wedding Guest Dupatta,Formal
283319257_5332461193487325_9085009171369554238_n_jpg.rf.wpG9hXB7INBUEywGnl1T.jpg,Everyday Casual Dupatta,Everyday Casual
362062658_612725947653825_6024405685727139216_n_jpg.rf.wpQ7FskLTqn17DoFhPxx.jpg,Other,Other
348760540_134009746351666_6953886140340453897_n_jpg.rf.81EQqiy6n7HbE2Eqh1yt.jpg,Everyday Casual Kurta,Everyday Casual
366457053_6586560081422328_5836252077376372863_n_jpg.rf.xRSEb5qRPXujI97Xi9Es.jpg,Other,Other
333061216_945870769758146_4597084510974456771_n_jpg.rf.wycCTtOLMciUfKhpmlVN.jpg,Everyday Casual Kurta,Everyday Casual
341246322_1972824976393787_637912518116250074_n_jpg.rf.xgQ11heDMxguveaxebHb.jpg,Other,Other
386613386_332650635945298_7904425443074038874_n_jpg.rf.xMWiGLfeklDFS5lyRn1c.jpg,Everyday Casual Kurta,Everyday Casual
348255584_2735185033289900_2190826598312993219_n_jpg.rf.xfsJPVn1Snc5cQHkvFbc.jpg,Other,Other
288450991_915336773196452_6074740578900286037_n_jpg.rf.xuUoA4Wxvz5Gcwzv6Yko.jpg,Everyday Casual Kurta,Everyday Casual
391693691_337677175442644_4959525293500795744_n_jpg.rf.xof3QXrNorZxJwbJLMoE.jpg,Everyday Casual Kurta,Everyday Casual
385841012_1402172863983031_4137421341623212526_n_jpg.rf.xx3rWAaVKr3c2Urk3dUH.jpg,Wedding Guest Maxi,Formal
369813106_1315405746035678_3619136765827253916_n_jpg.rf.yNtc0xwGYjbyRzti0ynb.jpg,Other,Other
350243175_736284048497113_7454453840479570132_n_jpg.rf.yRa5tdTZLVs2QGUlwh80.jpg,Other,Other
386599030_725834392903594_2724303086875312976_n_jpg.rf.yi7OlBhZPOmOBnXrZ5oR.jpg,Wedding Guest Dupatta,Formal
353411553_303224352040055_2675486304336174863_n_jpg.rf.yjLYrx1UUJE4m90RvDIh.jpg,Everyday Casual Kurta,Everyday Casual
347557540_667554858744608_6933533003084816885_n_jpg.rf.y4nTVLXjMAUNGbLu52RP.jpg,Other,Other
317503012_462150579334447_7057932644404306551_n_jpg.rf.yq1YwVtqSFhIWal1gmJh.jpg,Semi-Formal Kurta,Semi Formal
297155413_737033330743708_5995346837112565151_n_webp.rf.yl4BXoD0axgKmqH0N8Nu.webp,Other,Other
386183357_332676552609373_6922626453445718659_n_jpg.rf.yZiCUzFGgcEtE6FnaftJ.jpg,Everyday Casual Kurta,Everyday Casual
386341470_627694476231413_5271017267747787623_n_jpg.rf.z9F5esPkuBDnBgDE33xh.jpg,Wedding Guest Choli,Formal
334012592_770890701062263_3582604582217675381_n_jpg.rf.z4bXL6YhpPKlLw0vZ0Le.jpg,Other,Other
359713698_678141081006259_8665964212870618659_n_jpg.rf.yvzCMpWeOhSLnRJsKKHX.jpg,Other,Other
317713114_183263147691151_5949224872839785786_n_jpg.rf.zLmZWzNSz2BxaqfAS0OU.jpg,Everyday Casual Kurta,Everyday Casual
309496805_474741641230329_6238363035853254810_n_jpg.rf.zO1YcVtztdcVjVguorDi.jpg,Other,Other
391623814_18307871377184038_4828682244292675011_n_jpg.rf.zA37OoEsLVywYOGCTMUq.jpg,Everyday Casual Kurta,Everyday Casual
354250803_647091487451210_1729811478330198171_n_jpg.rf.zOtpvWFQ1gO2wzZJd2q5.jpg,Everyday Casual Kurta,Everyday Casual
361614239_1985090221855613_3600082028782565383_n_jpg.rf.zXjB5Ng2VNrGTXSNBF5p.jpg,Other,Other
364768117_666862868808886_3667943776487984374_n_jpg.rf.zcc5fQXqNU1bqkuXWioh.jpg,Everyday Casual Kurta,Everyday Casual
351283835_977738300328214_4892719035341105562_n_jpg.rf.zg8hxrveOGVooaH3gt13.jpg,Other,Other
359708028_598517812428413_7544075175582929669_n_jpg.rf.NDQhli1APmmz6Tb8hp7z.jpg,Semi-Formal Kurta,Semi Formal
349175443_774228124165363_4499846630211443751_n_jpg.rf.z7ut2AUKqbFf2v4s0aBd.jpg,Semi-Formal Kurta,Semi Formal
317127361_865128071582077_5442558049357657699_n_jpg.rf.NGAXztbKYGkz5ExZg14j.jpg,Other,Other
333870732_208310528442357_3437617428487408995_n_jpg.rf.zjtnLofGameUhXBYKJ8P.jpg,Everyday Casual Kurta,Everyday Casual
347391176_211050011761068_5773842986333281735_n_jpg.rf.NWJ9RW1Iv8RTGOCU3hXO.jpg,Other,Other
347701683_223020557117234_5791234334488120852_n_jpg.rf.NdmpCQdPAYZeJU6efdNt.jpg,Other,Other
299757946_1238726090207900_5442111481967075818_n_jpg.rf.NGkSPFdShba5KojkzMSU.jpg,object,Other
353647419_686278096259859_1818383194885935802_n_jpg.rf.NcHhlTOrf3s1anFIjx5y.jpg,Everyday Casual Dupatta,Everyday Casual
387666889_1261482021218444_8841267597504032733_n_jpg.rf.NfSDtv9ShZyFBlrD3a2V.jpg,Wedding Guest Maxi,Formal
361924395_1317580912194948_8747547483873199278_n_jpg.rf.NhJF8h7Z7gNNkpmSOIFe.jpg,Other,Other
361665363_18371668801057254_5216371839869211966_n_jpg.rf.NllAqWWhhOWxO58oJ9oW.jpg,Other,Other
366261691_18297576340184038_4354693948404697411_n_jpg.rf.NeCe5xYjVPZtrZczXmrv.jpg,Other,Other
307823151_778079456803634_6686002158321542810_n_webp.rf.O8RBfdV0WK370XITDMsc.webp,Everyday Casual Kurta,Everyday Casual
343033444_891688768560327_4686433537603387953_n_jpg.rf.OvEeUfduF8VoNMyyKhwp.jpg,Other,Other
336942461_565618265353750_6299203026397426940_n_jpg.rf.OUqRjyvIwf1Tr35bbBIg.jpg,Semi-Formal Dupatta,Semi Formal
387270201_292925230348224_932542665404290695_n_jpg.rf.OukTNt6QY1eLsdI2T93b.jpg,Everyday Casual Kurta,Everyday Casual
330542720_722391235990715_4297674957681266522_n_jpg.rf.PD8dIp683YStbKw9Yd6V.jpg,Other,Other
363021701_687022436797850_1817821894390794834_n_jpg.rf.Nx5dEsqanUeHLmliVeLC.jpg,Other,Other
352249297_784458173268392_7225167661064317054_n_jpg.rf.P1xLMjo0BVJjOz2Z6KJA.jpg,Everyday Casual Kurta,Everyday Casual
337504373_730197521897959_6325299931958489741_n_jpg.rf.P6Dl9X0s4NV4gKbwKP76.jpg,Semi-Formal Kurta,Semi Formal
332581322_727630575704594_1209268851109066294_n_jpg.rf.PguFI1cN2ThR54rx3o8y.jpg,Everyday Casual Kurta,Everyday Casual
342733094_787991749513662_8815898180205284384_n_jpg.rf.PkhLDF1ZTtZ2nqfXKccW.jpg,Other,Other
344019402_239714391939544_3246588538316267210_n_jpg.rf.PnhcPPCCRTePetXEldA9.jpg,Other,Other
299192553_752642599190913_3139028007542745303_n_jpg.rf.PQDBLASzv6D2G6EAGQlt.jpg,Other,Other
364294752_1298050930816889_1921675273069329568_n_jpg.rf.Q1yBBApSrsRPhk09mJeU.jpg,Everyday Casual Kurta,Everyday Casual
331313660_231445669357438_7873457769144323276_n_jpg.rf.PkAX5qrp9HO5mHZoXoIY.jpg,Everyday Casual Kurta,Everyday Casual
306576309_173670868546354_3091869282186397889_n_webp.rf.QIPFenhdawtoYBBnQDkZ.webp,Other,Other
362286527_293193739890988_7986490522040163790_n_jpg.rf.Pz5AWyDItNdyOOkpa03Q.jpg,Other,Other
364389954_809468787290782_6391788003722094578_n_jpg.rf.PxTxPF2mVOCJEFrpXrn5.jpg,Other,Other
306482693_1444731335932309_2919469707582806602_n_jpg.rf.QLeuIcLCCZLQuE7DvmE7.jpg,object,Other
387829284_732458628920897_3557123730966429826_n_jpg.rf.QODw7KCjGRtoorGRRb2S.jpg,Everyday Casual Kurta,Everyday Casual
312829337_499073158782657_7563918302398835429_n_jpg.rf.QiKL3THUB8yZPUoSDDj9.jpg,Other,Other
352775372_1299868583964379_1933349865172324435_n_jpg.rf.d5fyTeMR8byTW42SuU7c.jpg,Everyday Casual Frock,Everyday Casual
349225202_210862307965337_6535464088692707959_n_jpg.rf.dQ90LchB3aJ6fAOmbeoI.jpg,Everyday Casual Kurta,Everyday Casual
387751887_335360789007616_7529731876912303862_n_jpg.rf.d6boJuxh1l1MlXTFWKWF.jpg,Everyday Casual Kurta,Everyday Casual
267912693_4722828931130698_7846354164751485512_n_jpg.rf.dRcFtU4GgycOps5q7qLJ.jpg,Bridal Dupatta,Formal
350240833_939249977131366_5554243131771101930_n_jpg.rf.dURcojCVhPUnOafJzfig.jpg,Everyday Casual Kurta,Everyday Casual
288745458_597527188274178_6964313538326288285_n_jpg.rf.d7QT97jQ6WOeS58XrqjG.jpg,Other,Other
374239329_322922413638062_4350221676070020530_n_jpg.rf.djmEpkaArG48K1SnfA7S.jpg,Everyday Casual Kurta,Everyday Casual
300822244_808389293505758_1211939843770642855_n_webp.rf.dhmJgaL5RkjZj9M1eVs1.webp,Everyday Casual Kurta,Everyday Casual
334426945_731938218569951_3523633068794675772_n_jpg.rf.dUf2f69y7Ti8w48TaKPl.jpg,Everyday Casual Kurta,Everyday Casual
343044856_1559467678121102_4888340970320973771_n_jpg.rf.dmBAWvdML51RheGCF8qA.jpg,Other,Other
361092844_6748656005198919_6375114486592503351_n_jpg.rf.dwX6c9dsLT0bLpweVejt.jpg,Other,Other
375887023_170032019462311_5427466706792633410_n_jpg.rf.do5L6QZl77udEI4yn7ZY.jpg,Other,Other
315949831_178498994832766_3066207056179521910_n_jpg.rf.dzQFhhagR18cvnGvs3X0.jpg,Other,Other
289057437_746705263410700_4445848053060483352_n_jpg.rf.dsOvrJwfGS22UGJJYK1R.jpg,Everyday Casual Dupatta,Everyday Casual
310140996_5202006816595218_7334109514655674966_n_jpg.rf.dxfRPcShimUnE5mW6pRe.jpg,Other,Other
346385356_764128175194868_3054521506382346371_n_jpg.rf.eshK5eTkdG6NzsUNLs1X.jpg,Other,Other
371781487_18383610340000463_4069490695205087873_n_jpg.rf.esjuYqG6dQjx2ov7L6Im.jpg,Everyday Casual Kurta,Everyday Casual
339674302_1322817708306290_372605087235676263_n_jpg.rf.eps3UdrZNhcVvM5MEb23.jpg,Other,Other
image14_jpg.rf.fL2V0wlbxjhsV5WSF9j3.jpg,Wedding Guest Choli,Formal
361616185_1042387360504603_6735631331585782964_n_jpg.rf.ev1ajrMOxqpOeE3jUuAa.jpg,Other,Other
317293351_825504722032007_1075089501691919545_n_jpg.rf.gFO6PTwoGsJesF3ZwCET.jpg,Other,Other
290416340_1609871979394437_3775835424970188686_n_jpg.rf.e8VNPW7bZVTRC0vnDjbk.jpg,Other,Other
298300920_583950333403175_2995829286125755012_n_jpg.rf.gcJKnvBk3uR9Y3oaZ3OM.jpg,Wedding Guest Choli,Formal
309526642_1513649712433505_7971392465072246450_n_jpg.rf.gJxWOXsCfuoE9XMSV5Ik.jpg,Everyday Casual Kurta,Everyday Casual
372991942_848654869954109_898367842717852888_n_jpg.rf.gegTnQC9a7t2dgjRIeff.jpg,Everyday Casual Trousers,Everyday Casual
365917523_843202567510996_5924941033216440678_n_jpg.rf.gqTDpX6HnKYAZ5J5LjkN.jpg,Everyday Casual Kurta,Everyday Casual
318002568_1316408685567580_6726556525204280848_n_jpg.rf.guqNFGGx5Pm62QqxDifo.jpg,Wedding Guest Kurta,Formal
339656073_768433191294312_4352172486786090745_n_jpg.rf.gfqA6CszsgpI3CVzsiKc.jpg,Semi-Formal Kurta,Semi Formal
318962532_1528813177623381_7748723638312538381_n_jpg.rf.8LdEeAlzHNeyQnM2U3K4.jpg,Everyday Casual Kurta,Everyday Casual
256147170_1142321966607027_7437389559562528004_n_jpg.rf.guXTac4UjCCtfXIROtIi.jpg,Wedding Guest Maxi,Formal
350527232_814445643616589_5756089258030501809_n_jpg.rf.8QTXWZl6Ey1Tc5goq8Hu.jpg,Everyday Casual Kurta,Everyday Casual
345060577_261155716309839_5219955302689462584_n_jpg.rf.gzroQIdpw2ZADzt4wOrz.jpg,Other,Other
355837918_970218167463669_3894588329152673644_n_jpg.rf.8Xd8H5HJNdWtn0a2pqjC.jpg,Everyday Casual Kurta,Everyday Casual
375880715_3454080921474510_978697329309319028_n_jpg.rf.8bz21BNRHWUmNph3oiLn.jpg,Other,Other
373035605_705579638262403_2381280933294558327_n_jpg.rf.8dnTHu81OflIEugxW0hh.jpg,Other,Other
361550091_259644616803386_2823088565965315432_n_jpg.rf.8j6WhhwFUKhd5oUGJSTC.jpg,Other,Other
387874186_18308009443184038_8802445377243051332_n_jpg.rf.8n370AECBf6APB6TQ6aj.jpg,Wedding Guest Dupatta,Formal
361588785_9596643133740666_4942192987177758346_n_jpg.rf.8sGDfye5oP15omO0FvXy.jpg,Everyday Casual Trousers,Everyday Casual
376741330_720725613427532_5413567029348217130_n_jpg.rf.8vMupuIJHJli85ysglqw.jpg,Everyday Casual Kurta,Everyday Casual
221366708_839615100020418_7909601250896072223_n_jpg.rf.9Rgkz2J9bhhCFjDpXCZp.jpg,Wedding Guest Choli,Formal
364289591_961590921790683_4815900343993902232_n_jpg.rf.8zuYHb7oxrZ86Yrkxyml.jpg,Everyday Casual Kurta,Everyday Casual
363332999_237047888684523_6294814483704542463_n_jpg.rf.9ERGsJFOMr1kCHPqvFFp.jpg,Other,Other
298562358_759646671972418_3885289765484745237_n_webp.rf.9UC1rlj4g8EmFEZ6jNvF.webp,Everyday Casual Kurta,Everyday Casual
308237755_1131390981921943_2216338382748947064_n_jpg.rf.9YXmx41KRGOVq8axAuhx.jpg,Other,Other
274361806_480378953696853_110565989585238442_n_jpg.rf.9lJsKRGVuqmzhNlR3KSp.jpg,Wedding Guest Kurta,Formal
330779821_209505201610485_8928032829826762465_n_jpg.rf.9SoUcFMIq183HT4ui84x.jpg,Other,Other
347851211_955794928996288_4635765903040896895_n_jpg.rf.A9TeiLGpETYN9Sm1XC5a.jpg,Other,Other
343717719_918269489498900_2619267026483817674_n_jpg.rf.AJztOAdcFazPmy7uTgL4.jpg,Other,Other
317927971_691940505828929_6301877973644411154_n_jpg.rf.ANpSYyQJQxzdUiJcijbT.jpg,Wedding Guest Kurta,Formal
297802085_148280531157829_4617143394662733500_n_jpg.rf.AEl58F31dR17kiHUD2Pk.jpg,Everyday Casual Kurta,Everyday Casual
297107935_1261793884567182_2673949747031032648_n_jpg.rf.Afe5obXOvD6m5uZ67Gkj.jpg,Other,Other
314730690_851608892502913_2491252132633167691_n_jpg.rf.Aiv1ibeQv5UVwR3VFzsK.jpg,Other,Other
376033636_714521914047902_3742171832411386631_n_jpg.rf.AjxqzVDOGFPNduwufeKA.jpg,Semi-Formal Kurta,Semi Formal
310308828_1909703142730588_2341258982776728704_n_jpg.rf.Akd8pcn5xm3SMkHu2N98.jpg,Everyday Casual Kurta,Everyday Casual
347170808_203988042489741_5661471142186659977_n_jpg.rf.ANNt7umycb474Wi4n7ur.jpg,Other,Other
336027348_718907819970546_4969007774697718169_n_jpg.rf.BMZyXZmhgmFb4O53jSgq.jpg,Semi-Formal Kurta,Semi Formal
358575685_18380299402053839_8605685024408597440_n_jpg.rf.B4OJJ0sKGILDxjpne69i.jpg,Other,Other
375179908_688862266430676_8001707473794630019_n_jpg.rf.AoOVv4vXN49o5ghUt39W.jpg,Everyday Casual Dupatta,Everyday Casual
298812154_1302105166989497_7448780488418980211_n_jpg.rf.B89waspEOfwLKEGi2IRu.jpg,Other,Other
327868226_909161650348870_4660013105965747144_n_jpg.rf.01hMqDYSRZs9nFuISGJ7.jpg,Semi-Formal Kurta,Semi Formal
316643276_825050105471005_1828801449897777578_n_jpg.rf.BcVZDjJCTUV9CkUG1sq8.jpg,Wedding Guest Kurta,Formal
311042594_2026372137572411_1799658535357080985_n_jpg.rf.0EOfW8WYhBB0qvukQgDP.jpg,Other,Other
317316931_192870016595802_4169154712022983262_n_jpg.rf.0YQO11Gj6EH9xMgaQkfF.jpg,Other,Other
295968579_1779675799044648_3537173645231444239_n_jpg.rf.0Bc3tmk0sH05awnVr3W3.jpg,Other,Other
385171474_690156499665580_3361002746986462662_n_jpg.rf.ub7A61rwQY1DJBsKJ1Pw.jpg,Everyday Casual Kurta,Everyday Casual
313015023_507526874596728_2582969071033392530_n_jpg.rf.0OnT1arcbAPkBJlsa24N.jpg,Everyday Casual Kurta,Everyday Casual
309444229_1266216187487830_5018687735107257088_n_jpg.rf.vA6osSdmnp0hZqfJCkgX.jpg,Everyday Casual Kurta,Everyday Casual
310818998_1950534941803734_2015818738102839242_n_jpg.rf.v4PnvIwfgtiNjDVeHyxg.jpg,Everyday Casual Kurta,Everyday Casual
366431631_282417141175959_7837523550785403844_n_jpg.rf.vMZMBtR9TddCX2w4FquM.jpg,Everyday Casual Kurta,Everyday Casual
387861936_18124253377314185_3323090575006835319_n_jpg.rf.vMdsFsm9qdPjjVgIqpb1.jpg,Other,Other
387739274_869144114571851_3567386861393940063_n_jpg.rf.vQA11r3tWH4QODgFiUdJ.jpg,Everyday Casual Kurta,Everyday Casual
348281409_167642786010107_5075992370865422497_n_jpg.rf.vhbH5PaJtYd0Sv0bw6cs.jpg,Other,Other
341899086_188399744005720_6274934727870947395_n_jpg.rf.wYQgMTJYjsEsm7lnYHpq.jpg,Other,Other
380346109_723124153187678_3809363041902872627_n_jpg.rf.w5dZBf8gLtVuDgDT2ful.jpg,Semi-Formal Kurta,Semi Formal
319013409_458437836259384_8561535419950758243_n_jpg.rf.wyFlm0RJJ7DqDN4fVIdW.jpg,Other,Other
337885770_545070307668460_4134189025298309562_n_jpg.rf.wLw4QrZt3LYwxaRYWKU9.jpg,Everyday Casual Kurta,Everyday Casual
366154362_868017378184966_2011918287520864841_n_jpg.rf.xSjQVMQZLSI8lMJ6fZnx.jpg,Everyday Casual Kurta,Everyday Casual
385880475_18267394528093875_3355452598201182747_n_jpg.rf.vry0SalqmuKQuk5uRKQD.jpg,Wedding Guest Kurta,Formal
366447137_960616981835039_7789174508012962677_n_jpg.rf.y49Vyp1xbPRLIHFjat1j.jpg,Everyday Casual Kurta,Everyday Casual
364675066_18258037624093875_135308905385607189_n_jpg.rf.xYAjttC40Me4SotB38mh.jpg,Everyday Casual Dupatta,Everyday Casual
286860247_4868187976644092_623790448890659926_n_jpg.rf.xVMXUpQTtvzJ0LOns88C.jpg,Wedding Guest Peplum,Formal
340798736_560179182886008_5384585992949990781_n_jpg.rf.y3ikK72JdPYThQdT5Nah.jpg,Other,Other
391679680_337674632109565_861692411457926893_n_jpg.rf.yDnNRxt9L8CoGNVidHFD.jpg,Everyday Casual Kurta,Everyday Casual
366567242_829877018403832_1866509950017683636_n_jpg.rf.yRQ0s9hfrmfaGI1oxGyq.jpg,Everyday Casual Dupatta,Everyday Casual
351789511_763147492206331_5710010178284731741_n_jpg.rf.yctOtF9GyIi71Hm9bT1t.jpg,Everyday Casual Kurta,Everyday Casual
343722452_555036716765290_2765086530739075871_n_jpg.rf.zGTyWA1Cw3VJBfxm6D2S.jpg,Other,Other
332892798_902183487695778_3653151115792009193_n_jpg.rf.yX3j0GihkoibXvUrEpFX.jpg,Other,Other
364350943_942985120098091_4667654374007011185_n_jpg.rf.zfgcndXVpf7Mfq8h8jF4.jpg,Everyday Casual Kurta,Everyday Casual
364328877_766181425508880_993172662866882471_n_jpg.rf.zTyJNIOl5KVRZOAObxvr.jpg,Other,Other
366957212_9733989873308797_3889569553507513427_n_jpg.rf.yfeGMplFQ2BtySuOhnZU.jpg,Everyday Casual Kurta,Everyday Casual
301108507_119565887505620_2603099037625058379_n_webp.rf.0DSZX6HW8KB5MNrWBeLf.webp,Other,Other
295900838_1112945349635214_6153520903518524428_n_jpg.rf.0DymcyCzUkKgg6UE5rzk.jpg,Everyday Casual Kurta,Everyday Casual
313968716_1355016655034791_924368977334521795_n_jpg.rf.00mZVwCJOV8ACZrBUEL9.jpg,Other,Other
311115225_428337242804388_6979708539582702150_n_jpg.rf.0XXeVDIfwBJcA4loVJ6O.jpg,Everyday Casual Kurta,Everyday Casual
337755892_888175532265932_3386691871810491566_n_jpg.rf.005X7lfEqprUsyXghT9s.jpg,Other,Other
316464401_681286393706710_1995153965970623472_n_jpg.rf.0esWXKWkQNJB86zEneEH.jpg,Other,Other
277742406_377771990688757_912974516145893125_n_jpg.rf.1PlHVbtVUFLPyI3TzNQL.jpg,Wedding Guest Dupatta,Formal
387719418_1475161003249331_3746778837038524650_n_jpg.rf.1MfZINu0phuNv038CH7d.jpg,Wedding Guest Kurta,Formal
327138843_195677829644756_6203686252718392252_n_jpg.rf.1SWtwbzt4FGH5GPADr8Q.jpg,Everyday Casual Kurta,Everyday Casual
359756373_978990469916997_925137602924325415_n_jpg.rf.1SXbuOuwaVY1LY4K1r51.jpg,Other,Other
309027855_1131189890831794_6521625732909025242_n_jpg.rf.1AhfIPK6b5R6hFB7VYO4.jpg,Other,Other
387004910_704368378391668_1625550497804863328_n_jpg.rf.1ar7Iq3qjw0HRujnI15U.jpg,Wedding Guest Kurta,Formal
344345956_750857443186358_37539199020364016_n_jpg.rf.0xB2BkXLp0iaK3YOj9PF.jpg,Other,Other
226114965_533415098077402_5437763568346484631_n_jpg.rf.1fopSvBb05IE0P7uTdf4.jpg,Wedding Guest Kurta,Formal
365441104_812506476932590_2811924285561118952_n_jpg.rf.1oMxGuFS7nHd93lS2eYc.jpg,Everyday Casual Kurta,Everyday Casual
333977606_128534323283164_8151319350665214644_n_jpg.rf.ykDUKqD8bzlwHApzUvmz.jpg,Everyday Casual Kurta,Everyday Casual
334314765_533815635533330_8329937314495355988_n_jpg.rf.1uaRx3xdzZqqVe7adw0r.jpg,Other,Other
332226949_1638174143302507_2835663255990827109_n_jpg.rf.ynm4VzdK4s6fC2xzjxbM.jpg,Everyday Casual Kurta,Everyday Casual
348346992_795517291781961_8752462047918471855_n_jpg.rf.ytBOrsQje9s30bUDgyvI.jpg,Other,Other
308885214_482575237078393_8953229673531296990_n_jpg.rf.ywKcz27jtCSCRHRGaFDQ.jpg,Everyday Casual Kurta,Everyday Casual
342053137_254410470284014_6588568930560155425_n_jpg.rf.yteULVAx8ObcX2fb1rLD.jpg,Everyday Casual Dupatta,Everyday Casual
385817617_18306624889184038_7780987380056877999_n_jpg.rf.yTBJ3aBN5MEdDlDTrOP5.jpg,Everyday Casual Dupatta,Everyday Casual
376048991_2027763517574902_4388370212944118829_n_jpg.rf.zCZeTfibrSAo6aoCK2iD.jpg,Everyday Casual Kurta,Everyday Casual
315104567_115613877874277_4285397484215910991_n_jpg.rf.zZ79EeDAwAADOtMFvBVT.jpg,Other,Other
300725373_148614624464277_489457121037510156_n_webp.rf.zEgGWIwVjcDg1AQFIevt.webp,Everyday Casual Kurta,Everyday Casual
340957954_252754020531260_4161734760933584007_n_jpg.rf.zeuoHPHq8Tjrgt6Avj9b.jpg,Other,Other
333802895_1196600020993121_6343214836894475780_n_jpg.rf.zgcS63sslRy6rolJGlJo.jpg,Everyday Casual Kurta,Everyday Casual
350396477_303550025332400_3264690014817279014_n_jpg.rf.zmhtu4NGSijkUf9XvszA.jpg,Everyday Casual Kurta,Everyday Casual
286399978_1151897575654182_7204869744713866905_n_jpg.rf.PYyrQel4XWNWg0KLxQ92.jpg,Other,Other
287949748_541225177700229_6944907303973452347_n_jpg.rf.PZGVMEjvaBvH9eAJqGj3.jpg,Other,Other
288833053_558732645726350_7918003739852768939_n_jpg.rf.zHUATsfOIBLrzVM5Cj2R.jpg,Other,Other
376505799_719005283599565_7858415562581649202_n_jpg.rf.PzEutDvRaFOZkeAKgcW9.jpg,Everyday Casual Kurta,Everyday Casual
369940423_18261417652093875_2239853528662680159_n_jpg.rf.zoVTzhGXyBmPSunLDM8u.jpg,Everyday Casual Maxi,Everyday Casual
331480163_1145152126151788_6152332958153292323_n_jpg.rf.PeOZA1mXDt7lE94I12KC.jpg,Everyday Casual Kurta,Everyday Casual
335554146_462434492691085_6933104480702017299_n_webp.rf.Q2HgXuoUy2sCns9VgcF8.webp,Everyday Casual Kurta,Everyday Casual
315924594_788673045564979_7345611744140320382_n_jpg.rf.PrEohASvsJ7PV8oNM3yn.jpg,Other,Other
364298260_785422946685576_3217577640973335330_n_jpg.rf.Q1I0IOdpyPSxda0FbUBw.jpg,Other,Other
387267199_697291635626974_203918466855092222_n_jpg.rf.QU2IwYSJjyN6YoiW5yA7.jpg,Other,Other
347079694_573526624888362_332782718840265460_n_jpg.rf.Q8UKoFcEbqJyExjPNoDD.jpg,Semi-Formal Dupatta,Semi Formal
312761282_814788246237539_3535402627455160872_n_jpg.rf.QVW2HJKFW1AZo8mTRlRx.jpg,Other,Other
387735103_335970468946648_1119677897293002205_n_jpg.rf.QcuCiLXixRYyK9ebalki.jpg,Everyday Casual Kurta,Everyday Casual
385865004_332159835994378_2633170398838670839_n_jpg.rf.Ql46lTi2PSUqaIIoUqWw.jpg,Everyday Casual Kurta,Everyday Casual
382966805_853274392778284_8915208187294880348_n_jpg.rf.RDEsAfdK8fzvS75Y6wMU.jpg,Everyday Casual Kurta,Everyday Casual
335618275_237592881951800_8537491248518353629_n_jpg.rf.R87S512vcWJIe5RMcY6G.jpg,Everyday Casual Kurta,Everyday Casual
383214533_700499825445190_5453470404936646749_n_jpg.rf.RIsOT5ndPiAGiO33FkCt.jpg,Wedding Guest Maxi',Formal
331162268_1217800909171715_7744358122815396910_n_jpg.rf.RVQMjzCoW8DNlUGbVqBd.jpg,Semi-Formal Trousers,Semi Formal
320041945_177132174964321_5021008973829678616_n_jpg.rf.RnEfIoDLT3LhxJdzDBFV.jpg,Everyday Casual Kurta,Everyday Casual
311582080_1120132055374819_8895600932043252643_n_webp.rf.RqX5AAo5KYbhrt4bXTuX.webp,Other,Other
314528017_1177501189563852_3152729535330430967_n_jpg.rf.RJ4enaCHfpIDOHSttrMX.jpg,Other,Other
316855563_446977437635375_2481746435965972990_n_jpg.rf.RvbHRZGwcB88c9lRPpD3.jpg,Other,Other
386338631_1491011561741066_1970415038881971258_n_jpg.rf.RvKD41PtZiitAPWwDpkh.jpg,Everyday Casual Kurta,Everyday Casual
350095963_753042629639793_4554931898778968117_n_jpg.rf.RqRLiE28eMgNVcumNfKc.jpg,Everyday Casual Kurta,Everyday Casual
297515930_583565399900230_7386497816458909115_n_webp.rf.SKNkomexUv21cBPNOmMN.webp,Everyday Casual Frock,Everyday Casual
332024650_544077080904985_7594088038910372606_n_jpg.rf.S9bewTvINahpWEo3Ky8k.jpg,Everyday Casual Kurta,Everyday Casual
341342710_168464236142452_6752561300044960662_n_jpg.rf.Su9hdkLXtQPoXeyQOekv.jpg,Other,Other
299499973_155758003712455_8161813416018623685_n_jpg.rf.Sq6eQJoDo95W8UGfUeBY.jpg,Everyday Casual Kurta,Everyday Casual
366566259_838605217625741_8430692950868061570_n_jpg.rf.SaeYZ5WrA6h8gUJJ29pC.jpg,Everyday Casual Kurta,Everyday Casual
321202763_201724119048372_8930776224860993571_n_jpg.rf.SMu16sreII8DJgm2Cvxp.jpg,Everyday Casual Kurta,Everyday Casual
366466431_227019453198078_5575272409039085288_n_jpg.rf.Sy8p1CtVVC6hWNlOjgJS.jpg,Everyday Casual Dupatta,Everyday Casual
349045275_180963568256237_8395866120694740353_n_jpg.rf.TBLDRCRjHIslswFmVSDB.jpg,Everyday Casual Dupatta,Everyday Casual
309704392_804536474215136_2805869158647756505_n_webp.rf.4PjqMsxJUkucU0YlMBvt.webp,Other,Other
337787308_182089977926141_2070586559026201293_n_jpg.rf.4PxhyDkJEYuNBOYrRhPR.jpg,Everyday Casual Kurta,Everyday Casual
385763700_2542491422581939_5961796317210924208_n_jpg.rf.4MGClCzqWw3QOhHREV1z.jpg,Everyday Casual Kurta,Everyday Casual
366185583_18379541434000463_4753660847261695289_n_jpg.rf.4sZ6NSY0kH3wanL67MTQ.jpg,Everyday Casual Trousers,Everyday Casual
365790066_608235381297970_4717150952134852614_n_jpg.rf.4nEWeSLCwsl6pBuyCO5G.jpg,Everyday Casual Kurta,Everyday Casual
340501296_139526755713849_5002937356360228260_n_jpg.rf.5B8JZDbXj3vrKwO50x5i.jpg,Everyday Casual Kurta,Everyday Casual
376812455_722517503248343_908655819383328302_n_jpg.rf.4m4zvOjE0rU3XczVWkhk.jpg,Semi-Formal Kurta,Semi Formal
312829225_2240612602767612_1647973910448022613_n_jpg.rf.4nsRWexqLF7rQZWNbpeZ.jpg,Other,Other
376857555_326378689852236_8776042404751159109_n_jpg.rf.54qsZ5aKx6lyBDKxYdJD.jpg,Semi-Formal Sari,Semi Formal
309809402_487456766596927_5605555811963863361_n_jpg.rf.5Da5NED3H0mFfDz5j0IW.jpg,Everyday Casual Kurta,Everyday Casual
315104463_196515862856011_8415967020605404421_n_jpg.rf.1f4DhvX62unXFCIYV0OH.jpg,Other,Other
364080683_1683116848829217_1146461001112437184_n_jpg.rf.1SfGoOJWbqWR4AJ0JTe5.jpg,Other,Other
387700601_1089135139135251_6324624436663930744_n_jpg.rf.1T1Bs3vAp4rS73a1irn1.jpg,Everyday Casual Kurta,Everyday Casual
371041906_871620614320597_6743882549931312946_n_jpg.rf.1cf1IcjeuOSkm6QxqM5E.jpg,Other,Other
339689121_1310366133157260_378477512197798079_n_jpg.rf.1x6pNjWAtaUyin6xgMnP.jpg,Semi-Formal Jacket,Semi Formal
352864667_1272533189906295_5715261044563485529_n_jpg.rf.21KllnsvVTEYc0XQfpik.jpg,Everyday Casual Dupatta,Everyday Casual
294626542_610694913709928_3324712286202596724_n_jpg.rf.1pU9LusIO7cVlKGCRcJ7.jpg,Other,Other
386802857_853513282880370_1571753905849977745_n_jpg.rf.24EY1L2TDDR6v7AdgHjM.jpg,Everyday Casual Kurta,Everyday Casual
347598085_680725644094196_1201789057487057129_n_jpg.rf.1v2EMqO2VloKjmulvt9X.jpg,Other,Other
363311617_295777409632621_1124494557062862299_n_jpg.rf.2XRBEDVhsUL7EAtNwVFe.jpg,Other,Other
337366703_939947950476935_6332987059887177290_n_jpg.rf.2AJXMrk00VWMm3m1cymG.jpg,Everyday Casual Kurta,Everyday Casual
385894507_631112629227922_917084827841157836_n_jpg.rf.2kc1hRlvW3MpBRTBPZy5.jpg,Everyday Casual Kurta,Everyday Casual
300654630_3306782412940433_8113798419112274037_n_webp.rf.2x5JhvN2colbKcDGRBmS.webp,Everyday Casual Kurta,Everyday Casual
326032830_3353260228227864_485086009848160927_n_jpg.rf.2rXWATNIVw92PNbPGt7N.jpg,Other,Other
327982718_3078420882457834_6325528508694914733_n_jpg.rf.225KJoM1m956Av7oC5rk.jpg,Everyday Casual Kurta,Everyday Casual
373641277_849173656568897_5000097526882173581_n_jpg.rf.2f28JrxDImGKFW4y7ZWx.jpg,Everyday Casual Kurta,Everyday Casual
375261155_150725648085164_6512700054754430917_n_jpg.rf.zrapRiBzXbPNH0GtmMzZ.jpg,Semi-Formal Kurta,Semi Formal
319895083_930465714514620_8629273959876733387_n_jpg.rf.zvy0k3frIgCQ0GOJLepJ.jpg,Everyday Casual Kurta,Everyday Casual
327565698_1835873243435143_1834333854804139813_n_jpg.rf.zzGu6gzYMpslGDLmzE4c.jpg,Everyday Casual Kurta,Everyday Casual
289282960_567304851456073_1549543013890603942_n_jpg.rf.34WfWAsNhjr5KTECrnsP.jpg,Wedding Guest Kurti,Formal
337766053_1611933169246537_1304668549737173613_n_jpg.rf.Sno7qDPEQPVjAUr3Os16.jpg,Everyday Casual Kurta,Everyday Casual
310442068_835960624483512_6467680995780583806_n_webp.rf.Sw9SSmBqAno89BPRmi1Y.webp,Other,Other
306541011_802847507423866_5777803911292251434_n_webp.rf.SvUKo7EU5PYYDaQbdKsY.webp,Other,Other
387766296_730655959101164_3212567743889794431_n_jpg.rf.SlOH9Opz9tZ4bFcyin0H.jpg,Everyday Casual Kurta,Everyday Casual
240531844_4598731796826348_9135857198727093097_n_jpg.rf.TAB4jq34efugQRcZx7Lc.jpg,Wedding Guest Dupatta,Formal
363302374_294746659735696_4379278208351496170_n_jpg.rf.TH8mypnrpMxxZdzwuiyQ.jpg,Other,Other
348864662_608330694690414_8185233747887452558_n_jpg.rf.TNTNadOtgY8lplh8KbGm.jpg,Everyday Casual Kurta,Everyday Casual
355478785_665228518964182_1306750287677844362_n_jpg.rf.TasPjXVYNcOZ1N9Bxkee.jpg,Other,Other
317455112_1284983035668254_7457087949215565108_n_jpg.rf.TWdT1blqDo8KP170VHh9.jpg,Semi-Formal Dupatta,Semi Formal
355704571_646077194219306_1909739696172927458_n_jpg.rf.U3enTOUitOSmr3nrrQvT.jpg,Everyday Casual Kurta,Everyday Casual
297060311_778912246571564_3535049661528967110_n_webp.rf.U7QkCA3vp59IpiKZve9w.webp,Everyday Casual Kurta,Everyday Casual
298087360_413675857407412_8026791615743873332_n_webp.rf.UAvvTx6MIa5YVIQRb0Wf.webp,Everyday Casual Kurta,Everyday Casual
330844426_1882554942101320_872019212148549128_n_jpg.rf.UQp2KeWE2YPqiJaZbDMy.jpg,Other,Other
315777219_1521380648303071_5220094696439662741_n_jpg.rf.UVnXYYnRLDganQVUZjMi.jpg,Everyday Casual Kurta,Everyday Casual
276007659_697354807936732_5617186131612296132_n_jpg.rf.UVVgr2YPIi0q6fwkb4Ij.jpg,Wedding Guest Kurta,Formal
313290714_1172568543343486_2905273806954055886_n_jpg.rf.UsNzvaLypiOClD5yKVSM.jpg,Other,Other
358129166_832798328206430_8081732483293252808_n_jpg.rf.UlJNZ67iW6jeZcmTamJT.jpg,Other,Other
361698022_984636499347795_1895763946605529064_n_jpg.rf.UdmcvRxz17P8JsS4NkBG.jpg,Other,Other
283810449_980992932599470_2349097031299672689_n_jpg.rf.UteVUsbmpQWS3uHYsdGx.jpg,Everyday Casual Kurta,Everyday Casual
358028404_565933075754499_2176811916243953164_n_jpg.rf.VVGzzDGQka1taYgBnIg7.jpg,Other,Other
374194885_685916263451004_1805600062011505132_n_jpg.rf.VGEuBTs7EEim17BD5039.jpg,Other,Other
357730451_675810547919039_8909013178044993111_n_jpg.rf.VQZuQl91kHsuK8Iu0BHg.jpg,Semi-Formal Kurta,Semi Formal
319731249_657817572757672_8854370847377610646_n_jpg.rf.VWwKQpevmUKfCalKCgks.jpg,Semi-Formal Kurta,Semi Formal
332621292_728584748737644_7364565319146567586_n_jpg.rf.VdRjuskDGCCos8IXXpZT.jpg,Everyday Casual Kurta,Everyday Casual
274408273_481602020181030_1772607926388174166_n_jpg.rf.VX3UUzc3W2kGuAiLX29e.jpg,Wedding Guest Kurta,Formal
330369328_177125491924606_6984147620693744145_n_jpg.rf.VhGsLnesH45wLoLE6AYy.jpg,Everyday Casual Kurta,Everyday Casual
274175570_322072733292601_8921171314549409716_n_jpg.rf.VLwm7dXZqkxCLzsN6Z4L.jpg,Wedding Guest Maxi,Formal
373241603_1397369661164557_3253801644473664230_n_jpg.rf.WS6nhd1m8rs3nNTGfeaw.jpg,Other,Other
311135905_422985466471159_4118322565194582624_n_jpg.rf.W98C2akhD9jfF7I9z1qc.jpg,Other,Other
296431876_1100100834260545_5168460488717953377_n_webp.rf.0OglvFz5JBOJ1wXv5rlG.webp,Other,Other
305829772_201526805581836_7986758390119880400_n_jpg.rf.W858YlKalG8B7H9j4vmf.jpg,object,Other
290659810_137488375574503_6281200167678647968_n_jpg.rf.0GFjYXU1jiHiUWN1Smyx.jpg,Everyday Casual Frock,Everyday Casual
313035135_537886044839433_1887949301768569912_n_jpg.rf.0aKkSjvuKTsapoyjEP2n.jpg,Other,Other
386233768_866049241548005_4759275300394309816_n_jpg.rf.0B7ovdDHzySK7zXm4xOG.jpg,Everyday Casual Kurta,Everyday Casual
362302400_820799039375670_4598327751761923355_n_jpg.rf.0RI3EfTAXAv7A4U97sa5.jpg,Other,Other
345257174_211271381656948_1462186002984559484_n_jpg.rf.0ecoRdSbu3fvbhqBn2BK.jpg,Other,Other
299947010_539575387923771_4081352111202108080_n_webp.rf.0cP8lT2H0NitbpAyazhO.webp,Other,Other
270051651_1179283289268328_8593948641371065503_n_jpg.rf.0h9F9uo6WSRVdXDCqoLl.jpg,Other,Other
326856011_226870529683674_3608421970276404177_n_jpg.rf.xjfX7vk5KI2hSet7djTY.jpg,Semi-Formal Kurta,Semi Formal
310259139_855582939146456_2090963436447437935_n_jpg.rf.y7XpfS0nSw2gVBxO5ZuI.jpg,Other,Other
332790205_759278182302458_7722442445172821698_n_jpg.rf.xoZuuUsrqOFdJ36Rwmdj.jpg,Everyday Casual Kurta,Everyday Casual
352156231_1087753182187516_6555409505311489296_n_jpg.rf.y92SV89xVjutbbrTEvWf.jpg,Everyday Casual Kurta,Everyday Casual
306596093_408810324698797_4277316371532834784_n_jpg.rf.yLnuLUxMOJym7Kddt7aF.jpg,Everyday Casual Kurta,Everyday Casual
333089376_754339626126794_4290363652232920029_n_jpg.rf.ynz9adL0ql1gzLZYil4G.jpg,Everyday Casual Kurta,Everyday Casual
387740849_869163504606239_8333318669124239796_n_jpg.rf.yOrSEixF0v0FWlgfFfLJ.jpg,Everyday Casual Kurta,Everyday Casual
338487297_1340239696544859_5582663264783494213_n_jpg.rf.ypxls5UoCaB7uHj7nJ1n.jpg,Everyday Casual Kurta,Everyday Casual
331719362_164850403001452_7372648798184051767_n_jpg.rf.yoK2avGxdwJZ4tkBW4F4.jpg,Everyday Casual Kurta,Everyday Casual
376808539_720642910102469_3306873408646007166_n_jpg.rf.yRlHwUhJKbnMA0a2UmlQ.jpg,Everyday Casual Kurta,Everyday Casual
310680078_433992018876866_5127962233610308902_n_jpg.rf.yxga9sKnXxRIqv0XVsDf.jpg,Everyday Casual Kurta,Everyday Casual
367732933_306362085240820_6615565191224297469_n_jpg.rf.z5K6BOdL1NaDtIE79etm.jpg,Other,Other
307116903_5212091292250596_636516712155874166_n_jpg.rf.zLkOy4H9Zi8itm11WxXO.jpg,Everyday Casual Kurta,Everyday Casual
366456899_248985921405833_5128103034126858670_n_jpg.rf.zK7uy3BGeyutrazqe7df.jpg,Everyday Casual Kurta,Everyday Casual
325446994_1248032265794220_4373816659009647949_n_jpg.rf.zBKq4AuhzEEkPS8vfXU1.jpg,Other,Other
320414288_1858859904478363_2828229777034084894_n_webp.rf.zNzHs5kuVXsuzikIaQyv.webp,Everyday Casual Kurta,Everyday Casual
333050111_211672898061981_5656487491765228501_n_jpg.rf.zjrUwICkzXekgaZPapUW.jpg,Everyday Casual Kurta,Everyday Casual
347285558_753166503268051_2353386759318061381_n_jpg.rf.zvBXHbOi1gAEUvWxHEoz.jpg,Other,Other
385881186_18307114504184038_4746475082983074622_n_jpg.rf.zvEren117Nw7Jm81Cmws.jpg,Everyday Casual Kurta,Everyday Casual
386159810_6804884579557682_5811085413716892849_n_jpg.rf.zkGtoDX5frWepYWTvHWH.jpg,Everyday Casual Kurta,Everyday Casual
365821632_784656450114172_1490527293803857147_n_jpg.rf.7TT832oCnohZBg5dHQ21.jpg,Everyday Casual Kurta,Everyday Casual
363784549_993755441745719_1891223904484784383_n_jpg.rf.7VlAPjgHS8Xj5kne6oRF.jpg,Other,Other
307306744_497650012178157_4140848553816225725_n_jpg.rf.zzqh06bZTXGF3TItH6c6.jpg,Other,Other
352440245_804639797518785_6757346447088838583_n_jpg.rf.7fCiRsQmsKRfO6npf7PY.jpg,Everyday Casual Kurta,Everyday Casual
289100560_755820875861122_4114995126496298556_n_jpg.rf.7diMwLAeGu36iKXjZwBJ.jpg,Everyday Casual Dupatta,Everyday Casual
318313936_455335303234766_4521341107615642819_n_jpg.rf.7fF7yDxI1kQCm7XcUss5.jpg,Everyday Casual Kurta,Everyday Casual
333964536_5730407920404903_6489338068862677552_n_jpg.rf.zyHKmCGfbJrcWYQsVxzJ.jpg,Everyday Casual Kurta,Everyday Casual
387821585_709127941247564_242077297799040374_n_jpg.rf.7tEOlM9auRk6RsJqZ11d.jpg,Everyday Casual Kurta,Everyday Casual
314659132_1886913551701945_4408645937583744003_n_webp.rf.7yN82mEbYTtQhPP7upei.webp,Everyday Casual Kurta,Everyday Casual
365057442_2150732885121406_4454067561738531588_n_jpg.rf.7zBcqo0GpoyxEsvMj1N3.jpg,Everyday Casual Kurta,Everyday Casual
315014897_1136313636990832_9207915327579211954_n_jpg.rf.7sLOTxkAFh0MMKcMSOCy.jpg,Other,Other
337908196_1604080183439863_6513819738211281132_n_jpg.rf.7gWwN9OwTNLhJO5OEJwd.jpg,Everyday Casual Dupatta,Everyday Casual
369298657_303871835648934_7627541025909200697_n_jpg.rf.81Pa4iocJAiH682XKaZN.jpg,Other,Other
309857065_215556780793906_5908898211512444731_n_jpg.rf.8CcZ0dkcLXaFRYQcSu36.jpg,Other,Other
334028212_212979597896021_7978173190763026729_n_jpg.rf.8OTxLVqNyuGQvr4BYWVr.jpg,Semi-Formal Kurta,Semi Formal
293108361_5408042719218309_7716635049392735134_n_webp.rf.8KaJkIcvcdE5b7DEP91K.webp,Everyday Casual Kurta,Everyday Casual
341916927_620065833324253_5293879128049667876_n_jpg.rf.8XTgomJn7V85dkQ7bcvr.jpg,Other,Other
386929034_850719886368568_2166988052061597725_n_jpg.rf.8xr1Q9VXNByBNDENW3dr.jpg,Everyday Casual Kurta,Everyday Casual
356225953_226502030274369_8116005734562723932_n_jpg.rf.91oXyrg92L2Iq92aUF4C.jpg,Semi-Formal Kurta,Semi Formal
340349486_944679903640948_6114765249213294108_n_jpg.rf.8tjvKsxzHP5lvTEbf7sf.jpg,Semi-Formal Kurta,Semi Formal
338581441_241222718279294_4409744044018119934_n_jpg.rf.855vkNHdDy893qpYnYFN.jpg,Everyday Casual Kurta,Everyday Casual
373708625_707185674768466_3045222380482214254_n_jpg.rf.9IQUf6N1OuRa5eDdOTg6.jpg,Other,Other
137084914_848249932388322_3786288657095736808_n_jpg.rf.9AeuN7RfvqYbdO2iexCV.jpg,Bridal Maxi,Formal
361287785_1322434635362238_7550154082355096283_n_jpg.rf.9tWi5OHyIo0dQoCf9MX6.jpg,Other,Other
352055549_1684711158711543_8952968662134020795_n_jpg.rf.9fHwN8vmD8MQg4QkZQGQ.jpg,Everyday Casual Kurta,Everyday Casual
374770957_3640211152878474_8850927288264982596_n_jpg.rf.A0lR6e2r83cuVl7b7WUv.jpg,Everyday Casual Kurta,Everyday Casual
315103684_421560283344742_829392080600457497_n_jpg.rf.ATEnrYuT65ul7pRH9CZX.jpg,Everyday Casual Kurta,Everyday Casual
374567683_720718893428204_1474697139956096185_n_jpg.rf.AUeWZ5xHUZCY6se1eS3N.jpg,Everyday Casual Kurta,Everyday Casual
298395521_463176732328690_6103691918556151615_n_webp.rf.A6B9Zz3ivbzWbOuN8KJg.webp,Other,Other
205266800_235990201357092_4149709366603398823_n_jpg.rf.An7iMkl3fRYLCdhv9bUS.jpg,Wedding Guest Peplum,Formal
329321867_1274998063439550_8915400454671777405_n_jpg.rf.Ayhj3OGor9F4cRVYSWRU.jpg,Everyday Casual Kurta,Everyday Casual
347403510_244669921580386_8445315753893410669_n_jpg.rf.B0oUJfEG5yibDkaLQn6S.jpg,Other,Other
350512708_5456543381114626_4362847159338159169_n_jpg.rf.BJBkuNiIMw3C6PtooWM8.jpg,Everyday Casual Kurta,Everyday Casual
361789679_836996550808429_16089419093712327_n_jpg.rf.BBpqXKXObgfHYapMHOmc.jpg,Other,Other
318418227_622752212976715_5244211576796205464_n_jpg.rf.AZLdT9rX5H7dangVK4AY.jpg,Everyday Casual Maxi,Everyday Casual
361115683_6310173219019223_8459160264302379787_n_jpg.rf.Aw55j5dfsw5PqNrMLPm8.jpg,Other,Other
334937942_755729285862777_2696235529890844622_n_jpg.rf.BRraacf627FQtj4O5WD0.jpg,Everyday Casual Kurta,Everyday Casual
355420265_1024752918693799_978028865597187831_n_jpg.rf.BVVNsWW2bJinmpE4l3EP.jpg,Everyday Casual Kurta,Everyday Casual
331973200_5464393593660360_9065875636534453258_n_jpg.rf.Bhkvolxgt8sH56s0ktAb.jpg,Everyday Casual Kurta,Everyday Casual
297128827_357985719857663_3689429291916618206_n_jpg.rf.BmyRCVFn4d2525ccQ9I6.jpg,Everyday Casual Kurta,Everyday Casual
362994872_6393346060703121_1568116271537901284_n_jpg.rf.BsgHw7G5QWkDTwnBgDLo.jpg,Other,Other
363004017_295777912965904_3085540250621417647_n_jpg.rf.BJh9AJGD46rhxFyfLuoI.jpg,Other,Other
317624872_210425191415032_6408763726697459998_n_jpg.rf.CTQRlQkzNBVHs8yCXoZL.jpg,Semi-Formal Kurta,Semi Formal
312497886_640798277591145_7709766222336505948_n_jpg.rf.CAXZ3i930vAk4NB0wP14.jpg,Other,Other
384121888_699818302180009_1697183968541851117_n_jpg.rf.BuOtAu39BKxRY9wGp9bz.jpg,Wedding Guest Maxi,Formal
347553621_658625589637535_8175026449562784195_n_jpg.rf.CJgXcoc2Grtz8zJPBZ6B.jpg,Semi-Formal Kurta,Semi Formal
387688267_1323481151602438_42979844262802169_n_jpg.rf.CvEcRV3ywlctA3Y22LHn.jpg,Wedding Guest Kurta,Formal
316055368_155998080112804_4646355958219485411_n_jpg.rf.ClcdVBeA88QOBFdwoFRf.jpg,Semi-Formal Kurta,Semi Formal
347552745_772657600909009_2797549720349112241_n_jpg.rf.DITk5ffWf9TSehq0wosS.jpg,Other,Other
314653071_5625208114225808_349645891053393892_n_jpg.rf.DB4PtgscJ9ziFshFOyS6.jpg,Other,Other
358144265_649839403834121_2226143707730143197_n_jpg.rf.DCncKjs62JSxPGABU6zQ.jpg,Other,Other
300127707_1751728585163687_5198492483624875617_n_webp.rf.DKviQRYbW24yCuq9wXQO.webp,Other,Other
353339919_200067936327198_540616663122619763_n_jpg.rf.DfvDaFe1oplsJMpNRGHw.jpg,Semi-Formal Kurta,Semi Formal
324543625_547509220621390_8128450255512924640_n_jpg.rf.DSxX6mIc6pmzuDUv8tF5.jpg,Everyday Casual Kurta,Everyday Casual
317238298_713087266506958_6773449668219883972_n_jpg.rf.DUwR1DgpraeQYlcHw2N1.jpg,Other,Other
295322439_437287418109235_3566928540286238230_n_jpg.rf.DhrZTWrjKUC8SidUkmru.jpg,Everyday Casual Trousers,Everyday Casual
352116623_1651117488736780_7207897668497678266_n_jpg.rf.DoUjqinEHlZ05QRZfnxY.jpg,Everyday Casual Dupatta,Everyday Casual
352836529_1213404879323151_8020964094063802922_n_jpg.rf.EcK41tY5B4ed5M7eaODP.jpg,Everyday Casual Kurta,Everyday Casual
386920906_861874728550046_7866464561418887763_n_jpg.rf.EfdipBGgMkjRUWo1sV1l.jpg,Wedding Guest Dupatta,Formal
365624367_860183405464318_3479348085720200763_n_jpg.rf.ELBvnMCLLP96tznxvmfX.jpg,Other,Other
361106034_822342545816400_4993686697096319380_n_jpg.rf.EkHLH6bpS3OC6szYE9Cr.jpg,Other,Other
336474258_586478476506598_3335512113921153628_n_jpg.rf.DuPAzNeFV2Lh5JIMDaRh.jpg,Everyday Casual Kurta,Everyday Casual
376678708_852597112893218_6596717341255729257_n_jpg.rf.eaIyT4FjVYYpT7bBM4tF.jpg,Everyday Casual Kurta,Everyday Casual
353127091_521715566718890_8801229620532632386_n_jpg.rf.ecTzWzd3Kq0qqZz9YGwU.jpg,Everyday Casual Kurta,Everyday Casual
316616140_1168121623909212_6561441979083961485_n_jpg.rf.eT9MPrJ9kS8jaC5h8nAM.jpg,Wedding Guest Kurta,Formal
302427030_367582612096654_313066550591785652_n_webp.rf.f9DwZ0c3b0nBatPscR5s.webp,Everyday Casual Kurta,Everyday Casual
385048521_18306534958184038_5314096648562617202_n_jpg.rf.fI4bL1KpWRqs99bDnuOS.jpg,Everyday Casual Frock,Everyday Casual
277779694_4976049172477713_233336374443625008_n_jpg.rf.fDIGN2O64xYV9EYwYcce.jpg,Wedding Guest Dupatta,Formal
368561068_609506164410287_6142666484603970238_n_webp.rf.fZ2Jcmpqkc5KmeGGegbE.webp,Everyday Casual Kurta,Everyday Casual
354040335_584450690501792_157791081321722582_n_jpg.rf.fb0kADJ483z0L9TzEnQE.jpg,Everyday Casual Kurta,Everyday Casual
332504973_1040341326923597_2198424192342748157_n_jpg.rf.fpJMtYsidCbzsCQ2LXgJ.jpg,Everyday Casual Kurta,Everyday Casual
299973027_527355175829533_2180354579033867786_n_webp.rf.fH04fXUVGbbKJ4gMrlXN.webp,Everyday Casual Kurta,Everyday Casual
337550726_539411971634224_8554803765426994648_n_jpg.rf.g3EFlTJQNds8uxO2FZmq.jpg,Everyday Casual Dupatta,Everyday Casual
236010284_176829837747333_3416769273882297577_n_jpg.rf.g3zx0o3s5N9bubTsWkdB.jpg,Wedding Guest Dupatta,Formal
371004227_689664083017386_1684969412414403460_n_jpg.rf.gFiTWhQWtwiIsIST5qTi.jpg,Semi-Formal Kurta,Semi Formal
340163497_1404326907000300_3089819350311404029_n_jpg.rf.gFrVvRIrbcsAm526heUY.jpg,Other,Other
339798042_769580617798830_3119065348064048031_n_jpg.rf.gW3sFstSi8Ljq7My0WHR.jpg,Everyday Casual Kurta,Everyday Casual
293345267_110010655113162_3895965180337771842_n_jpg.rf.gzZVPgW5l20m3NE6NstO.jpg,Everyday Casual Kurta,Everyday Casual
337343641_1372273803604903_5440901413706773679_n_jpg.rf.h0DHRwwSJorNU8BaTWLQ.jpg,Everyday Casual Kurta,Everyday Casual
311919268_855105312185582_4638718624015650654_n_jpg.rf.gI35E1TBNKeIDBXxRcPp.jpg,Other,Other
360104549_290489093494786_830752169858702246_n_jpg.rf.gd6JIQe74i9EOm2oST7w.jpg,Other,Other
325168985_487528926897012_983735456697748134_n_jpg.rf.hDmy88kZbm4DeozWHlHy.jpg,Semi-Formal Kurta,Semi Formal
374524788_18302029213184038_3693422765209020150_n_jpg.rf.h5j2FiPaMyZ6P4A5kIRi.jpg,Everyday Casual Dupatta,Everyday Casual
337776487_3538571749800512_1771058541045155174_n_jpg.rf.hsszxlhTUCaAWI4wLxsf.jpg,Everyday Casual Kurta,Everyday Casual
312492809_484940290249093_902425692011523972_n_jpg.rf.hxaDkEUXaYIZ7d39u0fe.jpg,Everyday Casual Kurta,Everyday Casual
367359996_828836658549173_6712378607002640159_n_jpg.rf.hmI4l6ecHeyieLqGCMO2.jpg,Other,Other
369726950_708334727999954_6492843221434696121_n_jpg.rf.i0PDI2X3zSQ5qiv1Ro0y.jpg,Everyday Casual Kurta,Everyday Casual
332978284_122655147408884_6444490464911399631_n_jpg.rf.i6yapefCJ3XFdbumrEnR.jpg,Everyday Casual Kurta,Everyday Casual
332315746_672898597922145_7811114921242889570_n_jpg.rf.hjxIPbzHFjbjQVhh0rFn.jpg,Semi-Formal Kurta,Semi Formal
355574308_590668823165980_8334651564220055489_n_jpg.rf.iLlz1n3w3vmQSK2IHKXz.jpg,Everyday Casual Kurta,Everyday Casual
332049466_808330327453571_769215839390205922_n_webp.rf.imG8qPvnu6Ijr8nkXmD3.webp,Everyday Casual Kurta,Everyday Casual
338260773_584762693589119_8233577391042407472_n_jpg.rf.11dDSPV39XGazdhQ9Gkp.jpg,Everyday Casual Kurta,Everyday Casual
285127998_3210351929253837_211180384717432741_n_jpg.rf.0uwyIvbScuL9zi7X7MXP.jpg,Wedding Guest Sari,Formal
284984190_595187821687454_351865599767909514_n_jpg.rf.14chpS4YiIesHtgqAoTq.jpg,Other,Other
332361775_1150826702301901_5607839685926669158_n_jpg.rf.igDoWxM4SU1X1Hf9LwRk.jpg,Everyday Casual Kurta,Everyday Casual
298718505_431823165563062_2169992915030918332_n_webp.rf.1AmbmNqGc4ufGKiwzOQJ.webp,Everyday Casual Kurta,Everyday Casual
363835129_1311879463038313_9092576309107858191_n_jpg.rf.1FwDwnO3pCLdgwxIc1bU.jpg,Other,Other
341348796_6248616701863243_7824329691242623135_n_jpg.rf.1S6P3xzsaLooy8QFFcGx.jpg,Other,Other
331357988_858241281911341_6682451375107987785_n_jpg.rf.12JZUwxsi4OnlUtsowmf.jpg,Everyday Casual Kurta,Everyday Casual
201009555_3022181784732988_4875678950494612743_n_jpg.rf.1YeaFHOqziYNFgbi8GM3.jpg,Bridal Dupatta,Formal
327166209_1199117264038614_305265263543602200_n_jpg.rf.1iLVRY54Ia8JrUilopnd.jpg,Semi-Formal Maxi,Semi Formal
287306871_1021134678518642_3684568182510300333_n_jpg.rf.1sglW3FtER4snUIjzk4U.jpg,Other,Other
285128843_3230975223782313_5231953456279878138_n_jpg.rf.1KA8TKPTEge3FkL9kedj.jpg,Other,Other
347403176_665232395643521_7619962648499405706_n_jpg.rf.1k9W4ogaY4sugeS10pL7.jpg,Everyday Casual Frock,Everyday Casual
387158362_334813955728966_7443600968781734303_n_jpg.rf.1XATBuNY1AhdBHwzIkoI.jpg,Everyday Casual Kurta,Everyday Casual
345618942_1692992447802521_6095931635076261674_n_jpg.rf.1v22VXNqEFeSXhsqWHQX.jpg,Other,Other
295988254_1344688742725108_6601565671898454810_n_jpg.rf.22egggaCgTznHZpRTWn7.jpg,Everyday Casual Trousers,Everyday Casual
301766451_1541413102995534_3800558110099212150_n_jpg.rf.287YZvVQngEiB3QooHTs.jpg,object,Other
317616104_138009992389463_3937258853911834329_n_jpg.rf.259l8ZA32JP9IH0BEnfA.jpg,Other,Other
331460073_565525272291409_1044819759449961437_n_jpg.rf.2IrYy8EMPU4ckqcSnolV.jpg,Other,Other
288501049_521655359648115_2367095690849601347_n_jpg.rf.2GeqrGRIWHGbYY5x2B85.jpg,Other,Other
314901629_2773126942819215_8399990685503625336_n_jpg.rf.2PnHLQHhpOzkBw1AGw1J.jpg,Everyday Casual Kurta,Everyday Casual
288737996_735411121000054_3666948962122624342_n_jpg.rf.2Rxjl742Hz893qaGP5wV.jpg,Other,Other
314471622_641256267502354_4957710907771415865_n_jpg.rf.3n0SRXVXgHCiUANpNW7g.jpg,Other,Other
285340099_430284038951866_530993444031725009_n_jpg.rf.3PXp3GGP34MNa5RN51tN.jpg,Other,Other
336448364_984801816018124_4523828866465497834_n_jpg.rf.3JxeO5UN4QKcCSMtWdJ2.jpg,Semi-Formal Dupatta,Semi Formal
391127956_1451854492264781_9061439375454501847_n_jpg.rf.2cYa0Gh8fsk5yYFzhp2f.jpg,Everyday Casual Kurta,Everyday Casual
300300812_1138226240106459_546803875682838340_n_jpg.rf.3n5UC7PaYeDjPL3UQfXg.jpg,Everyday Casual Kurta,Everyday Casual
356793552_1324306588512204_7207762100778025840_n_jpg.rf.3pzmwJrfMDipPUegmwCD.jpg,Semi-Formal Kurta,Semi Formal
387759193_18391799329000463_4386991051962566202_n_jpg.rf.48nPcR9BmsavNQV4Ynru.jpg,Everyday Casual Kurta,Everyday Casual
315551226_4060206177537120_3900966092922460789_n_jpg.rf.lGaG5wkzjwtKahoGEHtv.jpg,Other,Other
330644613_597427488570820_7238548934089488843_n_jpg.rf.lRRDSn70vRE5f51l3GDh.jpg,Other,Other
366036939_200769269422963_579108623390627133_n_jpg.rf.4Af3OV19WNBrTIiB87u7.jpg,Everyday Casual Kurta,Everyday Casual
285301043_173727728351545_721610562280847940_n_jpg.rf.lSIDeCPXTuWFu5aNGks5.jpg,Everyday Casual Dupatta,Everyday Casual
363380513_664212255740614_5807302749398456046_n_jpg.rf.lh88KiJvL5U4FsTzeSnI.jpg,Other,Other
380328362_720147746818652_7463026586030685431_n_jpg.rf.3wqdgyu4lCVy0cjin85o.jpg,Semi-Formal Kurta,Semi Formal
245418840_263997568981837_6175935033618373212_n_jpg.rf.lkaQX6kVZfmtqjxMc5Oi.jpg,Wedding Guest Maxi,Formal
330683275_1000107650970700_7230984158623957807_n_jpg.rf.lopXTJVAhk5vOi0X2NO3.jpg,Everyday Casual Kurta,Everyday Casual
347115587_803084188085966_6029301515064055988_n_jpg.rf.mEfCEZSRlNOIlUWtgecw.jpg,Other,Other
362478770_987720779092726_4521509409822216257_n_jpg.rf.lwntQ8AKvyII7pC03SKU.jpg,Other,Other
391250259_1037275123957653_4863180633908385661_n_jpg.rf.mK7rAs5KzSuoyJyCt7we.jpg,Everyday Casual Kurta,Everyday Casual
312950283_834332207595825_7407719706969172026_n_jpg.rf.mxYUmqCHJLfQdgekBg9G.jpg,Other,Other
361586174_684867837013310_190104750656376284_n_jpg.rf.lkn2bKOyUSniSoJaOSDl.jpg,Other,Other
365399150_825568939132723_5835600087788244350_n_jpg.rf.nBLBes2RDDiKkcSZce8P.jpg,Everyday Casual Kurta,Everyday Casual
295175285_1471569216621156_3408931719523342314_n_jpg.rf.mzzVfUFfhETndpmM2jFO.jpg,Everyday Casual Dupatta,Everyday Casual
235597807_217744573614492_1905126586276718713_n_jpg.rf.n5e0XkzLd0N4gSTAU59Y.jpg,Wedding Guest Peplum,Formal
385888389_18307413049184038_8719215994722476379_n_jpg.rf.nQ4oJajS8HzFuqnfFti0.jpg,Everyday Casual Kurta,Everyday Casual
333043880_726598718904617_6643181224685737013_n_jpg.rf.ndSIeGKoxqaTVvSbFxuC.jpg,Everyday Casual Kurta,Everyday Casual
331309457_522798996642432_239547355488278297_n_jpg.rf.nUt2s8iydxmrCHAB3rno.jpg,Everyday Casual Kurta,Everyday Casual
364289598_1002173074148989_6268079125903794494_n_jpg.rf.nhzMrdT3rF0XmA0PGnWv.jpg,Semi-Formal Kurta,Semi Formal
339172033_1844591362592520_6240328366067923148_n_jpg.rf.nu1hGgqz60yKsgof26wa.jpg,Everyday Casual Kurta,Everyday Casual
361586954_825900302229566_1431678964975401459_n_jpg.rf.nj8jioKYWQ0f0AjTKrsy.jpg,Everyday Casual Dupatta,Everyday Casual
275503189_660103031923327_580866402070131248_n_jpg.rf.no4Kw0YOFWenp90X5UfY.jpg,Wedding Guest Sari,Formal
343411393_2029887970675450_7407136723501479418_n_jpg.rf.oAJ8dgEiesf8JkZzAQ3x.jpg,Other,Other
353664283_261912869823382_3202491928832100080_n_jpg.rf.oRYw1Itjkg22EmzX4guI.jpg,Everyday Casual Kurta,Everyday Casual
382526336_3433835576946629_2131497038430165753_n_jpg.rf.odm9fTHdZjp6gEz8n1QU.jpg,Everyday Casual Kurta,Everyday Casual
358416500_675795887920505_6738031195569849687_n_jpg.rf.oiUSq79sy0FzlowP7YAd.jpg,Semi-Formal Kurta,Semi Formal
285451368_313548494309780_9020384629252180646_n_jpg.rf.oxboV8biy4CCDlxm3Rxe.jpg,Wedding Guest Sari,Formal
344872750_762553838874915_4943570565290978323_n_jpg.rf.p9i5nX8lhW3N4m417ZLs.jpg,Other,Other
364987286_1381712079227626_7894114202583420543_n_jpg.rf.p7qymkazDlipuAIbnXpQ.jpg,Everyday Casual Kurta,Everyday Casual
366443591_3409634582622687_5093044649514291874_n_jpg.rf.ov7ZgsqFlciPJPCVMJx9.jpg,Everyday Casual Kurta,Everyday Casual
391060351_1181008986621641_4971545059681058688_n_jpg.rf.2VDDGOyRuVyIReoE735X.jpg,Everyday Casual Kurta,Everyday Casual
294573237_569744457977697_2483035567730930054_n_jpg.rf.o4aPN6QH7U2ZfqXQNive.jpg,Other,Other
339995037_235559829002318_651454797743408607_n_jpg.rf.2Si91hFg6G9xUMybIueN.jpg,Everyday Casual Kurta,Everyday Casual
288667864_346388180905680_3371308447419928785_n_jpg.rf.2n1iZLXeFbzvPuBZuUkS.jpg,Other,Other
274807362_1044422396205345_4027099620687567702_n_jpg.rf.3BtZ7zuiwHZfyMggxjrO.jpg,Wedding Guest Frock,Formal
308132833_1543542402744387_7144052006205801813_n_jpg.rf.2bMc2NkDOlnjTgZNH5IF.jpg,Everyday Casual Kurta,Everyday Casual
308907492_157606903550517_3356414395170575795_n_jpg.rf.3ClQpDL17UcyHpY93D0N.jpg,Everyday Casual Kurta,Everyday Casual
317493034_5328143267295774_2297271595530262112_n_jpg.rf.3U4SoeQjkqJ4WKHVCx7s.jpg,Other,Other
379774772_1370658543487422_1512628027500308390_n_jpg.rf.3vrCsaTOyNBq9HCaMGfZ.jpg,Semi-Formal Trousers,Semi Formal
298147944_5996249823725039_4591175929106892059_n_webp.rf.44fzezI46kVYZ0ljWIiI.webp,Everyday Casual Kurta,Everyday Casual
332941776_601372261381938_5189750162835113869_n_jpg.rf.49huitrQh7gZg0ZhKGnS.jpg,Everyday Casual Kurta,Everyday Casual
341010826_522318296781866_8949619156206174557_n_jpg.rf.4A5pZjcKQ0jghr6wEV4y.jpg,Other,Other
341364198_937409957450868_6830760921933836062_n_jpg.rf.3noK6XLqQUxZpdDuOlfV.jpg,Other,Other
382712799_688380036210669_674748735975163207_n_jpg.rf.47PvVCWNmyZjUblgaVck.jpg,Semi-Formal Sari,Semi Formal
322511906_209875051488943_1941059278840300487_n_jpg.rf.4Y4yhIU4FrF4G1VeEu9c.jpg,Everyday Casual Kurta,Everyday Casual
288209683_2268385189979969_5613612039551965241_n_jpg.rf.4dDdmDLl91YYUmFMrn9J.jpg,Other,Other
332226963_566486768875884_2275747024549522319_n_jpg.rf.4WuOSI8KAPdvKi6I14hK.jpg,Other,Other
336001568_1236134953662586_3442883168970417256_n_jpg.rf.4N3nbckWUH92RIMv2yTh.jpg,Everyday Casual Kurta,Everyday Casual
387211604_18307553002184038_8096157963604821442_n_jpg.rf.4ipLEqvnfZtY9RQLG5yg.jpg,Everyday Casual Kurta,Everyday Casual
340289999_766134308214279_2347099040082356528_n_jpg.rf.4rJTP5P4CNTqbtUmWJqV.jpg,Everyday Casual Kurta,Everyday Casual
366528615_18380920642000463_2251549509264305043_n_jpg.rf.4z2Ef2OgNmxhRsXInm71.jpg,Everyday Casual Trousers,Everyday Casual
297307734_786197415717656_7280428981518693758_n_webp.rf.4MX8rob5XwhK9RWnIPBl.webp,Other,Other
316731675_200770582426954_3145952296593574372_n_jpg.rf.4F1RW1oVBbxrY5bkjqSq.jpg,Other,Other
347443371_944329843477163_316715126123166123_n_jpg.rf.4BS5IG7UGwZppJwLVvJA.jpg,Other,Other
337887193_5460355534067431_6053155247392402840_n_jpg.rf.4DwOdq1xOny1RVGtN7UB.jpg,Everyday Casual Kurta,Everyday Casual
289605932_579978823663625_4429337446021638433_n_jpg.rf.4trKTkHZg4cQoGVxQEMw.jpg,Other,Other
355451228_645027810990911_3166683936946356606_n_jpg.rf.4xeGI4B18cNJSg0pzkEg.jpg,Other,Other
311212686_5798890016817231_475787476010387019_n_jpg.rf.4azOqGyReMyAGAaZCEFN.jpg,Other,Other
308224488_800238161247167_4556643225310644927_n_jpg.rf.4ssYjDW9gzKshfKXNKWc.jpg,Other,Other
349001112_631563875555992_1343174588614047752_n_jpg.rf.58kGRzse8ZokmdkZVgCm.jpg,Everyday Casual Kurta,Everyday Casual
332935333_908817807122709_6770064487067352322_n_jpg.rf.5SG66U6IAH9CcOOuqz4n.jpg,Everyday Casual Kurta,Everyday Casual
316886332_1267962603996931_6926152418198439671_n_jpg.rf.5H3ODYnyJlgtyZWWBBut.jpg,Everyday Casual Kurta,Everyday Casual
363812903_826157032189256_491871715125914767_n_jpg.rf.5IVv0GW8avQVTmQSwwIf.jpg,Other,Other
341166141_1318629375394837_2044242838892892123_n_jpg.rf.5o6NOjsoU3E6PmGcY8Uc.jpg,Other,Other
386590563_866840394802223_5868410035428167294_n_jpg.rf.5LBbpjmBQ4Q9Pdb4YHPw.jpg,Everyday Casual Kurta,Everyday Casual
332065901_6354593374564419_4631182572494930558_n_jpg.rf.5Tcs8dU4LB39w1V52dCg.jpg,Other,Other
309430623_5176366125825628_6543817414335297343_n_webp.rf.6BBaUq9lK39in3LD3qv2.webp,Everyday Casual Kurta,Everyday Casual
300063345_806147277231564_5832572206030733224_n_webp.rf.5uNWrEAPxwHFw7PkL4mG.webp,Everyday Casual Kurta,Everyday Casual
309861791_835381070976822_131439109342700882_n_jpg.rf.5tgXVIp1iI4Fvrnvm0pL.jpg,Other,Other
327293400_1326965694750528_8825677249410793620_n_jpg.rf.6IKXmuvRL44fPTofp73I.jpg,Semi-Formal Maxi,Semi Formal
337936138_996890217959439_402884655618637956_n_jpg.rf.6KxVsgXrOJ47TmphqUmy.jpg,Everyday Casual Kurta,Everyday Casual
274484729_1079594646221719_7779156006978077334_n_jpg.rf.6q1bSjaPmxQ5uQsOwlzO.jpg,Wedding Guest Culottes,Formal
349521973_1040279360268837_5995764646207353799_n_jpg.rf.6ae9iUtUnJ9zYo29yf2k.jpg,Everyday Casual Kurta,Everyday Casual
307740397_499987188638326_8344700130617255449_n_webp.rf.6XeQsFljzSme2DrtyptV.webp,Everyday Casual Kurta,Everyday Casual
240443825_1188023311718525_1029345041456478101_n_jpg.rf.6dkHjBGX53ESDICJeL5i.jpg,Bridal Lehenga,Formal
353647272_252743624017078_5162106320341412123_n_jpg.rf.77L4Tz77CqS3mkz6MtNS.jpg,Everyday Casual Kurta,Everyday Casual
332382383_212879507920861_4069733225295413580_n_jpg.rf.7ENdc0MijlcUHIbMjIe9.jpg,Everyday Casual Frock,Everyday Casual
373229865_797477092111008_6799421745845724961_n_jpg.rf.79SDANNpMhokDxlj0H1b.jpg,Everyday Casual Kurta,Everyday Casual
355246060_1231679397543404_4267664229154474436_n_jpg.rf.6u2dzOQmXuenIaFM3LYL.jpg,Other,Other
332083373_3518791261690620_3668048595397379241_n_jpg.rf.7Kuaj8HjXOta5SwS7wY4.jpg,Other,Other
315961055_207349378323910_2210165371902820037_n_jpg.rf.7QmQd2bURNHl0p9qNjMd.jpg,Everyday Casual Kurta,Everyday Casual
375611607_1109188683391442_3703670808131484718_n_jpg.rf.TbV1NVXW7GDEriOeCnPj.jpg,Everyday Casual Kurta,Everyday Casual
327972718_163972649827488_2268423757437307439_n_jpg.rf.TnfHWAzzKL572cjwYOoQ.jpg,Everyday Casual Kurta,Everyday Casual
318548355_1580541622398091_1975493318775791499_n_jpg.rf.TbRHmOwYzZD15gPP7tAt.jpg,Semi-Formal Dupatta,Semi Formal
287368453_421810883148235_3985061063688747534_n_jpg.rf.U03ib1l8UuOGBF2eOYlD.jpg,Other,Other
317653123_683885913357961_881715219742460691_n_jpg.rf.UC9vt06L6nb30QzD3zCp.jpg,Other,Other
305724463_1229358831231333_8544310989019190368_n_webp.rf.UE100X8afC9QuBQuDCJR.webp,Other,Other
348466973_1432703720814008_8795935849680990787_n_jpg.rf.TncCLMr7yvAd8PIfxCrI.jpg,Everyday Casual Dupatta,Everyday Casual
353026866_646795113585755_5767216622382036786_n_jpg.rf.UprYdetlP72SJC8cypxe.jpg,Semi-Formal Kurta,Semi Formal
329760269_914200269891084_4299146082646194160_n_jpg.rf.URD7wUh6qCVZBxu5hMxB.jpg,Everyday Casual Kurta,Everyday Casual
287773567_136328072353541_2490303123748001841_n_jpg.rf.Uq7repWYFLErES6zJ9WK.jpg,Other,Other
338396286_272607678428365_4717711517330293200_n_jpg.rf.Uu7F0gSD8AN7kK49rzan.jpg,Everyday Casual Dupatta,Everyday Casual
305577169_170281388850489_815000660356384440_n_jpg.rf.Ux0hDpLRrLV8PwKqZnu3.jpg,Other,Other
329397471_572106854937829_3579141627074933293_n_jpg.rf.V1GUOKkwSGtiGmhVbkvF.jpg,Everyday Casual Frock,Everyday Casual
313963727_1557331001383056_7679437089165694622_n_jpg.rf.V25c0U4RsPfkcWLjeorS.jpg,Other,Other
291722439_1066238767659750_5159162071819751770_n_jpg.rf.UfKzPKVscHGKLw413hzY.jpg,Other,Other
318526115_705988984082349_1092402291131996377_n_jpg.rf.VTbY59qcU6Izan148QAs.jpg,Everyday Casual Kurta,Everyday Casual
375673462_851078506378412_583580851147287455_n_jpg.rf.VF4OueoSGswSo8n2e6bt.jpg,Everyday Casual Kurta,Everyday Casual
300442829_1056803141869073_7500872661521044397_n_webp.rf.VshNFosvgxy8zfmIGMlc.webp,Everyday Casual Kurta,Everyday Casual
339140559_6321179071259879_3632365413991357664_n_jpg.rf.VYrn5TaymrpssnJBcvcQ.jpg,Everyday Casual Kurta,Everyday Casual
372962110_379099941117252_4346862831455532438_n_jpg.rf.W0lT2kgXwRxFWV0gqAlx.jpg,Everyday Casual Kurta,Everyday Casual
387268537_1263890444274531_2805180520457054163_n_jpg.rf.W2eIYA3evh9nAFI1BxsD.jpg,Everyday Casual Kurta,Everyday Casual
366342389_842095983943331_7216696893675922212_n_jpg.rf.W3GGoy6po1NlbJfXhZ8a.jpg,Everyday Casual Kurta,Everyday Casual
331958342_901634107647609_2713529203521456255_n_jpg.rf.VG9dljcoTuOb0S3YAvYH.jpg,Everyday Casual Kurta,Everyday Casual
319500080_1455532058186666_7906345748943425752_n_jpg.rf.W85lmkcN0BSXRO86VaBm.jpg,Everyday Casual Kurta,Everyday Casual
367678903_305860235291005_3596108462122140398_n_jpg.rf.W75IrKmIHu1AJ2Io8u6J.jpg,Other,Other
374736287_18302804434184038_6323683688081371369_n_jpg.rf.WHL6Sopw4QGbRcyOf6Ef.jpg,Other,Other
386117328_663276542562407_981144106144947415_n_jpg.rf.WKSQRkvfGDxXy3Cc4VLW.jpg,Everyday Casual Kurta,Everyday Casual
315919101_186806843895637_6240571293585212875_n_jpg.rf.WzgzeDTJNrBlN9El6q4t.jpg,Other,Other
363329355_663576162470890_470801445497610593_n_jpg.rf.innRDRRHLpLIdcYS27t3.jpg,Other,Other
349349149_934125347838018_3799921291298978712_n_jpg.rf.WiJ3Y5ntOnEXbZmW1OI2.jpg,Everyday Casual Dupatta,Everyday Casual
365091048_6240894479354127_6845691318303595868_n_jpg.rf.iodFgcBlKnFtExlLgEw4.jpg,Everyday Casual Dupatta,Everyday Casual
289671009_607421827681030_4052213044507615274_n_jpg.rf.jA3bZd7vK7neKf37rw2h.jpg,Other,Other
338209922_1338855309997804_7543822174342241788_n_jpg.rf.iyZOP27i58OzbxekOijG.jpg,Everyday Casual Kurta,Everyday Casual
362621619_829356608550602_4220555879906411840_n_jpg.rf.WP0iC9grgihCdxGS5RQs.jpg,Other,Other
369241147_789354139858813_5653824595443153154_n_jpg.rf.jG22CYRwBzqN2Wjxx8oD.jpg,Other,Other
350692077_274695928412783_4118804818213397839_n_jpg.rf.jEvNj3LjE50U43RaRSs8.jpg,Everyday Casual Kurta,Everyday Casual
352300462_3493591674221536_7852003197292131439_n_jpg.rf.jKb9uW5q0x91dQcRjLSW.jpg,Everyday Casual Kurta,Everyday Casual
362022005_117512341411412_6971947573777503440_n_jpg.rf.jNaMhRhA1lWiV5EVH3dy.jpg,Other,Other
319068449_142410741920811_8503065251923868540_n_jpg.rf.jIerNZ8QZYHsMWp3IJA4.jpg,Everyday Casual Kurta,Everyday Casual
311789591_160367573344042_1638111681638800104_n_jpg.rf.jRtFLnyWo7HLlfxjIbsN.jpg,Other,Other
360076918_582169057440901_424434108933928629_n_jpg.rf.jcu8BPdT4OH9rmCiBf5Y.jpg,Other,Other
325522340_211922997891798_1454864400461685725_n_jpg.rf.jrpthxv7DEBCu9Gn5wt0.jpg,Semi-Formal Kurta,Semi Formal
142640229_526668998304463_8162646861716648521_n_jpg.rf.k1T0d8ZMYn76tBbUfgyl.jpg,Wedding Guest Choli,Formal
385851167_1033379771031274_3113568738491193018_n_jpg.rf.jghGC4oVCdJ8k2GFGSrT.jpg,Everyday Casual Kurta,Everyday Casual
361838656_601645642115630_8489708583910276_n_jpg.rf.jjDZUHXsHVKdxwgUssW3.jpg,Semi-Formal Saree,Semi Formal
361215899_236519732644767_8173170292970641148_n_jpg.rf.k7feoMiMeJ3TORzd8BZU.jpg,Everyday Casual Kurta,Everyday Casual
283238488_363419652318803_982034921717084016_n_jpg.rf.kQRAL7gXIiIt4jUuCnN3.jpg,Everyday Casual Kurta,Everyday Casual
313478844_172851425396804_4944822953971851541_n_jpg.rf.kaJzl1qF1z1DVPQx62Yz.jpg,Everyday Casual Kurta,Everyday Casual
339776572_191881786923542_993213846545877047_n_jpg.rf.kWT2mX6DUgkNuQhldK2W.jpg,Semi-Formal Frock,Semi Formal
387267656_631178532431337_6229252314840175290_n_jpg.rf.kbMApPJwSt2l0hvCJYsl.jpg,Everyday Casual Dupatta,Everyday Casual
384511282_224136657083773_2483810974362892280_n_jpg.rf.kohFiDPxcNZ3vkjTP4l5.jpg,Everyday Casual Kurta,Everyday Casual
338237983_1899590663711607_4079075310529932852_n_jpg.rf.lVuXtJROnXT6cL8dYb06.jpg,Everyday Casual Kurta,Everyday Casual
386253463_703031271672281_1357158053311071752_n_jpg.rf.kapy6GT2nG0tHNJuu8sV.jpg,Wedding Guest Maxi,Formal
349317224_1000545407608197_2303136830103221075_n_jpg.rf.lTKNK8HVasYrAeaC70tR.jpg,Everyday Casual Kurta,Everyday Casual
333118227_1395006347939509_8780470884223041990_n_jpg.rf.mNmHOaI8ODJTuxSNwlEG.jpg,Other,Other
336564745_1177832452919931_2675517219528490521_n_jpg.rf.l2od5Oc3aFKV0DHgTN6v.jpg,Everyday Casual Kurta,Everyday Casual
334287345_193085953366487_2875315991977403359_n_jpg.rf.lzGq7gLL1YrAY34QQHDD.jpg,Semi-Formal Dupatta,Semi Formal
375530451_1032764318118741_7601017604815816025_n_jpg.rf.mcpTJTFwmzaKjqGLbHmI.jpg,Everyday Casual Kurta,Everyday Casual
275374890_130734352814306_3072038417331373454_n_jpg.rf.0BwUrkyPu9ERIWZrjLl4.jpg,Wedding Guest Kurta,Formal
299621739_2017762075074269_3395559179716505393_n_jpg.rf.myc8uIgh02nN074OoWcH.jpg,Other,Other
311028713_1361377794602082_597340881063519052_n_webp.rf.0FlifM2JDHSNaG17Ut1P.webp,Everyday Casual Kurta,Everyday Casual
283646039_378379664350504_1604240674216220788_n_jpg.rf.0IjuZmlkdft0mUC2gGLe.jpg,Other,Other
300655451_798243574686845_7253952838920662069_n_webp.rf.0N0lKeyKpShbzO9rgJFl.webp,Everyday Casual Kurta,Everyday Casual
358098304_286577197219309_9199705920199676580_n_jpg.rf.0QU3oZg1hpNv4agbLDWr.jpg,Other,Other
352810618_1776092289453321_8292938587956538747_n_jpg.rf.0rWMx17C0WpksfEiCn66.jpg,Everyday Casual Kurta,Everyday Casual
337743227_542949291299396_2504218799471376397_n_jpg.rf.mcMavcpC5FwjhBnPn3FN.jpg,Everyday Casual Kurta,Everyday Casual
317005674_652192579920754_6779841811283006987_n_jpg.rf.0fUAEJaplaW2qAI9glQM.jpg,Other,Other
296997218_591606965925374_2748093790676868579_n_jpg.rf.0sJFw8E7Msu2TQQqOBqG.jpg,Everyday Casual Kurta,Everyday Casual
367958550_1030225558156532_6358051874125160977_n_jpg.rf.17SG7WmX7tQkn4omLK3f.jpg,Everyday Casual Straight Pant,Everyday Casual
359744414_1456102598505631_5355146884356889761_n_jpg.rf.10gClxyBOhuYfbGr7Z6J.jpg,Other,Other
351431825_6183208141786754_8970337419211509436_n_jpg.rf.10JrhXM3fLt7uidmbydN.jpg,Everyday Casual Kurta,Everyday Casual
296334522_590818072507342_7479544738375130872_n_webp.rf.1K5BglHYD2trT8WNusmf.webp,Other,Other
299387154_886009572372693_2100524354417370129_n_webp.rf.1bcvlD7T1sAmhnFNvJaF.webp,Other,Other
369800511_704462635053830_7991651493903357861_n_jpg.rf.1huE6gSt4RB24LXQrY8c.jpg,Everyday Casual Straight Pant,Everyday Casual
315722277_716519016021686_7249676651434649295_n_webp.rf.1dYhe1xYAkiVmBWmcnYX.webp,Everyday Casual Kurta,Everyday Casual
370554718_845828460236750_4639117673253367762_n_jpg.rf.1d3f5bGagwLW1xj0rNDw.jpg,Everyday Casual Kurta,Everyday Casual
331005276_1243485992934279_7277774691122063357_n_jpg.rf.1j8d0GKxJ3TntKJ1cnk6.jpg,Everyday Casual Kurta,Everyday Casual
329940075_1226373214665512_3589133377241001920_n_jpg.rf.1vQINy4ZWIcg5jNf3Wyo.jpg,Everyday Casual Kurta,Everyday Casual
297682620_483827696887892_145972856510729334_n_webp.rf.2Ez5C8xBg8Z2qaLEHGE5.webp,Everyday Casual Kurta,Everyday Casual
307240249_782511496302359_3800216277579833595_n_webp.rf.z3rdyf5cFoF0RrosbMNu.webp,Everyday Casual Kurta,Everyday Casual
319809474_174859631831182_9145105583200077362_n_jpg.rf.ysjjoJ6rQOcE7JljO8jK.jpg,Other,Other
364285004_672314548138104_2481272922471605018_n_jpg.rf.yuqP7lkZoWLvjLmHVo9v.jpg,Everyday Casual Straight Pant,Everyday Casual
300635707_1253136301895155_2151381667378076120_n_webp.rf.ylK16cD4375UVwahBU6c.webp,Everyday Casual Kurta,Everyday Casual
341699682_762094622116946_6951957770467854788_n_jpg.rf.zfERQ2cEa6PPWYzxekAm.jpg,Other,Other
293872163_749503239662127_7593380991436040932_n_jpg.rf.z6cZq3urxtztD7Ul0Jwf.jpg,Everyday Casual Kurta,Everyday Casual
361618683_825907295562200_1309782488135593854_n_jpg.rf.zcFv6DVAdVhxo92AgjQU.jpg,Semi-Formal Kurta,Semi Formal
334483151_1143139380413918_5519087863633270283_n_jpg.rf.z4J8Y12Ik7dxVb1c7dg7.jpg,Everyday Casual Kurta,Everyday Casual
337690910_173115138908837_5141758691258722992_n_jpg.rf.zfdYaV3f9QKOsDgDrh0i.jpg,Everyday Casual Kurta,Everyday Casual
364681711_303712995505729_7861904787000637626_n_jpg.rf.qotKPN1BW9G3h0uXQyaY.jpg,Other,Other
309007967_681382213365298_7278408111433173906_n_jpg.rf.zud6JBIX0QlvMygKmzhT.jpg,Other,Other
356261657_669201588370534_1933017089206413729_n_jpg.rf.qtIX6bsY8b5ynLdxOaDX.jpg,Everyday Casual Dupatta,Everyday Casual
280050655_412804464021519_6174379831079941597_n_jpg.rf.zkH2vkuYO8lUYfl5uXM8.jpg,Wedding Guest Dupatta,Formal
330697111_744341470307705_3125413360763383580_n_jpg.rf.rwI5LwZWOdBj4nysBd9U.jpg,Everyday Casual Dupatta,Everyday Casual
390643928_1263455417695787_7370308308494156924_n_jpg.rf.s0V8NfRu2ogAj66sChhF.jpg,Everyday Casual Dupatta,Everyday Casual
332910672_6039165839462927_5610293881898464019_n_jpg.rf.qxiPMEC9ceifBWhmqXMN.jpg,Everyday Casual Kurta,Everyday Casual
312916986_446693777592298_6243538447675982865_n_jpg.rf.rPEiP4ZRxJuNIxVpSzT0.jpg,Other,Other
351751755_244255121569782_3107375750359446993_n_jpg.rf.reKfnwQyT92BYqRPDkqM.jpg,Everyday Casual Kurta,Everyday Casual
387651715_2446893738817158_4386096732517160351_n_jpg.rf.s6qSEy925kmcfqzTYgA2.jpg,Wedding Guest Angrakha,Formal
314651965_1613317015798704_7570274568811688683_n_jpg.rf.scYeST9NHVbssiWuSHSW.jpg,Other,Other
296976153_179892007780284_967095585778886975_n_jpg.rf.scK4SzJuCnEaDEYkK4Nb.jpg,Everyday Casual Kurta,Everyday Casual
347857668_773053584332572_3152283712046874528_n_jpg.rf.sm63RuKJZISjg0basI3g.jpg,Other,Other
353404183_1203091930363778_7716867847788796061_n_jpg.rf.sJqjxPXl7TZQI8qVAO8a.jpg,Other,Other
347405951_661504132683014_5927051529709379429_n_jpg.rf.srlVwyWFsxrr54815NFG.jpg,Other,Other
300070199_1040257720011746_3399143874089356675_n_webp.rf.t1BC2ylDQqHW6yWlwVlH.webp,Everyday Casual Kurta,Everyday Casual
269740598_331134222193996_6041172432192329889_n_jpg.rf.sL5YNrzO3l3rqk9a2sB8.jpg,Bridal Maxi,Formal
333444930_509983674627258_4787207045107381197_n_jpg.rf.t38g9seK2GiMda2Amz0V.jpg,Everyday Casual Kurta,Everyday Casual
318685580_416217200616589_8057856244328574856_n_jpg.rf.t3l6I6nLmRT9UrBO7fVE.jpg,Everyday Casual Dupatta,Everyday Casual
285364006_334724272149217_7100102002958894601_n_jpg.rf.tbn8PvVc2FzfSq817NJ5.jpg,Other,Other
366011907_1365439537338776_77712982950609882_n_jpg.rf.tCEQPpayeb9p3NbPeFMh.jpg,Everyday Casual Kurta,Everyday Casual
329967811_129110530073267_7764847408060325296_n_jpg.rf.tTXNSBwyxwb6QPRbSwzW.jpg,Everyday Casual Kurta,Everyday Casual
290322773_1105068713553843_6290882355185432778_n_jpg.rf.thWEiNIbqhzNSaYVESOO.jpg,Other,Other
354257713_808996123919984_4483791413952546619_n_jpg.rf.t7PTmoR4uOopA0Ooxti7.jpg,Semi-Formal Kurta,Semi Formal
376400676_712167984283295_2657583779880520563_n_jpg.rf.tswYSvsu8lluGWFWFZyG.jpg,Semi-Formal Kurta,Semi Formal
278173936_543821010433099_6450313112598248549_n_jpg.rf.tv8LyOf0V64JnjHBcFNy.jpg,Wedding Guest Maxi,Formal
286921900_334529635531109_3452435673991626595_n_jpg.rf.ttvb7RKebHJkXJCcl7v2.jpg,Other,Other
363345432_692583726241721_8637491471226517818_n_jpg.rf.twB1dTIwlnl9usPedXHi.jpg,Other,Other
354813310_811269213779241_520656714797378826_n_jpg.rf.u87XNnX4GSg2zTz2eknr.jpg,Everyday Casual Kurta,Everyday Casual
306913357_491622929123977_1722300101061829280_n_webp.rf.uKtOmHisYgEMIBTVqBcK.webp,Everyday Casual Kurta,Everyday Casual
329918227_218395663900831_2714156185468356054_n_jpg.rf.uEuVmD4JQyTbEO0rGAc4.jpg,Everyday Casual Kurta,Everyday Casual
347551839_23947606478172106_5214863891498420996_n_jpg.rf.uAcIInZRGxheLxCKt7zS.jpg,Semi-Formal Kurta,Semi Formal
364398349_247871141392421_2910351831765196784_n_jpg.rf.WTHjx3zPx6QHCVbrHlmc.jpg,Everyday Casual Kurta,Everyday Casual
307853018_626422369036034_2646744507364988095_n_webp.rf.Wkf4SNsc3utTYn2rt5U0.webp,Everyday Casual Kurta,Everyday Casual
352796342_230454819741745_4178061998923449702_n_jpg.rf.WTUMnZSldz22Ilc0mHTy.jpg,Everyday Casual Kurta,Everyday Casual
298150214_1533535170394820_1592444592841375252_n_webp.rf.WnpJDMpksjFl73ow4BdW.webp,Other,Other
360097344_291815936695435_5427940256841426398_n_jpg.rf.WURsf8ub1L1fuk5f4luy.jpg,Other,Other
336821178_746356596933737_825187073955125650_n_jpg.rf.X26JuM86sQQrnnlWTkGV.jpg,Everyday Casual Frock,Everyday Casual
299975897_1812364245777938_7892255757691607149_n_jpg.rf.XBCxJOjB1TvulU9EGdpG.jpg,Everyday Casual Kurta,Everyday Casual
298703486_606790120813362_1356177330849858339_n_webp.rf.XYH908lYHQDjyurnrc8v.webp,Other,Other
277799872_676115183630122_1791250940359203395_n_jpg.rf.XRYWQkXFwPCzuxCiT3HA.jpg,Wedding Guest Maxi,Formal
354927701_641476294670432_531286853684345202_n_jpg.rf.XgRpQxwDycVuzeYXUBHI.jpg,Wedding Guest Kurta,Formal
327703913_893024058597824_1052103637698268870_n_jpg.rf.XcYWcJzs37B9IzxmwqbN.jpg,Everyday Casual Kurta,Everyday Casual
327142843_142322192020873_2051751141471369991_n_jpg.rf.XiQeGNK6M1mGY1438VFV.jpg,Wedding Guest Kurta,Formal
333289180_1673348136446117_4734691996194490191_n_jpg.rf.YFqaCEIZjaHN8I6q5u7q.jpg,Everyday Casual Kurta,Everyday Casual
370349260_18262728190093875_7752830930012907364_n_jpg.rf.XggMzoXUJ22JzT2wPnX1.jpg,Other,Other
369927254_319592707263432_523308000389310926_n_webp.rf.YPgLRDFxDe5h0NdrlxCh.webp,Everyday Casual Kurta,Everyday Casual
342867397_687273343167252_7174814380509361554_n_jpg.rf.YH4SFnKIqmsa64TtUqMN.jpg,Other,Other
383166198_18207989338269217_8621499096541997724_n_jpg.rf.ZCmDsoPaM5qIB94aQhY6.jpg,Wedding Guest Maxi,Formal
336307226_1837329803315235_1957203964988217965_n_jpg.rf.ZUOvJnBiwBrtOxrMSow7.jpg,Everyday Casual Kurta,Everyday Casual
372889299_684293166526281_1638470372183598629_n_jpg.rf.YuMvJ6FCaZrl22l5jbyJ.jpg,Other,Other
347590436_818008006352129_1589884696689949710_n_jpg.rf.YTuT4VS8XSiMW5WeGzp7.jpg,Other,Other
366039593_744299044049440_6608704350031291964_n_jpg.rf.ZhaKf75afglcBrsxTTLC.jpg,Everyday Casual Kurta,Everyday Casual
312645142_1078126882895995_3966697371919936565_n_jpg.rf.ZdTuwkYbKEBmeh0nBNAe.jpg,Everyday Casual Frock,Everyday Casual
314905099_1175825623291982_2988087606871542534_n_jpg.rf.ZtLx8ifK9iuHHdG5R5gB.jpg,Everyday Casual Kurta,Everyday Casual
296593894_1178806352851933_4417083889020340347_n_jpg.rf.ZPIOEe326ckPYkPEuAgo.jpg,Wedding Guest Maxi,Formal
284863668_557525105742515_6485256853376273999_n_jpg.rf.ZzMUPpXhmwbRTb2iGXGF.jpg,Other,Other
361951117_261571269920667_2109881187475925968_n_jpg.rf.ZmeVmopiFKJoxM1J9h33.jpg,Other,Other
296012545_2309679452515791_843101786875357549_n_webp.rf.aKGWPOBpa2rlY3zuu6MB.webp,Other,Other
350469361_277729988027169_4652309205303411616_n_jpg.rf.aO3mnC6exdqOosGH63p8.jpg,Everyday Casual Kurta,Everyday Casual
362294437_298404652703230_3763665646364917637_n_jpg.rf.aS51dG2KKOuQemLH0MaU.jpg,Other,Other
387102783_334119885798373_3512141909298858502_n_jpg.rf.6JU31R2GDeOs9bcbG9hz.jpg,Other,Other
376492280_712167450950015_7648158738773103653_n_jpg.rf.6C3uQUsckxDXFNBn6eYl.jpg,Everyday Casual Dupatta,Everyday Casual
296721726_150916334224949_1769904157452681620_n_webp.rf.6Q8TgkB3DIiFP3DXVN0U.webp,Other,Other
356196667_827813315371598_2496170225524781305_n_jpg.rf.aWxNK4Q8anabp88o2YZ9.jpg,Semi-Formal Kurta,Semi Formal
312712996_648573723596100_4617608603464642132_n_jpg.rf.6K01rVq8bt6xXh0CqmDT.jpg,Other,Other
361734840_170417532714457_6091257349131087681_n_jpg.rf.6LwB9Z79e3nqJ0uenF0H.jpg,Other,Other
347433055_941266867082703_3428877327345326477_n_jpg.rf.6apKb4VAh1SLromaJidq.jpg,Other,Other
227295095_953089732137275_202250382285793821_n_jpg.rf.6hkycY4miPoCgQiZDjL7.jpg,Wedding Guest Sari,Formal
356024837_147504131628709_2605428067167299913_n_jpg.rf.6d6dFvnjTBbR1Fn979j8.jpg,Everyday Casual Culottes,Everyday Casual
364293677_1209576329725008_3160599662394216789_n_jpg.rf.6pDgp2CAM1cVsgOFpweF.jpg,Everyday Casual Dupatta,Everyday Casual
387703578_1070280293868802_9192340682451373640_n_jpg.rf.6x2g0PC1I7J65wjLEeE4.jpg,Everyday Casual Kurta,Everyday Casual
336518888_1259058645016034_162694271033641314_n_jpg.rf.746ONEqmkqjwKPG4ac1V.jpg,Everyday Casual Kurta,Everyday Casual
165119808_2818181985087256_4103514569936180510_n_jpg.rf.78Sz3XhuRNrbmKMRNbeV.jpg,Bridal Dupatta,Formal
295130088_833201410977126_7562712877064532628_n_jpg.rf.79gMFK1SVTFAxEw2cJhp.jpg,Other,Other
340511318_150657697947302_3582091299788153504_n_jpg.rf.7G9LdUcKXitf2R1xzmML.jpg,Semi-Formal Kurta,Semi Formal
317556431_191787413400099_5630972575985058542_n_jpg.rf.7JEShRxUbsAkobeSkwj8.jpg,Semi-Formal Lehenga,Semi Formal
341802017_1067383590777628_8931699270190990637_n_jpg.rf.7KOJGVkHQjsMZIuw1Jv5.jpg,Other,Other
313221372_210332868083365_2145744436918653770_n_jpg.rf.7MMDS5O0hWXypVR2xDMX.jpg,Other,Other
308021598_574000484462088_1477789427816203641_n_webp.rf.7O79hxvohWaMTzjl5Xbl.webp,Everyday Casual Kurta,Everyday Casual
333641065_651224973473618_4972670567667748650_n_jpg.rf.7UpgjUKYeBTd4T68jcX8.jpg,Everyday Casual Kurta,Everyday Casual
339801375_1173309500050060_2405697066585711573_n_jpg.rf.7sdX6hSM2i0ALT7zD2Yb.jpg,Everyday Casual Kurta,Everyday Casual
329268919_932361694792269_3625306617933343535_n_jpg.rf.7RqSfIcRaSb9P48gkkuh.jpg,Other,Other
375424520_824065602839778_8772293103406926512_n_jpg.rf.7roUAcX38K2TxAkM5BGY.jpg,Everyday Casual Kurta,Everyday Casual
330305282_150861514491140_7816876226999754525_n_jpg.rf.8K70SSoMSpsJRplBowOn.jpg,Other,Other
332714397_751941406347635_8996101361690690204_n_jpg.rf.86ckZSfg1aiSlBVnMHkL.jpg,Semi-Formal Kurta,Semi Formal
370334405_18262860568093875_132663389365590880_n_jpg.rf.7ejyduu6V4BUxh3EYy9Y.jpg,Other,Other
301423761_1473992403079743_4524067064776183836_n_webp.rf.8KXkAvbyDcNaEXoi8UMh.webp,Everyday Casual Kurta,Everyday Casual
368118499_6354781241314156_8763523562711970473_n_jpg.rf.8UBX3hlyjhHo9exXSA8v.jpg,Everyday Casual Kurta,Everyday Casual
337835796_226745699886386_5144829571015614166_n_jpg.rf.8XC81PZNszf7bUIr6ot6.jpg,Everyday Casual Kurta,Everyday Casual
328351592_513824667619265_3934779187460775415_n_jpg.rf.8F8oJCpkZ4lOn0OuBUWJ.jpg,Semi-Formal Kurta,Semi Formal
371545727_703911491762551_2948397994504731471_n_jpg.rf.niiXkEVjxXlJAPNgm4Sw.jpg,Other,Other
338342331_609045274572243_8855100102387895755_n_jpg.rf.8mzyNQ5taI66TS4bJK0d.jpg,Everyday Casual Dupatta,Everyday Casual
353451610_1502244077183582_4194240034709809284_n_jpg.rf.ngB3jPYHsmut6xYx0TDL.jpg,Semi-Formal Kurta,Semi Formal
284922848_989996181694573_6588250061980612283_n_jpg.rf.n5RaW7Lyiu7q2qKQztIN.jpg,Other,Other
285180517_3312803395705410_3257238169245886512_n_jpg.rf.nxFTYTa3K3ADc0ZAbOq0.jpg,Other,Other
347638719_208640288693348_7514349558690979564_n_jpg.rf.njw3qztk06ZuiaPPQDdx.jpg,Other,Other
340673899_6244459112282519_6229335827955531450_n_jpg.rf.nk1YQpgwL1eCDaitZuRx.jpg,Other,Other
367358950_672599621063574_5090588277054767867_n_jpg.rf.oMsy7t4ezypaoulN6ut9.jpg,Everyday Casual Kurta,Everyday Casual
364281830_1274569846581014_594235149937781985_n_jpg.rf.o5cFkJIk51U7OeSN1O32.jpg,Other,Other
353350971_1290328415209744_8279268142428259503_n_jpg.rf.o4TKDgZLA89qx8Dz9ROV.jpg,Everyday Casual Kurta,Everyday Casual
347398445_667547312078696_2457264677908572250_n_jpg.rf.oQbtCESe6WIVi7ZoXZRl.jpg,Other,Other
353579662_800177404877537_4276782254737077589_n_jpg.rf.oR5BYlcS4f0T3KqULZGG.jpg,Everyday Casual Kurta,Everyday Casual
348737224_1295760531316514_5235383627735069378_n_jpg.rf.oPqbBXiYHQvkqFR6iXpg.jpg,Everyday Casual Kurta,Everyday Casual
374480573_279479574847700_6017292453356027392_n_jpg.rf.oPMGhWEMmPaMhK3tnn5A.jpg,Everyday Casual Kurta,Everyday Casual
271447957_661538524859120_1476742988778473439_n_jpg.rf.oVHeHueTWhPwvvH03VSK.jpg,Wedding Guest Dupatta,Formal
376715782_1322438568479146_32833797876369849_n_jpg.rf.olqWk9loMlfyqev7oNpj.jpg,Everyday Casual Kurta,Everyday Casual
333699197_151044441209897_4589993520885035938_n_jpg.rf.pSbk7C4bSMc7pkHShuIC.jpg,Everyday Casual Kurta,Everyday Casual
344868752_700009665461918_2811792639229748389_n_jpg.rf.odUURvjy5CJkp9fWnVOC.jpg,Other,Other
312936560_1095604651096810_5858682143815091050_n_jpg.rf.oxwgRNIY66FbVjVuNXXa.jpg,Other,Other
337861798_1598407300630848_8923082084523912594_n_jpg.rf.pMC2ABy6RlEQJUxI34xe.jpg,Everyday Casual Kurta,Everyday Casual
316121201_544707657507153_1631916691056306467_n_webp.rf.pT7KAPUFQwi7jDnFYGgp.webp,Everyday Casual Kurta,Everyday Casual
370874657_2496787730499721_2713956779922151497_n_jpg.rf.q0aY96ToTtmmLGRgqzNW.jpg,Semi-Formal Kurta,Semi Formal
385804642_1105426843755965_2697616320469774326_n_jpg.rf.pcWWTlkj5rJMPTnrc7hO.jpg,Wedding Guest Kurta,Formal
337712767_539506421624910_3333058555458809761_n_jpg.rf.q7wsJEzgEQLzh213THEA.jpg,Everyday Casual Kurta,Everyday Casual
284942278_337757974984036_2496745671626755279_n_jpg.rf.qE0QYS6rEatH3jk9mOdG.jpg,Everyday Casual Kurta,Everyday Casual
298872225_5625697927474781_1261961705996951929_n_webp.rf.qTegOH7XJZUKGfNF7kmr.webp,Other,Other
329820868_746682383639588_1287259087622404193_n_jpg.rf.qOOeePRNjglp30t1JGnh.jpg,Everyday Casual Dupatta,Everyday Casual
287139236_113397374750855_848990284932829371_n_jpg.rf.qfqEdasLGr0tR4gszHJB.jpg,Other,Other
360170952_289762730234089_796735785812755329_n_jpg.rf.qaHlP7jx5TJqErNpo5zM.jpg,Other,Other
323749459_151371834021379_3272370566451615056_n_webp.rf.qGhZQH3qCkI9qmfgH96L.webp,Everyday Casual Kurta,Everyday Casual
347430613_669947525172008_181804797354695076_n_jpg.rf.qj9hkfjEBN79PLO5riUM.jpg,Other,Other
199259237_1146538949183428_2663930389185074613_n_jpg.rf.9N4eXYidtoh69oay35VD.jpg,Bridal Maxi,Formal
370550141_311706548039707_4476172281021212426_n_jpg.rf.8yAL0I4OMAOlFLfWl3Vi.jpg,Other,Other
333211706_155018164036586_1620292290694975800_n_jpg.rf.9WsTGI7Wu6s55h8tYFXe.jpg,Everyday Casual Kurta,Everyday Casual
355989625_1858421927875994_156137141878458470_n_jpg.rf.9faCIoPWrRZY1DTfIHsn.jpg,Semi-Formal Kurta,Semi Formal
313036340_796557024906456_166098059812092359_n_jpg.rf.9c4wghI2ZdZ0UiUsPRBd.jpg,Everyday Casual Kurta,Everyday Casual
313123900_5657255760991735_1556749250626490964_n_jpg.rf.9Xv6Z7YgPHf7VDq0DFBL.jpg,Other,Other
298998328_737772037517317_7756002280496731377_n_webp.rf.9ROHzshlvq0lEZUZWNQ1.webp,Other,Other
314993058_168569032458602_220847063797153495_n_jpg.rf.AHYI46OFdIno8Drltj72.jpg,Everyday Casual Kurta,Everyday Casual
image12_jpg.rf.AEd7EOrgLmdeQIXNKznA.jpg,Wedding Guest Choli,Formal
302126690_1409654446210039_4220492072019272169_n_jpg.rf.A5YdNtXFtVd8HrlETLSZ.jpg,object,Other
375797390_852067099612886_1325218395104039223_n_jpg.rf.85KtJ8t7n3ahyRt1QLOp.jpg,Everyday Casual Kurta,Everyday Casual
336983228_2127922897540738_5487363993912545003_n_jpg.rf.7udLowcZbYptqg4UzOwA.jpg,Other,Other
391548047_708556481306191_5388353710695532159_n_jpg.rf.82yO6SNOZWtnu7gCNbvd.jpg,Other,Other
327651904_2157254961330911_4429667252233370616_n_jpg.rf.8cuiHz5xKyFIagBcuTdJ.jpg,Everyday Casual Dupatta,Everyday Casual
275593720_1093372578107682_3999075602374323414_n_jpg.rf.7u33CydkCWClCmrYdANO.jpg,Wedding Guest Sari,Formal
299870891_130910049440956_3122017434497428104_n_jpg.rf.8VD9Scfu4ALpDG3BsLKN.jpg,object,Other
348251134_279565971076453_1896292034993897275_n_jpg.rf.8dKW1w9vFxZbe0gQyUqa.jpg,Other,Other
301209863_186366960530874_1173043132442447228_n_webp.rf.8etgRKWtPz2XAovr7pX2.webp,Everyday Casual Kurta,Everyday Casual
318340118_132119753017463_5373030439138836279_n_jpg.rf.8VbJBZvQJsy36usw8BiK.jpg,Other,Other
352215910_243250788445912_8710227844007511310_n_jpg.rf.8gWaTvGQZKoh73SOEIDZ.jpg,Everyday Casual Kurta,Everyday Casual
338447242_482910220605347_2450146248731467854_n_jpg.rf.8nlVMjszaFOOaLLo6gH5.jpg,Everyday Casual Kurta,Everyday Casual
313379891_1103907646959209_6932928673424714459_n_jpg.rf.8pm3eekac4ij3LOfHz6p.jpg,Everyday Casual Kurta,Everyday Casual
337565046_188804413865536_9050853256287452254_n_jpg.rf.90gqJTIDBti2NQEXDT3k.jpg,Everyday Casual Kurta,Everyday Casual
316004276_896437008010087_8167794802227262258_n_jpg.rf.8yQqSB3663bQe88QVUqH.jpg,Semi-Formal Maxi,Semi Formal
309981336_660476558624689_5955764511616544635_n_jpg.rf.90qAxbM3y97Uv2XprlU0.jpg,Everyday Casual Kurta,Everyday Casual
271186502_951852465460034_863611493579347703_n_jpg.rf.933pcLRNCLci1xAxRtsF.jpg,Bridal Choli,Formal
297622891_592911805540526_1764951537971621122_n_webp.rf.95FvRvUBCz9Oz6fyfoNf.webp,Other,Other
336955296_6129818020399868_2839572212599728687_n_jpg.rf.8os8VH7ze6yVfy0cP7uc.jpg,Semi-Formal Kurta,Semi Formal
347260964_663488349151259_7144142963633990417_n_jpg.rf.98fX9Xqbp7cyOJwmsl9C.jpg,Semi-Formal Kurta,Semi Formal
318476370_462655829275929_524915276928888230_n_jpg.rf.9ORToUVNrh0l30WLBh1U.jpg,Everyday Casual Dupatta,Everyday Casual
307525274_505766370887080_5745736903389731323_n_webp.rf.9RdglZDyAkfA9bDskHK7.webp,Everyday Casual Kurta,Everyday Casual
360038240_789125069660667_8770181166480285630_n_jpg.rf.9PROnRvHjdx3mEMqbRbE.jpg,Other,Other
273943011_387072276556213_756679185208322013_n_jpg.rf.9g0QeaDnQhTIaE6pDtZa.jpg,Wedding Guest Dupatta,Formal
268416983_274977754660250_4882437872205869083_n_jpg.rf.9hUe25oAfUSfLiidWd1I.jpg,Bridal Maxi,Formal
308939042_658937598782078_4253449916467008258_n_jpg.rf.A3XSLrqTXMVzG7W65NDg.jpg,Other,Other
315122607_798658647873573_7676743214761357063_n_jpg.rf.A5BFwyfmF6d7VHECh8lS.jpg,Other,Other
338433016_733072321618073_3367024466930817607_n_jpg.rf.9coQmb7CuL4FiuNdanGJ.jpg,Everyday Casual Kurta,Everyday Casual
366411813_133591286465238_8524925345569958638_n_jpg.rf.APW5g7CQdBgNYyjDbyDE.jpg,Everyday Casual Kurta,Everyday Casual
369541505_859677012246387_2584425959349191216_n_jpg.rf.A7uHOeNTSLdIN32Ln71t.jpg,Other,Other
356389013_1364836034248014_3827739955741072769_n_jpg.rf.DlWkGaf2zU71RqCXgAVl.jpg,Everyday Casual Kurta,Everyday Casual
384398939_18385841503057254_1613709773456699190_n_jpg.rf.9XK7NTSYkdo3UvK8JODj.jpg,Wedding Guest Kaftan,Formal
288232694_374121668037031_2872136915268985764_n_jpg.rf.E8p5w0rW3toOoKapQ5L8.jpg,Everyday Casual Kurta,Everyday Casual
349503594_1199936230667977_2507331089647385111_n_jpg.rf.DxW386Jsrx3hIMIUOFy8.jpg,Everyday Casual Kurta,Everyday Casual
386550577_332574275952934_8233362399215203585_n_jpg.rf.EL2zHzk8htrv3mzYUWNq.jpg,Everyday Casual Kurta,Everyday Casual
314705697_214359304271582_8114392830747917273_n_jpg.rf.EPSsxBRmb8evLPIA3Qqp.jpg,Other,Other
350105202_267091495862295_4007842145427499679_n_jpg.rf.EXphxORxtRspVQolZ9OF.jpg,Everyday Casual Kurta,Everyday Casual
359481579_2694400927379877_2123147085394573942_n_jpg.rf.F6CRsQTMCjIcIIUNOeF8.jpg,Other,Other
384471806_722990213188012_1251923915028795957_n_jpg.rf.F1Za5APsFrH4yP3zK3Os.jpg,Everyday Casual Dupatta,Everyday Casual
274948478_711143043386435_3182851909094571279_n_jpg.rf.FPHn6KCA6b9BOSaKOBlP.jpg,Wedding Guest Kurta,Formal
313472786_822623752319494_5933938599309619526_n_jpg.rf.F0VzzDstUHypmulnHEDG.jpg,Other,Other
297030349_456121446363385_3055676923163109397_n_webp.rf.FGlpdsctH4Pm9O8PHFC5.webp,Everyday Casual Kurta,Everyday Casual
317769370_5612910762157028_3249064478542015489_n_jpg.rf.FnfIbYGk6THcLSwp9ffb.jpg,Wedding Guest Kurta,Formal
347265027_18194839759269217_4841936555178506699_n_jpg.rf.FwX4hc6XTQkEEjW6ED47.jpg,Other,Other
365003093_1000784541347458_8732737423446076892_n_jpg.rf.Fo2g6gwgDDFho0TkaBc2.jpg,Everyday Casual Kurta,Everyday Casual
357682049_649840490500679_7666416948012407947_n_jpg.rf.FkZmmByqkJhG6HebL1BS.jpg,Other,Other
355275492_165161066544730_2462034797253909988_n_jpg.rf.GDwyAViLmyeU5uGTOmJU.jpg,Everyday Casual Kurta,Everyday Casual
285399299_168775012207048_8250347538933666972_n_jpg.rf.FkxCH2wNtaorYtbl0WB3.jpg,Wedding Guest Kurta,Formal
294232635_825465255528737_5871361546599521339_n_jpg.rf.Gfak49iqvwDsrLcKwbu6.jpg,Everyday Casual Kurta,Everyday Casual
295634786_1092057528360270_3828454423854605656_n_webp.rf.GYzvYrpUIKhZwoSbs1h2.webp,Other,Other
280659186_1383407362173640_6982678057789584817_n_jpg.rf.HPgQ00fBBmr1ndIoFUQK.jpg,Wedding Guest Sari,Formal
297976865_468721248402129_8947271671499999685_n_webp.rf.H1FC2wYb7ex41Dg9EAXg.webp,Everyday Casual Kurta,Everyday Casual
374659024_18302176069184038_7419783004249352884_n_jpg.rf.HWyitu1YUCaPt3yy9AX8.jpg,Other,Other
314983780_1920210035037710_2053134365074261908_n_jpg.rf.HVbwaZtPoA3DCZglCRrR.jpg,Everyday Casual Kurta,Everyday Casual
356091930_646546527505706_8779277290951194954_n_jpg.rf.HYtnCxdFCPExtoxwQQEs.jpg,Everyday Casual Kurta,Everyday Casual
347588260_179342115097067_8587124994911912614_n_jpg.rf.HXAhThfhXoHg59Of4g59.jpg,Other,Other
297487369_418933853603019_1658951554239502416_n_webp.rf.HeHiKgV9W3uYhuYKvNdd.webp,Other,Other
306284135_4206409272817259_314791031022593252_n_jpg.rf.Hr5G8WUlo1wT8U1Z2MyV.jpg,Everyday Casual Kurta,Everyday Casual
359792371_18380270929053839_600255349173960923_n_jpg.rf.HuQ60kmLR2jcHH7su4gq.jpg,Other,Other
358077912_675814957918598_7403821652474773809_n_jpg.rf.Hf4148jkhCe9C58qJPg7.jpg,Other,Other
338316108_798171385071132_4326705473186092085_n_jpg.rf.YiQ3WpIfiFAEKa7gWVSE.jpg,Everyday Casual Kurta,Everyday Casual
295332169_596119338582585_6039749827348092568_n_webp.rf.HxbIZpMLpRMyeNkTVOwT.webp,Everyday Casual Kurta,Everyday Casual
314298042_164528526188832_6055463273572612113_n_jpg.rf.YpWX79KfvZ3JRInBl78X.jpg,Everyday Casual Frock,Everyday Casual
390935346_994423271836988_1627290176486021936_n_jpg.rf.YvjEo7XkWnzKKYigisAj.jpg,Everyday Casual Kurta,Everyday Casual
355441213_629411482460791_4955705525019975846_n_jpg.rf.ZET2cpu8M8thB6VxgICo.jpg,Semi-Formal Lehenga,Semi Formal
169315403_223044716240390_1040427933517891837_n_jpg.rf.ZR8TGAz6Q4mQqwSIiTcA.jpg,Bridal Kurta,Formal
365699415_300728372470858_8724786445575389626_n_jpg.rf.ZIX4aUC26cxiq6FE5oMQ.jpg,Other,Other
284357284_153308273899673_2985435006799497321_n_jpg.rf.ZYXZ87G9u0DQbOPJpDV3.jpg,Everyday Casual Trousers,Everyday Casual
328523494_925981338768075_9005797642543854872_n_jpg.rf.ZdiLt0iAsGQz4Tj48sra.jpg,Semi-Formal Frock,Semi Formal
300535388_187569906981639_93222358357641299_n_webp.rf.ZphLGL18FRhYPfvWba4W.webp,Everyday Casual Kurta,Everyday Casual
284130388_1071921803680255_6192250632916245149_n_jpg.rf.ZV29qIMsQaaWGYWgqU6l.jpg,Everyday Casual Kurta,Everyday Casual
391199562_3150801945228590_6563210296621756324_n_jpg.rf.a0iwW0UyQvUsiIyXKPzj.jpg,Everyday Casual Kurta,Everyday Casual
287825594_501248721776917_7944853567179189247_n_jpg.rf.a4gfmYqa1nbp55tpbI6R.jpg,Other,Other
307871407_137131482367509_8438630373592740506_n_jpg.rf.aEZZ0KQbVgNeLeRFZW4l.jpg,Other,Other
334637254_3327469357472641_7640739819843925786_n_jpg.rf.bH2Vt4vgA1509D98wT3b.jpg,Other,Other
331107967_211761868015798_1443076484842535065_n_jpg.rf.bWflferBFseYqM8bKgG3.jpg,Other,Other
314932121_682786593176719_3125558660016574909_n_jpg.rf.axc8ZGSzeolky7qciDqo.jpg,Other,Other
333017301_534884448773446_3004838048769580005_n_jpg.rf.amD181WOG54iOGlnKlFk.jpg,Everyday Casual Kurta,Everyday Casual
375891083_663750442378736_2507808264597157194_n_jpg.rf.bfSwBqYOoue437mrd3yG.jpg,Other,Other
314529885_706815257827402_5300401598973981909_n_webp.rf.bzSUwt6fi9SmQ8iedE1N.webp,Other,Other
360198432_2504384276402237_3710369088120661076_n_jpg.rf.c5E78tTaCWd11IsjBi24.jpg,Other,Other
360150666_684867613679999_1087915288182490333_n_jpg.rf.bYuFGnI7TAwZSWSFyzbL.jpg,Other,Other
385857729_334885032252313_8476089559556167676_n_jpg.rf.cM1BTAT9Y1lg7k1BZcQI.jpg,Semi-Formal Dupatta,Semi Formal
387657089_316516434322469_2144864976587322907_n_jpg.rf.cEy3wiSCOWfTJLBBbdG6.jpg,Other,Other
371081960_312965077913854_3868070067864052023_n_jpg.rf.cD5mSbp5rmAJDqJeAzMv.jpg,Other,Other
297689220_346983867504777_991558800118892207_n_webp.rf.cijj5sHOCi8vDFu0FvLi.webp,Everyday Casual Kurta,Everyday Casual
314827147_5540004876119939_676074860317561750_n_jpg.rf.cierQ827eGyShHQerL6I.jpg,Everyday Casual Kurta,Everyday Casual
363350574_664718642356642_5598677787817859561_n_jpg.rf.cqo5GBOfrXQy2WeppHLv.jpg,Other,Other
353471084_593848356171348_5315264687769093071_n_jpg.rf.cjnx5OZbzw6mbk1EXig2.jpg,Everyday Casual Dupatta,Everyday Casual
337921902_172493102278643_7422863533876522949_n_jpg.rf.d5PQYXZ18qaJyWIr017z.jpg,Everyday Casual Kurta,Everyday Casual
337828860_1364504211010362_7071854788386723792_n_jpg.rf.cyvNhpITlOCkOmMT8SYt.jpg,Everyday Casual Kurta,Everyday Casual
373676477_181360278309265_6046320151420735262_n_jpg.rf.MiNvNAsHfxVuFgcpJ0oH.jpg,Semi-Formal Kurta,Semi Formal
380823364_18265389400093875_5082604338103424050_n_jpg.rf.Mgu3Gxo7liFVpoBSW25C.jpg,Other,Other
383214684_666104235500316_4898716116392833265_n_jpg.rf.N1azfJO9rdNXifT9xjcI.jpg,Wedding Guest Maxi,Formal
385925085_332212605989101_3363386433492386067_n_jpg.rf.NRFYUzDEj0cZBVaTsyBq.jpg,Everyday Casual Kurta,Everyday Casual
350409900_965263961573656_1622685464535834404_n_jpg.rf.N57j3fJQnExnKrjk2f2X.jpg,Everyday Casual Frock,Everyday Casual
283933000_1222047911667040_1642873742569330880_n_jpg.rf.NgZh6OVk4pVleGPMsL69.jpg,Everyday Casual Culottes,Everyday Casual
338009505_1359626778223691_5304656443770459491_n_jpg.rf.Nem3Ayj3Zj7kKkCLxJiy.jpg,Everyday Casual Kurta,Everyday Casual
296053003_758073178865980_4852421008172838591_n_webp.rf.NYpdjnDheol1KabtKHRY.webp,Other,Other
277928017_699724558052518_5485938118043835383_n_jpg.rf.Nrc1GDqZYgK089p35Bew.jpg,Wedding Guest Kurta,Formal
295421113_399435145595065_3517860689364147804_n_webp.rf.NnO4rXgmgslu0fuCKChg.webp,Everyday Casual Kurta,Everyday Casual
350712873_1365388310705604_6838910847281997770_n_jpg.rf.OKZhh8VNLYFB64QrAYb6.jpg,Everyday Casual Kurta,Everyday Casual
302145946_188590257069361_7077831029132960015_n_jpg.rf.OPSzEFeCp3WQ0Zf8cbJC.jpg,Other,Other
350339680_744235394123496_4862898320904345827_n_jpg.rf.Ntqog7CLuguLF0ILA0Uy.jpg,Everyday Casual Kurta,Everyday Casual
332587203_1161176034602059_6227130649318089047_n_jpg.rf.OrUZQqSCQnKuW1A1800z.jpg,Everyday Casual Kurta,Everyday Casual
385890637_18390264868006738_8680920135096574031_n_jpg.rf.P3xmUwjVHOs3MKizbMci.jpg,Wedding Guest Sari,Formal
333717656_930564914766581_2977255059380590058_n_jpg.rf.P8UxOu6Ntb24qi8WVPjC.jpg,Everyday Casual Kurta,Everyday Casual
336013344_1265710560969727_2089834229323455808_n_jpg.rf.PD8FB9c89wZu99wxBqVH.jpg,Semi-Formal Kurta,Semi Formal
288804527_437595814857433_6666798232186607938_n_jpg.rf.PVU4zIC7ws1y6OOEMCJ3.jpg,Everyday Casual Kurta,Everyday Casual
288325678_2538424622955853_4095749238833278636_n_jpg.rf.PaZGy7XzxOBLIlrsSIyq.jpg,Other,Other
386833005_1452761265581608_8700399015906977732_n_jpg.rf.PSfAFb2eVrLY5hihNG2Y.jpg,Wedding Guest Maxi,Formal
300576841_1184920845391759_8210952681331224629_n_jpg.rf.PasJJVPqUHNDWI7Ck5m8.jpg,Other,Other
286304133_122708733862983_2053341606879383827_n_webp.rf.Mjhg4Xb4jviOAvt0Hj0f.webp,Everyday Casual Kurta,Everyday Casual
351093642_210022765209297_851506324301724431_n_jpg.rf.Px2RsU6NPOQBL0zKerj0.jpg,Everyday Casual Kurta,Everyday Casual
375593000_4970053146451676_7672560180689812073_n_jpg.rf.PghRJAzMjIb1BtzGQKZY.jpg,Semi-Formal Kurta,Semi Formal
300579453_410407434312771_1067643827425541725_n_webp.rf.Q2UkIoAMC8L57R0Bt5fK.webp,Everyday Casual Dupatta,Everyday Casual
337740584_786560045734069_1278278774765060751_n_jpg.rf.Q4JgSpNnZTDRtfU35ZvI.jpg,Other,Other
334742929_1435970047165275_1168799072525792346_n_jpg.rf.Pdx1RM8R8NJyP34EYfFe.jpg,Everyday Casual Kurta,Everyday Casual
370796150_1356479785251503_9010908648652764012_n_jpg.rf.QCclR0eDvzwk5xa2yAn9.jpg,Everyday Casual Kurta,Everyday Casual
313034344_626304502315860_2860222071294590810_n_jpg.rf.QEzJ7STrlnGvYwWP92Xz.jpg,Other,Other
376860422_720632126770214_1443845895222748116_n_jpg.rf.Q4lRu6mcUVAdzepNL6Iy.jpg,Semi-Formal Kurta,Semi Formal
372769837_267912999508088_2320506659920519949_n_webp.rf.Eyp7z45yPSHiVdK8hzGe.webp,Everyday Casual Kurta,Everyday Casual
336948169_868095394284450_8095935190360788474_n_jpg.rf.FC33r4HQbudr326jPpuB.jpg,Everyday Casual Kurta,Everyday Casual
328960552_928957374910096_6064342812029578321_n_jpg.rf.F6C7EhY7J1wSqlfZGlSw.jpg,Everyday Casual Dupatta,Everyday Casual
349595688_255793837030100_6785074697697467939_n_jpg.rf.FJdMbfpmeIg7t4mv2L1L.jpg,Everyday Casual Dupatta,Everyday Casual
374579427_18302340883184038_7175557083316898358_n_jpg.rf.FKgq4T2mlGyauQgdW5HD.jpg,Other,Other
319571616_845669353173715_5340479652022561363_n_jpg.rf.FCUAnfh04lPp4Q0vDhTU.jpg,Everyday Casual Dupatta,Everyday Casual
341548615_2783387755131087_1986891813568195709_n_jpg.rf.FNivReTMeEsbKCAK6PXL.jpg,Other,Other
333474792_1171759526853264_6317289352925845079_n_jpg.rf.FezYfVPBQWmGmULtyLtK.jpg,Semi-Formal Dupatta,Semi Formal
369799918_704458988387528_1548873224161826286_n_jpg.rf.FRx1yveFhDE2v1P9VFL6.jpg,Everyday Casual Kurta,Everyday Casual
339860888_242198721512183_6459583475210997322_n_jpg.rf.FbBby63FMsbbJYpH9pWY.jpg,Other,Other
307346861_2293495667494133_1309324432657421480_n_jpg.rf.FprMNUdsqxYG2bEXKVrt.jpg,Everyday Casual Kurta,Everyday Casual
358734621_822104519275811_5002486760080406726_n_jpg.rf.FjPQG85zDxaCu45xjXxp.jpg,Other,Other
340668319_976066370466307_8527203767389453914_n_jpg.rf.G6jmm7H54Aqpe29EjqOx.jpg,Other,Other
341931901_269017982148985_6487185972136454481_n_jpg.rf.GKjZTN2qmEkAOu0kjR3n.jpg,Other,Other
312459615_133906176082926_7851787211762031648_n_jpg.rf.HEtju5QmZcOJwxd1t2JC.jpg,Other,Other
333078313_914528349892052_5429980406369448351_n_jpg.rf.H3WOwiBB0c448w7kul9A.jpg,Everyday Casual Kurta,Everyday Casual
336931102_225767249992087_2505686624236680448_n_jpg.rf.GdvVqZ1Cj3aawTQdbwHG.jpg,Everyday Casual Kurta,Everyday Casual
347443930_575983267953828_2980205992182684877_n_jpg.rf.GdtzMkDBK1EEWyowUIEt.jpg,Other,Other
362937274_1304024703552309_1535026901009663084_n_jpg.rf.HUSanPqTJHTTkdypepr2.jpg,Everyday Casual Kurta,Everyday Casual
366500711_1076725437070064_7218081220018505639_n_jpg.rf.HbnF08p2VOiaU3Eqgvb1.jpg,Everyday Casual Kurta,Everyday Casual
347261741_667593818740712_6527362134035166379_n_jpg.rf.HM0Xvqq9Co9CFCXg10Hf.jpg,Other,Other
369732024_707765848056842_3432712853609828698_n_jpg.rf.HO7UbDmSozQQ2RoHHnUP.jpg,Semi-Formal Kurta,Semi Formal
300541352_809332313527503_8920870167451045790_n_webp.rf.HfJMVATILtBgfSILfS47.webp,Everyday Casual Kurta,Everyday Casual
298419221_370178455308585_5682511716964223437_n_webp.rf.HonaV84jHC377sLmzmQQ.webp,Everyday Casual Frock,Everyday Casual
323754198_3451139575130194_8987227097204510574_n_webp.rf.HqJDGa6qVFOq5yoV2ld2.webp,Everyday Casual Kurta,Everyday Casual
365256061_1026181068825196_9022131749063497939_n_jpg.rf.HsOIdhbDHwxhBwzxfY9q.jpg,Everyday Casual Kurta,Everyday Casual
365771383_303249555552073_6635889610063472066_n_jpg.rf.HxiafV7PHGIA6fEE93R2.jpg,Other,Other
293328789_4943857045725990_3552802297958002138_n_jpg.rf.I3gEZ8EllVHuhNotWIwl.jpg,Wedding Guest Kurta,Formal
350759476_1198124510874242_5129448222550699540_n_jpg.rf.HqcGdikzhftXxo54qVhr.jpg,Everyday Casual Kurta,Everyday Casual
317281247_1601728280258337_1917932753255052322_n_jpg.rf.Hz6goua1LualPP2eywP5.jpg,Everyday Casual Kurta,Everyday Casual
347475322_1979204822433220_6886892317980394858_n_jpg.rf.aqYhm4jlIG1z6hT3MQQS.jpg,Other,Other
363363653_18379150165000463_4215953510029064978_n_jpg.rf.aZAqVosgs9xTHtrgCyjy.jpg,Other,Other
339120625_6366888356704577_190259723328451629_n_jpg.rf.avEHhLnRjE7U6UPulJa5.jpg,Other,Other
363394441_18297876946184038_6360933946002246159_n_jpg.rf.ajbp0yLSL4l2z81J4k2t.jpg,Other,Other
327605106_901452861140457_5807981216581611834_n_jpg.rf.awKKSFdzdPNw9U9effDF.jpg,Other,Other
347552534_598511915762336_3249585028804279188_n_jpg.rf.azTfOfCJLczRJQAkSuAr.jpg,Semi-Formal Kurta,Semi Formal
349093702_1303890276888196_4750246379497948121_n_jpg.rf.bVmaQi3SoSRHVHwTjPDP.jpg,Everyday Casual Kurta,Everyday Casual
387861491_18124767094314185_8426990173954646457_n_jpg.rf.bdRqKSa5FEinUupozawn.jpg,Everyday Casual Kurta,Everyday Casual
314415030_653460976230399_8247690576240946347_n_jpg.rf.boUUknOA9sTORgjE92ug.jpg,Everyday Casual Kurta,Everyday Casual
300379167_1293450511192943_5943412068523018492_n_webp.rf.bqBKqRLbQ729lpTHR9Lt.webp,Other,Other
363365829_295780179632344_1163215710207342302_n_jpg.rf.bMXQHIoNYhEpLb0to6Es.jpg,Other,Other
366080451_301365492407146_4965819874902695024_n_jpg.rf.bmdQTNYYWK9QT35xjFSq.jpg,Other,Other
311064406_528383289100770_6670478952313277727_n_jpg.rf.bxIAVOLou98Jksp7hb0u.jpg,Other,Other
359676582_232747509642152_6990841940020433622_n_jpg.rf.c9gAj0J8siS8IzU796Hm.jpg,Everyday Casual Kurta,Everyday Casual
340001203_621227773190848_20520452876147016_n_jpg.rf.ccBLABhSUfpepnlESlht.jpg,Everyday Casual Kurta,Everyday Casual
313922431_1861533624214144_2967235480768482381_n_jpg.rf.cM6eAWjNFEAdVVKsGD1V.jpg,Everyday Casual Kurta,Everyday Casual
331078880_744557187123813_7272624267578908207_n_jpg.rf.cg63Ia3h5FADsQcVcMcf.jpg,Everyday Casual Kurta,Everyday Casual
319902430_1374696893068124_3463115861858883986_n_webp.rf.coGug5vyuaDXh2uHF7Ex.webp,Everyday Casual Kurta,Everyday Casual
289486073_355202046749942_6726184396158637276_n_jpg.rf.clqcURzoFfldbXMnEPus.jpg,Everyday Casual Kurta,Everyday Casual
359450484_677061664447534_7557805692484614244_n_jpg.rf.ctsBV9znT9w2CWvfeW35.jpg,Other,Other
275796649_5268498383183763_1378909654285683798_n_jpg.rf.cp6pba4S1s1EfK9qRp5C.jpg,Wedding Guest Kurta,Formal
317002665_684894566338774_253302776613686968_n_jpg.rf.d1BsJLz4Ix6jySuim3x6.jpg,Semi-Formal Kurta,Semi Formal
359760676_1022947985370046_3056371461692115036_n_jpg.rf.dOW6FfmwhNB19HOMwecX.jpg,Other,Other
336825224_1041154806843932_5897917043833794622_n_jpg.rf.cclqHqkpXwnUoxDIMx1i.jpg,Everyday Casual Kurta,Everyday Casual
353418407_159361927028677_5464045427433476353_n_jpg.rf.dKvi5RjQ1JNjv6juQES9.jpg,Everyday Casual Kurta,Everyday Casual
311514541_1419925315164298_3712122215576228852_n_jpg.rf.dCSRWAZEpEecxDOZebEe.jpg,Other,Other
338608756_5618106104960596_5314193659621988159_n_jpg.rf.dPHfCuBfhxlPkdVZvswf.jpg,Everyday Casual Kurta,Everyday Casual
345330003_627835165892187_1358386957037796943_n_jpg.rf.dXylyFOfoYXaJbozzrBT.jpg,Other,Other
314068072_684098786300868_640822759911139846_n_jpg.rf.X3t3gJ3kJno0nf6AeRlh.jpg,Everyday Casual Frock,Everyday Casual
289193851_1166431620589460_6472600489890683130_n_jpg.rf.dYY5V6sqMuEq6p7qEmZz.jpg,Everyday Casual Kurta,Everyday Casual
308239755_750949429342211_7102782480501958539_n_webp.rf.X57bWdIiKBHsjBw6P2Nu.webp,Everyday Casual Kurta,Everyday Casual
356032758_666355272184840_5811156115977224995_n_jpg.rf.XLpfEY9JkoFuZ3NghAF7.jpg,Other,Other
376406631_18395888689037379_4660370234691929460_n_jpg.rf.XEgjiNUurW5k58fQviaj.jpg,Semi-Formal Kurta,Semi Formal
366951651_6387872627948265_2273358464386521499_n_jpg.rf.dw1qMIvNVJ9HH3E6vkq3.jpg,Other,Other
285874447_749090836545887_312093398678952652_n_jpg.rf.XOHpO83mpPVRm1ARllIx.jpg,Wedding Guest Kurta,Formal
268203506_143169491484045_7674668451901214149_n_jpg.rf.XQRFM2Wa1hDaveY4Ts5u.jpg,Bridal Maxi,Formal
311337702_196421976098277_3765506786111186983_n_webp.rf.XPnuyze4LxeLAlD23iQs.webp,Everyday Casual Kurta,Everyday Casual
329611851_193047579986607_9043635245870627555_n_jpg.rf.Xa9RWinTtnBs17ppW9ky.jpg,Semi-Formal Kurta,Semi Formal
310887105_791746715443168_109485202132972683_n_jpg.rf.XardYFPHM6NXeBR4wOoG.jpg,Other,Other
302231474_799123694623526_3378819651919715182_n_webp.rf.XZkuzVmgDVuDSW2ilPbz.webp,Everyday Casual Kurta,Everyday Casual
348589734_1002184080707326_652101835673364379_n_jpg.rf.XWOdsBXB1WJJTyZzvVGq.jpg,Everyday Casual Kurta,Everyday Casual
311225669_545578713959080_1140179710411384213_n_webp.rf.XeqkMo89cKsXsmuOWpXV.webp,Everyday Casual Kurta,Everyday Casual
299265979_5701237663220079_6126169990793084300_n_webp.rf.XvHU2mtcScPUZOg6opWC.webp,Everyday Casual Kurta,Everyday Casual
340205613_271043301916984_4618842798914378358_n_jpg.rf.YKXwFbxA6qFAjILfifXj.jpg,Other,Other
331201688_893822708602544_608000994381981482_n_jpg.rf.XqQTXbZs2bpdW2Q8TFij.jpg,Everyday Casual Frock,Everyday Casual
286207673_546908420233674_6360568448901096745_n_jpg.rf.XiFcnNCieyr811JgYizK.jpg,Wedding Guest Dupatta,Formal
347388202_818005993018997_3590332516056654530_n_jpg.rf.YRXZ3V8yZ5DuPWJbwowu.jpg,Other,Other
360031481_1437803347031120_3435628556025013211_n_jpg.rf.YRXQqBKwPqukwh7iIwkM.jpg,Other,Other
387589471_682669987135619_479090482757329727_n_jpg.rf.YbVp1RwwxPhAEOLRszb9.jpg,Everyday Casual Kurta,Everyday Casual
366168426_835954661234994_5383283970430012825_n_jpg.rf.YiKowO5AhFgyWzn5glC9.jpg,Everyday Casual Dupatta,Everyday Casual
354696933_808148024041777_1462046063603093430_n_jpg.rf.YlTotMszyNYwiI3sBfEW.jpg,Everyday Casual Kurta,Everyday Casual
309361735_340489014933891_6478893323147466358_n_jpg.rf.Z92dInML6PQF45opT9KI.jpg,Other,Other
311109458_623043019545511_559944406404835660_n_jpg.rf.ZFW92r0gyZGLgmbT8827.jpg,Other,Other
210865540_193130132747313_2719209417499372691_n_jpg.rf.ZxZ2dGV8ZihhlFWhwjuX.jpg,Wedding Guest Choli,Formal
316366080_3272538972996442_2765064185663147802_n_jpg.rf.ZPYooqAUxjc1LhK4iKDq.jpg,Everyday Casual Kurta,Everyday Casual
365041948_3723155361250919_6181670781049864753_n_jpg.rf.a0yssgbpTO4R53O6mAuc.jpg,Everyday Casual Kurta,Everyday Casual
311108787_407573708253549_9156165530550079371_n_jpg.rf.aGQepx46Ux8e5v12z8GW.jpg,Everyday Casual Kurta,Everyday Casual
285289915_795975718052749_994376247962393553_n_jpg.rf.YU7ojr5GF8BpSoBxzCgW.jpg,Other,Other
375119952_1758444984614108_6644924527022808973_n_jpg.rf.pMB9WAAoEwbJEbRyFpM7.jpg,Other,Other
347504150_955637892306283_2173820286639628324_n_jpg.rf.aHv61ATJsve5RacxICzZ.jpg,Other,Other
301609406_485505603393837_856258815057091253_n_webp.rf.pOquPeIkEiKxJdURS3Pa.webp,Everyday Casual Kurta,Everyday Casual
360097650_684344843732276_7177955717793268489_n_jpg.rf.pPbiQjZVeFRMquDfPt3x.jpg,Semi-Formal Kurta,Semi Formal
324694973_210170208206168_6502736336563923063_n_jpg.rf.pRATTwkr5lxWZk1P6Z40.jpg,Other,Other
333954492_1377208653036643_6867196484315295574_n_jpg.rf.pUReGJIIT1ouhf5q1Rx6.jpg,Semi-Formal Kurta,Semi Formal
301001509_1107648203522662_4092568912353639255_n_webp.rf.pbdM9jp7sxcSYobK7eek.webp,Everyday Casual Kurta,Everyday Casual
307997448_210882594608741_5519806391522429364_n_jpg.rf.Zz2gKBgf4svQAEFGN3Oe.jpg,Everyday Casual Kurta,Everyday Casual
344525305_792208465654739_2287448479296495238_n_jpg.rf.peTbPaVZDXJGoNkZNokz.jpg,Other,Other
308497017_2747122802091242_2471477351520256021_n_jpg.rf.pn5nCLHwEl8CB4BZBUGK.jpg,Everyday Casual Kurta,Everyday Casual
301656491_768917990824057_5375033538939852003_n_webp.rf.plq10hBJRynt7PmK7AlT.webp,Everyday Casual Kurta,Everyday Casual
352548355_660778422755585_6346687442771807502_n_jpg.rf.ptKihDqgwxfoP8qD5MVo.jpg,Everyday Casual Frock,Everyday Casual
340788604_190434853776334_7497707372866437454_n_jpg.rf.puNi5erhMm0EVRC2woTY.jpg,Other,Other
347245305_159938970394631_6328962103465743805_n_jpg.rf.q12iWgC7oNf18IDq8HOK.jpg,Other,Other
288386844_334650952178646_5571213825942331562_n_jpg.rf.q2pXogGAU34paXpRjqnj.jpg,Other,Other
359533426_1013043090125578_5513719016903749750_n_jpg.rf.pqBBSyZPcUdlohpZ1D1Z.jpg,Other,Other
317373935_478994854299148_5035222302666776007_n_jpg.rf.qF0VZYYdHOoER1BHpHV7.jpg,Semi-Formal Kurta,Semi Formal
316929936_3535759819979463_5281292769821952290_n_jpg.rf.qVedOAw0qKKjg69aJ5gs.jpg,Semi-Formal Kurta,Semi Formal
361561488_291187173424978_1830596026055255661_n_jpg.rf.qc1XUIrIoT1fQNythfAx.jpg,Other,Other
321086770_215800634156336_7428283629931970239_n_jpg.rf.qBxZ6R8bNIjt44YngW3X.jpg,Semi-Formal Kurta,Semi Formal
299876421_635019034493246_605148239843277564_n_webp.rf.rBEnXQw14bLPuhwgqwLh.webp,Other,Other
324774014_127832726837209_5170496285167809501_n_jpg.rf.qpMZCBcKoiJcRxYUnOuU.jpg,Other,Other
319958271_526049789544305_1770508881866983111_n_jpg.rf.rCJQbOQPKTBcYtDEux8j.jpg,Everyday Casual Dupatta,Everyday Casual
372110333_669211258570678_4964148561831104253_n_jpg.rf.rXUXE5jIRW3lGcuPiaF5.jpg,Everyday Casual Kurta,Everyday Casual
373192227_969125740868251_4895509471221216312_n_jpg.rf.sOGlnRUpAHU7sjM1DZS6.jpg,Everyday Casual Kurta,Everyday Casual
313311041_1486809755062818_7336738751400204730_n_jpg.rf.rnXITvQ6PA9ET1a1UOxc.jpg,Other,Other
295972513_469793464514233_8982330818227203867_n_webp.rf.sBzSzVELsVmcMxUuLrE9.webp,Other,Other
391215663_3669876973299513_2136871868846412533_n_jpg.rf.sP3IArlZKbDFN1UqDgsm.jpg,Everyday Casual Kurta,Everyday Casual
294396071_465969528231340_3919918513824183150_n_jpg.rf.sS0LLqXqhS6Zz0zjw21C.jpg,Other,Other
333909986_721269112827622_8237307612353200135_n_jpg.rf.tZgZBKnOXvlRIwJgQKbt.jpg,Other,Other
332782167_887575929143809_4491943348234697572_n_jpg.rf.srFniyNek4Aj6U7Lq9ko.jpg,Other,Other
297674539_437244108454654_5678470400904641954_n_jpg.rf.02pDFs6lNFydWx61YmcR.jpg,Everyday Casual Kurta,Everyday Casual
321042580_1254179475143412_3064323008697820640_n_jpg.rf.0LCB6NMp4Dnig5Z2eJgO.jpg,Other,Other
317241749_649146803357782_304546002110972151_n_jpg.rf.tVqghuii4etiyv3AIY6B.jpg,Wedding Guest Kurta,Formal
376691802_689281073070165_4843992397889379857_n_jpg.rf.00dfodFoWyOT70rN2RM8.jpg,Everyday Casual Kurta,Everyday Casual
293285986_423445169727645_30695897510370570_n_webp.rf.0Y4kvkgGG1uB3AdIV9tv.webp,Everyday Casual Kurta,Everyday Casual
347901206_1673978243032463_7766886622003667301_n_jpg.rf.0Ldhe0mbrw26tK22fVJ4.jpg,Other,Other
350627523_625142989646636_5187951469755739507_n_jpg.rf.0Yc8A5EwER7S81shA0HX.jpg,Everyday Casual Kurta,Everyday Casual
365447885_1468958627200380_7755457022798227054_n_jpg.rf.0YQQSJ6pqi6KmFYTyXb6.jpg,Other,Other
297672736_5056052127856386_7253914753131752197_n_webp.rf.0iUycCGKOlV4ADKxLw1A.webp,Everyday Casual Frock,Everyday Casual
283905431_964973394177746_1555719702270684091_n_jpg.rf.0o7tn1XqEFFC2BllwX4F.jpg,Everyday Casual Dupatta,Everyday Casual
313946933_6480778358604165_6310584011991420926_n_jpg.rf.1HYsZqYZvVl51mpICuoZ.jpg,Other,Other
315549109_530905838901447_754310603729423586_n_jpg.rf.5IrUe5SJtR28Qs5AjoC3.jpg,Other,Other
312142968_606216337929235_2547789655486621169_n_jpg.rf.5c6tiRZZ73xk7gFWxcYF.jpg,Other,Other
313351510_2253960908118001_4355062425407840059_n_jpg.rf.5dleCWV29q6gRbgB1IqU.jpg,Other,Other
333655496_3094464810846882_397902618317881705_n_jpg.rf.5JD1uEDobAAizmr3CkgT.jpg,Everyday Casual Kurta,Everyday Casual
356176989_827824148703848_3018347940492568938_n_jpg.rf.5tI6jWjgJ0hrFdehTgYu.jpg,Other,Other
299426791_567364735091004_6867290075643895548_n_webp.rf.5vGrGhd0v2dI6eN3Y3HC.webp,Other,Other
337389922_935995514073695_5001623977654248725_n_jpg.rf.5vPRDyd4EHjgVrQNKCyY.jpg,Everyday Casual Kurta,Everyday Casual
362406680_224022460595222_25901240117389436_n_jpg.rf.6WGlKAsQR9PuxYlY34ut.jpg,Other,Other
319094027_148125344358826_1340952029972471820_n_jpg.rf.60Y9WWgzP2pYUoPjCnLt.jpg,Everyday Casual Dupatta,Everyday Casual
352263094_967500187928388_4208603844578943738_n_jpg.rf.6fp2fF8j3sjn1ecDoldv.jpg,Other,Other
315969143_531862681795135_6647208978272145571_n_webp.rf.6zydY0xyBS7RXXSFZ0xl.webp,Everyday Casual Kurta,Everyday Casual
384778948_214412611648292_3432105790302879843_n_jpg.rf.75Lm4kEAaXVRB5Szs8U1.jpg,Other,Other
141169980_855067825278229_5218170949819811759_n_jpg.rf.6uP3wGWAAyd1wWWOcGgK.jpg,Wedding Guest Kurta,Formal
386594914_866844678135128_371296176310490280_n_jpg.rf.7iqAni93Vtk6rGz5VAte.jpg,Everyday Casual Kurta,Everyday Casual
296638069_628630691926629_7509911873738315656_n_jpg.rf.7QUKwwwhwbup6fvvk0cA.jpg,Everyday Casual Kurta,Everyday Casual
309576326_584461180100901_3991435694240644208_n_jpg.rf.7KUCTkcxTGm8KP99HeBp.jpg,Other,Other
366325267_842098810609715_8589535538080432314_n_jpg.rf.79AmXPPGrDE3rZTl9nAl.jpg,Everyday Casual Kurta,Everyday Casual
347608411_661506426016118_2404170045621282652_n_jpg.rf.7yFtbZq7q6omZNZkp5eX.jpg,Other,Other
362241853_18256569805093875_1152666544499091042_n_jpg.rf.C3BKqXOrKDnAC18fxvta.jpg,Other,Other
364748420_832799848206278_6538225829058940942_n_jpg.rf.C8PfRfzHiDpM8kt01jO1.jpg,Everyday Casual Kurta,Everyday Casual
351724860_937401820800545_8878443656344202848_n_jpg.rf.8MTSGmRetwubE677Epy4.jpg,Everyday Casual Dupatta,Everyday Casual
315886587_656510555883263_7983704926782103499_n_jpg.rf.CKwYQXqwN12Y0rBENnvD.jpg,Everyday Casual Kurta,Everyday Casual
296014134_141003298295843_64956548670642139_n_webp.rf.8FGq9ec4lRih0CJF8IkK.webp,Everyday Casual Kurta,Everyday Casual
370800327_990924625519069_9200093913864962691_n_jpg.rf.CaK72EXiV9KSU94MQouS.jpg,Everyday Casual Kurta,Everyday Casual
330993994_3023231574649859_6234246938620374705_n_jpg.rf.CG78Zzv6T7FdLDwsCjuY.jpg,Everyday Casual Kurta,Everyday Casual
314464536_468206755416606_6613580774381982418_n_jpg.rf.CGuteKpqikhdUXvQGyQy.jpg,Everyday Casual Kurta,Everyday Casual
307606408_155906713727755_7762070652805980059_n_jpg.rf.Clsw9jZJvgJLbxrX7VZw.jpg,Everyday Casual Kurta,Everyday Casual
375274554_980856119866005_5501998711600846135_n_jpg.rf.Ck222TTF2wS5vE7n0wbn.jpg,Everyday Casual Kurta,Everyday Casual
333872450_766293824862861_2616194653217128132_n_jpg.rf.CjoGAjOonzK9991SczPJ.jpg,Everyday Casual Kurta,Everyday Casual
332631987_3409144722677452_9162350557921197048_n_jpg.rf.Czun6idLo1KNEv4desUT.jpg,Semi-Formal Dupatta,Semi Formal
359259056_621220879983475_6458137956113676650_n_webp.rf.D3J24KaN5bS4G8p0mRg9.webp,Everyday Casual Kurta,Everyday Casual
349301221_796689241691901_147841851622962237_n_jpg.rf.DG6OwpXqKgWPiGfgk4Ey.jpg,Everyday Casual Kurta,Everyday Casual
366976785_1467355310514852_5736303657586525203_n_jpg.rf.DHvP7WaYo8fGHoa5hfv2.jpg,Everyday Casual Kurta,Everyday Casual
348495868_1468596173968080_71326448895827926_n_jpg.rf.Csnh9E0xPRsh1dTQ592Z.jpg,Semi-Formal Maxi,Semi Formal
348466263_195380083404235_6752017475444593060_n_jpg.rf.Dh8Q7Ze54G5P9maJ4ll3.jpg,Everyday Casual Kurta,Everyday Casual
311814742_2367315160103209_153979404503987913_n_jpg.rf.CasDJphRWHArOuUSRqvL.jpg,Other,Other
288157491_546428103811223_630345123396339243_n_jpg.rf.E19vjyrw6iI7k0PeryTf.jpg,Other,Other
297125758_108043098671892_2009542923499160009_n_jpg.rf.DwFNJDdD9acCZzifWzPZ.jpg,Wedding Guest Choli,Formal
296489205_2158093587695439_3043435560496564811_n_jpg.rf.DqZT6TAHjjJNSE7j4Ksd.jpg,Other,Other
355044411_942626670186565_3969979014350698039_n_jpg.rf.DbPg0NwPKrh18b6OxMLA.jpg,Everyday Casual Kurta,Everyday Casual
339486063_611093870562003_5706824118909002712_n_jpg.rf.E5E4uXuCdNl5vnE3XxtV.jpg,Everyday Casual Dupatta,Everyday Casual
307206176_2230604447113845_253812034227397988_n_jpg.rf.E4gnKfQdQF4jKBsVYffA.jpg,Everyday Casual Kurta,Everyday Casual
314492047_1186383288579982_3822638791245181870_n_jpg.rf.EEsqbJNvTHe5D8WrcLYt.jpg,Other,Other
242972666_378693034039193_3093961126595172822_n_jpg.rf.EE63xmNzF8HO3D5mP41t.jpg,Wedding Guest Sari,Formal
361995148_9555772494497128_2397768144714783932_n_jpg.rf.EQLKrmu2pdh8QzZURfua.jpg,Other,Other
187605616_3830421947084261_3539769187776447274_n_jpg.rf.EbPHgTo0x3Q7Le0X1l66.jpg,Other,Other
333723639_912254240123800_8044492634690339973_n_jpg.rf.EVheJmkrYCpNpPtxA1Vy.jpg,Everyday Casual Kurta,Everyday Casual
341713986_241052545052099_1636795636504541386_n_jpg.rf.EdWWLPKoqQvvNgqfwsks.jpg,Everyday Casual Kurta,Everyday Casual
301970370_600206258381132_2203574657621474706_n_webp.rf.ESnELFymDEK9bXDY61Tu.webp,Other,Other
387759185_731254632374630_5769770782873436986_n_jpg.rf.Iw21o99yT7JknMzklWir.jpg,Everyday Casual Kurta,Everyday Casual
361518996_294494956439304_1764257965360633205_n_jpg.rf.EfFgGRTPLckCvX6UtCWM.jpg,Other,Other
226700921_377220137122153_1721806422589503266_n_jpg.rf.IrXe6wDmO3AAyHPuj4Yg.jpg,Other,Other
345138285_578629497705989_8406798231810402576_n_jpg.rf.Iz6qbjPUbdd9Wej4PLUp.jpg,Other,Other
274748191_427316242523763_1485136684147239651_n_jpg.rf.JRL6FLFYEAlMtTA2yrCR.jpg,Wedding Guest Kurta,Formal
267876453_648907856135401_1345077858266456979_n_jpg.rf.JHIYXGd9Y0Zq8zKOGvZ9.jpg,Bridal Maxi,Formal
336519439_216769421008668_4489074253250345398_n_jpg.rf.JAf8EZ5Yq1r50jzN2coO.jpg,Everyday Casual Kurta,Everyday Casual
302277817_592007082622284_8807594058501655199_n_webp.rf.JvkfrjHN4sleCTeeoKla.webp,Other,Other
374872638_18390859720053839_4596816571093834202_n_jpg.rf.JrVBI964PtcnQA8OJfNN.jpg,Everyday Casual Kurta,Everyday Casual
362064807_275375151757047_7667261241430964611_n_jpg.rf.KI5avpWSLIF4sX2tpBR5.jpg,Other,Other
361373310_5904697332964489_4366541086966647723_n_jpg.rf.KIxiP24fia1tnNHCFwgv.jpg,Other,Other
362932822_18256831720093875_8430313481924182550_n_jpg.rf.Kngj5h8ExbmKIj49hxDn.jpg,Other,Other
217973487_114959660853928_1566867724615575454_n_jpg.rf.Kk74Y6DCeV1CI9jHQkyr.jpg,Wedding Guest Choli,Formal
333535476_1825018944551268_3365845367929488472_n_jpg.rf.Kj2RBR6qaLIHdzIsoroP.jpg,Everyday Casual Kurta,Everyday Casual
329712623_717534696377635_4722093364636395102_n_jpg.rf.L0sMMu6cwZurutQSh3wC.jpg,Everyday Casual Dupatta,Everyday Casual
376754212_675961341132106_7317852718195957253_n_webp.rf.LVClmOeBHbggtfTVaXwg.webp,Everyday Casual Kurta,Everyday Casual
332754571_241884728178950_8342903968286529484_n_jpg.rf.L4oG9cAiAnbp6Nrz6Bqv.jpg,Everyday Casual Kurta,Everyday Casual
275003021_1364998240637636_1380435946954235267_n_jpg.rf.LXVxe5TN3AYELlOijzIN.jpg,Wedding Guest Dupatta,Formal
308909680_457934849690035_499938080589147842_n_webp.rf.LmTqUiBkyRHgs5BNHbo2.webp,Everyday Casual Kurta,Everyday Casual
366148696_278083604856826_1253360022053903047_n_jpg.rf.LohHHmIgj5g2rgTgj1Gp.jpg,Everyday Casual Kurta,Everyday Casual
376831128_854596712693258_4146535657841340570_n_jpg.rf.LcX9FH0a9FMyJzzTFvp5.jpg,Everyday Casual Straight Pant,Everyday Casual
339488640_131878946384533_8455377376432561004_n_jpg.rf.K4zbmEzT5tOAwqkol5ZU.jpg,Everyday Casual Kurta,Everyday Casual
324433485_865789168003805_2529397895104784766_n_jpg.rf.MBPu6fVpANvW7TC3ooiL.jpg,Everyday Casual Kurta,Everyday Casual
330853380_564639392385014_1828021157587866397_n_jpg.rf.MIK2WRnoLHnSetR7AnY7.jpg,Everyday Casual Kurta,Everyday Casual
356240968_286316060438061_6728248324793074400_n_jpg.rf.LzkERth5QuaGaZcAneXX.jpg,Everyday Casual Kurta,Everyday Casual
298244170_622613439291804_3986071816580678731_n_webp.rf.MXuZuu8jh7wg6mTQxuRx.webp,Everyday Casual Kurta,Everyday Casual
327618565_195180613188271_6931995997754861140_n_webp.rf.MJWxXGvpSYsFCSRxtg7W.webp,Everyday Casual Kurta,Everyday Casual
386090234_18267504655093875_1928805943244786434_n_jpg.rf.N2r5mYgx8WJZY6HrfgfA.jpg,Wedding Guest Maxi,Formal
331952670_168802468863253_2780959710706472717_n_jpg.rf.MiUGqJ4rNY65gZz0BR2U.jpg,Everyday Casual Dupatta,Everyday Casual
300592732_160727186544903_5860074924233681414_n_webp.rf.Ma20j12KGYrpXWpFX2Z9.webp,Everyday Casual Kurta,Everyday Casual
292593580_3212811562291688_7338433781274504803_n_webp.rf.BcovQcDFg68K3Qy8itxL.webp,Everyday Casual Kurta,Everyday Casual
386321082_334218629121832_5228277330650433149_n_jpg.rf.M62hKfuq9y87atXsQyqb.jpg,Other,Other
287837953_1116016048959665_2571744461394060472_n_jpg.rf.BfENxhDdAfy0NTHKR9Zd.jpg,Other,Other
353130801_252460954045861_1586109573709282531_n_jpg.rf.BpuuUsyrXLpbwpGPbLZW.jpg,Everyday Casual Kurta,Everyday Casual
310749923_765726641367847_6220909808608873910_n_jpg.rf.BumVxMaOC2HHiK92IV8p.jpg,Other,Other
367428075_250793024560870_5076610676899489850_n_jpg.rf.BkYBytdZ8e4SzDp9rFlZ.jpg,Everyday Casual Dupatta,Everyday Casual
301798379_5317531018343533_7063628352987476504_n_webp.rf.C4MYJDTUTx0FqmZwDor2.webp,Everyday Casual Kurta,Everyday Casual
334610737_978692130161849_8707371099305172621_n_jpg.rf.CBOAvqSsCMgC7GGXpGe3.jpg,Everyday Casual Kurta,Everyday Casual
337686308_550598447196104_734686033821113149_n_jpg.rf.CCw3AcZzioqcDtYSqANE.jpg,Everyday Casual Kurta,Everyday Casual
384104926_2232639276932568_8851308616121255873_n_jpg.rf.CngWMDiX8cAlRp9wFE1u.jpg,Everyday Casual Kurta,Everyday Casual
274114944_494355738725694_6886221403051803629_n_jpg.rf.CmDN01eNIGM2RFyuszGD.jpg,Wedding Guest Maxi,Formal
346593033_265200779290497_4422213105990948632_n_jpg.rf.CVdh0MSo96UPzqXtI21g.jpg,Everyday Casual Dupatta,Everyday Casual
311936115_164468739550832_2938470752749419125_n_jpg.rf.CqHvILmF207M72no6VxM.jpg,Other,Other
361368088_291718140038548_4575139140951930587_n_jpg.rf.CNooLBYXY994CpCiSri5.jpg,Other,Other
387267685_1365329214376382_4692647373976143949_n_jpg.rf.DDIUnKBDIHgRNH35wncY.jpg,Everyday Casual Kurta,Everyday Casual
334936064_219653087232967_7098778812494064663_n_jpg.rf.DOF4oD5XBH3RdU7VQmm0.jpg,Everyday Casual Kurta,Everyday Casual
288295694_710184380270723_2131459572724424930_n_jpg.rf.De5KljQ4vFNGqd1Znn87.jpg,Wedding Guest Maxi,Formal
356419325_575676554728899_4585730360829041657_n_jpg.rf.DmaRiZ8SuuumQk66jHdq.jpg,Wedding Guest Maxi,Formal
365893743_1426279654879659_3853297880942168687_n_jpg.rf.DuQC7l0fKisddlb8YCq7.jpg,Everyday Casual Kurta,Everyday Casual
351734198_1204045950177646_1357057097987582524_n_jpg.rf.Dj3ZIMdr8HrZeq2hnv6f.jpg,Everyday Casual Kurta,Everyday Casual
295599092_476616894466031_3316032508589739667_n_jpg.rf.Dzi6Bd8MOkMvRj7PMEXq.jpg,Everyday Casual Trousers,Everyday Casual
333165143_3348251032152123_1103770646320619294_n_jpg.rf.E0d900vAs0hsBlBkIHVc.jpg,Everyday Casual Kurta,Everyday Casual
332685163_219251560597914_7374469997647528898_n_jpg.rf.E1X4eRmIrORXwMTDd1Tm.jpg,Semi-Formal Kurta,Semi Formal
391321328_990245832272247_3926615361601471953_n_jpg.rf.EFLkrcUsILrh3qIpfSnU.jpg,Everyday Casual Kurta,Everyday Casual
289523212_615342386177202_2788241330781077944_n_jpg.rf.ETVLPvby0ql9w3t1gJAg.jpg,Other,Other
347111913_1307479036791542_7420518511648193510_n_jpg.rf.EAYK8Tb85wKy7Ce2TkAF.jpg,Other,Other
376911013_321903210351150_7111893203805233231_n_jpg.rf.EbNQWuBA5VEKpbGCKB0i.jpg,Other,Other
309272536_101586722708815_6647090244769947340_n_jpg.rf.EVYOfnRhlIfeRwKrtHwq.jpg,Everyday Casual Kurta,Everyday Casual
313484519_646000507016897_6638087999443858960_n_jpg.rf.FBFSziEY0B7BTlQYflxV.jpg,Other,Other
305507857_5638157176216324_9023438442705746343_n_jpg.rf.FKXsvQlqnXU5gGx9W96O.jpg,Other,Other
337564379_904645297515963_4961171186597158070_n_jpg.rf.5MKs9ZOK8qeWbrUuUBis.jpg,Everyday Casual Kurta,Everyday Casual
375133310_711044321062328_7039656947415344078_n_jpg.rf.FQ6mQVaS2Icq94D87A1Z.jpg,Everyday Casual Kurta,Everyday Casual
361087036_18255759595093875_102767993820550389_n_jpg.rf.5N8l7stIMQgo4e7m4a8m.jpg,Other,Other
349488122_1269706740650816_1870518710711045874_n_jpg.rf.5Ls6dKnDAz8QNX0b60Vw.jpg,Everyday Casual Kurta,Everyday Casual
367484977_309835468226815_6302437866017234541_n_jpg.rf.655azusEEE2iPlgwmfrJ.jpg,Other,Other
297661066_748819276442410_4202643457949820067_n_webp.rf.5gcdbegdFCRLKObwJ9R3.webp,Everyday Casual Kurta,Everyday Casual
366457919_633928261853582_2753158967183477034_n_jpg.rf.6ECdNRdl0v4txTVgzdta.jpg,Everyday Casual Kurta,Everyday Casual
313465682_817270229534049_714798736476657194_n_jpg.rf.5Q5kAG18CKwVEtUGZGVd.jpg,Other,Other
284088801_5841303269220423_8548025025586624434_n_jpg.rf.6GUyW8DNT17sjFKInxV5.jpg,Everyday Casual Kurta,Everyday Casual
364294737_794953148758040_3419155201400299206_n_jpg.rf.6EzNOqoRNhGkpqTOvgRj.jpg,Everyday Casual Kurta,Everyday Casual
366591397_18056575729447477_3252778734894456058_n_jpg.rf.6GxfGt7HsDo8l46Ct6wA.jpg,Everyday Casual Kurta,Everyday Casual
297092187_1455007175001910_7949361632148721745_n_webp.rf.6IlwUJnkwdUqSRuOqzr9.webp,Everyday Casual Dupatta,Everyday Casual
315990377_524596239303627_2066683265287564819_n_jpg.rf.6NyRUJ0x1vjTmSMGRUDm.jpg,Everyday Casual Kurta,Everyday Casual
387267485_705536574938223_7528323006901829812_n_jpg.rf.6OaZSAgTA6AqaxmCGpsI.jpg,Semi-Formal Kurta,Semi Formal
340512603_936135954244086_3756979007663994845_n_jpg.rf.6iVZr1hRFZaOEzFg57r1.jpg,Other,Other
347257685_662674995899261_5175453684791912301_n_jpg.rf.7CfBbualu5Gs6MRX6wjp.jpg,Other,Other
306390487_475517174455405_4960492592736056970_n_webp.rf.700ZU9C135hEMnV2Ou96.webp,Other,Other
323067993_6039629412723867_2556897728283370111_n_jpg.rf.7EyfdrdYVjsuCW4uMOUD.jpg,Everyday Casual Kurta,Everyday Casual
382222164_700567015438471_9211870997711267196_n_jpg.rf.7IhveI8Wir04opEOnXxK.jpg,Wedding Guest Dupatta,Formal
383687230_344064548070174_5996234627094540018_n_jpg.rf.7WSbqx1yOW6yCjx9r1q0.jpg,Wedding Guest Choli,Formal
372891289_112111265318129_5469618006139028733_n_jpg.rf.6WWqFsNT1qgXm2V7eTaM.jpg,Other,Other
339337423_769760154717831_4947793197420122451_n_jpg.rf.7UCeZil8iqkFAe44Ck3G.jpg,Everyday Casual Kurta,Everyday Casual
363491624_950683699354242_4726052661231266879_n_jpg.rf.7WqSoT4Ua4KlcFlmfAnC.jpg,Other,Other
328514638_569344908171453_178359874784744682_n_webp.rf.7x9bX8pHuUmSVDpeYtbC.webp,Everyday Casual Kurta,Everyday Casual
313491138_166685022716407_6213858213007975397_n_jpg.rf.7XbGec9fRRka86oZR0Ug.jpg,Other,Other
332360632_3163715450595546_3998947491097540163_n_jpg.rf.7ce7XTNZYHysTxkMRM2e.jpg,Everyday Casual Kurta,Everyday Casual
387269566_1710274789457350_187036618910285518_n_jpg.rf.83PNteFP4rJa1Li7eP6x.jpg,Wedding Guest Kurta,Formal
275221854_1136094320459941_8923981565101100704_n_jpg.rf.8H0XAmt3MKF1XWJprPw1.jpg,Wedding Guest Frock,Formal
375754839_851078246378438_2031678287424386375_n_jpg.rf.81whNl4FFUjIYterPcMr.jpg,Everyday Casual Kurta,Everyday Casual
383728835_331115999575732_8257594611407370730_n_jpg.rf.7ZW1deYjDGu8BRw7NVND.jpg,Wedding Guest Sari,Formal
275848575_3160788790914272_3109086489866458366_n_jpg.rf.fuUG6A8EFEwiy6SiZB0Q.jpg,Wedding Guest Maxi,Formal
371732450_679255284089826_2438177272076225870_n_jpg.rf.gHTSGONhPiQF7hYU5CKv.jpg,Everyday Casual Kurta,Everyday Casual
337509327_152081604147988_1424517800504609143_n_jpg.rf.ftjmRsiJmpktVXG08p2M.jpg,Everyday Casual Frock,Everyday Casual
325191485_826341991771241_3419982509524183422_n_jpg.rf.ga6FKYpCI9cCy30gz9E2.jpg,Other,Other
316645249_2725442687587670_4070698178282476849_n_jpg.rf.8KOfBInwhQdrj3aTVrzZ.jpg,Everyday Casual Kurta,Everyday Casual
335995587_6151327674913756_4647571837943006915_n_jpg.rf.gNUGVhJQXCcNDgpEZKZE.jpg,Semi-Formal Kurta,Semi Formal
344784891_3404254296496940_1914656603402055234_n_jpg.rf.gdRxckChbNvySK1ctBYR.jpg,Other,Other
352236377_663415692491858_746339292880063610_n_jpg.rf.gtPoCk1hkbS7IzH5l7kA.jpg,Everyday Casual Dupatta,Everyday Casual
384151726_314786727812023_4140858099743491060_n_jpg.rf.gJz2S7pJmBRYMLayMgHd.jpg,Semi-Formal Sari,Semi Formal
334024592_738400624456652_1942784040806880951_n_jpg.rf.h9vaNMkxQWnyMVrhXVDb.jpg,Other,Other
326795719_1210346609581005_646010770436684924_n_jpg.rf.h5MxyGbzWAY3ms6NSzDb.jpg,Everyday Casual Kurta,Everyday Casual
298971786_895678121392073_6344950334562615161_n_jpg.rf.hbIoyYCS2FiCIdMW595U.jpg,Wedding Guest Sari,Formal
353631013_1299429184316936_6952431696859409875_n - Copy_jpg.rf.hwGkrXoKE5uPTL0afjeF.jpg,Semi-Formal Kurta,Semi Formal
362688190_687549500078477_8274704669791939815_n_jpg.rf.hpx6xEwAGTWVoa6SMfYW.jpg,Other,Other
385078607_18266832889093875_7281054540039438595_n_jpg.rf.ijWUClGNu9EITj6usQOE.jpg,Wedding Guest Maxi,Formal
370626021_313025511241144_8880619939499568207_n_jpg.rf.iQj5cVKFl0BtSsvhEXQd.jpg,Other,Other
386098641_18389491453006738_6089647955753681333_n_jpg.rf.iPG8WqNA79pCOz4ul6Se.jpg,Wedding Guest Choli,Formal
387860790_18308007922184038_3713359272925195495_n_jpg.rf.jMAQLOvgHtUAE0qwdY9J.jpg,Semi-Formal Dupatta,Semi Formal
344925209_810998999906183_669225416840184632_n_jpg.rf.iV4t90Y6s92iWEXtbpRY.jpg,Semi-Formal Choli,Semi Formal
284240932_1228330011311917_2866993902190693037_n_jpg.rf.jNnuzRS9v4jL2c2viwYp.jpg,Everyday Casual Dupatta,Everyday Casual
317482445_532800505391254_4702661977304255911_n_jpg.rf.jjY4vgjOuEgA1ivKM1kY.jpg,Other,Other
370487694_844579753694954_2260291197431347245_n_jpg.rf.jqtvaNlvyrw0YfcSQ9Dg.jpg,Everyday Casual Kurta,Everyday Casual
355582805_1307874996604404_8258908130301195397_n_jpg.rf.jHB50sV98715OciDC7fo.jpg,Everyday Casual Kurta,Everyday Casual
335631428_1257337418532759_1383790048783398081_n_jpg.rf.jyPwcJtjPETHl3W01g65.jpg,Other,Other
368682393_2008978049465068_316225912462554102_n_jpg.rf.jzqKKiuyihPC01VwtJ2h.jpg,Other,Other
289438845_1227927608036088_7792827068712432547_n_jpg.rf.kDgPNS1pv3lq4N0XJDq3.jpg,Other,Other
355206078_793000778870895_3513379809473184070_n_jpg.rf.kBIuSn7BFAt2IuBblxCY.jpg,Semi-Formal Kurta,Semi Formal
387751001_335874395622922_2614082618127223256_n_jpg.rf.kFVueKrcCWc0YOumc2LK.jpg,Everyday Casual Kurta,Everyday Casual
283715445_3389191697974960_1890357770946699668_n_jpg.rf.kOLIuvIAfmbS1aRYeBn0.jpg,Wedding Guest Dupatta,Formal
361621353_291185176758511_5249938659674524324_n_jpg.rf.kGmk1aECmiCsJkaLoYtf.jpg,Other,Other
346046322_1249875725708327_8510923998659217711_n_jpg.rf.QpZhdDDhpciMYdBBJIpb.jpg,Semi-Formal Kurta,Semi Formal
365254990_299438029266559_5201596444442180649_n_jpg.rf.QpuTgwMQ9sxw1Nvnz0ZC.jpg,Other,Other
343259850_902801087597996_2998095658829455380_n_jpg.rf.kbHm5hiehyYQnI1jRe7e.jpg,Everyday Casual Frock,Everyday Casual
365740146_692576416242452_7519479645466260141_n_jpg.rf.QxY1cT2o5aXh25nn0sNa.jpg,Everyday Casual Kurta,Everyday Casual
366457225_684063103182221_2025102659145880415_n_jpg.rf.QxN6D4efeGAkectHvWXW.jpg,Everyday Casual Kurta,Everyday Casual
315989287_662367125563490_8090045988588691400_n_jpg.rf.R624AgTUSRC9mcV15vIL.jpg,Other,Other
324062066_563686079106630_169852597911458721_n_jpg.rf.Qzg3HOEgJPRSvfZxixXI.jpg,Everyday Casual Frock,Everyday Casual
348444817_827977315351291_6016626427311135023_n_jpg.rf.RE5gpI9fZ1kQzGAidYVs.jpg,Other,Other
347214148_2390165887810908_5905357959110554811_n_jpg.rf.RbZno4Kah69Ixy1MB4sw.jpg,Other,Other
289998968_1170326980498401_2712267929375368929_n_webp.rf.Rc87t8g6ucnjyHsonu3T.webp,Other,Other
313953282_877329063278312_1352648632993893977_n_jpg.rf.RwTr0MKPMlNmSVzhNCeF.jpg,Other,Other
375087517_1787519915034598_6561828900652320999_n_jpg.rf.SYcH304IkAtVgmV9qcfE.jpg,Everyday Casual Kurta,Everyday Casual
353985202_247300034579478_770218509433808810_n_jpg.rf.SVxa7BpRKbGendep63BW.jpg,Everyday Casual Dupatta,Everyday Casual
318474502_132855129588157_105943356911323073_n_webp.rf.SHYqyUuSlyTCmKcOCi8z.webp,Everyday Casual Kurta,Everyday Casual
288675815_5158419084275413_7863328212272475627_n_jpg.rf.Sg6EpBQYi0dU76A0XiHg.jpg,Other,Other
386829381_1424545168131006_6074855674576965975_n_jpg.rf.StG8cZ9QrjxXALePnpzO.jpg,Everyday Casual Dupatta,Everyday Casual
336033731_579442400911439_8833187090545632399_n_jpg.rf.SyXqbSWaGbM2aqBmZoXM.jpg,Semi-Formal Dupatta,Semi Formal
367542684_328087349558695_1611151399711023720_n_jpg.rf.RIuTI47HZ29gDVlSBr8K.jpg,Everyday Casual Kurta,Everyday Casual
353725749_156643430658981_125732293362411462_n_jpg.rf.TEoHG0eqHO0Mvq4s6W5k.jpg,Everyday Casual Kurta,Everyday Casual
279930144_319840526887398_5180158315211190249_n_jpg.rf.Ti71b3UC7gli6IOe1fEp.jpg,Wedding Guest Maxi,Formal
292967572_161304219803452_2999114175615257682_n_jpg.rf.T3NnekRsQB8zm1Q8KvnB.jpg,Wedding Guest Kurta,Formal
293746177_420613456662425_1874042040998549815_n_jpg.rf.TqJhKpYdfcWHx0mjladD.jpg,Other,Other
331288660_2069969539875961_1076980957431640328_n_jpg.rf.UB4ZYhhAJtSZ5n1BCfAm.jpg,Other,Other
286886105_543816150564609_4496518482076812976_n_jpg.rf.TWXZDtpJdRN2vfHkPY8s.jpg,Other,Other
309592205_513596313928071_5015380662129875235_n_jpg.rf.ThQvngAqHPrktsVCsJxp.jpg,Everyday Casual Kurta,Everyday Casual
347601988_658625866304174_4930177976113197348_n_jpg.rf.UbrGHWQn5SkuUnRdztnt.jpg,Everyday Casual Trousers,Everyday Casual
362845701_6254079948047614_859654051428913249_n_jpg.rf.V2Uz0TEn4fwf2a5M74gE.jpg,Everyday Casual Kurta,Everyday Casual
351698159_936003321015435_604466489550455615_n_jpg.rf.UIuLyaWdzBUclbyVPgt4.jpg,Everyday Casual Kurta,Everyday Casual
284648791_742396980280101_8462255410345602231_n_jpg.rf.TyCIFWBsfX4NzTPg5B55.jpg,Everyday Casual Dupatta,Everyday Casual
305332350_1798648057134479_7072481977567492330_n_webp.rf.0uierSZ0nGWDCZQoSMS6.webp,Everyday Casual Kurta,Everyday Casual
364365045_819616663095160_4110844705553200899_n_jpg.rf.VBqIWNMjmx8ojm4Sjwxt.jpg,Everyday Casual Culottes,Everyday Casual
372655542_862782115272989_3878656327869596341_n_jpg.rf.0pefqLwoUmLcY5m8fiIo.jpg,Everyday Casual Dupatta,Everyday Casual
297893591_470275141581254_7225457241149648759_n_webp.rf.1UnfaAxQWZREi4wTdF0D.webp,Everyday Casual Kurta,Everyday Casual
309446704_477700884258648_1135252640088873031_n_jpg.rf.VCiFEkXUrGgiAFlcUpTb.jpg,Other,Other
358062771_675795524587208_8326434283947670169_n_jpg.rf.1Mf1irRReCRj0qDIBmfx.jpg,Semi-Formal Kurta,Semi Formal
305535425_647311436599008_2092841265630600135_n_jpg.rf.1ZYmeC8yZ7Mg9toVsgOB.jpg,object,Other
385089108_3664588127119889_7003733466945929128_n_jpg.rf.1n6cX4fDOc0MwAbRWtfD.jpg,Wedding Guest Jacket,Formal
350569357_1222514638437528_7620562838736308718_n_jpg.rf.1TuK7Q4oDbAAZjh54gke.jpg,Everyday Casual Kurta,Everyday Casual
350623015_643251301008363_2196725914417873571_n_jpg.rf.1Zs0raX40XggRxEepHOB.jpg,Everyday Casual Kurta,Everyday Casual
329424141_2266441283538589_1536166491712965881_n_jpg.rf.22Cjom60DxH6Za1Zl6is.jpg,Everyday Casual Kurta,Everyday Casual
132168100_720656748824006_2786672076494909516_n_jpg.rf.2JOv8VAxE8CGGBJ0FEau.jpg,Bridal Dupatta,Formal
331876876_3264701160527261_7131524766190983480_n_jpg.rf.29AsuDZ0fXzDKGnvbxP6.jpg,Semi-Formal Kurta,Semi Formal
350285341_721563706384529_2024654757752772170_n_jpg.rf.2KYMoiRy5cPNJahUB0Pu.jpg,Semi-Formal Maxi,Semi Formal
305252336_481185686920545_1455535773052936897_n_webp.rf.2MT40n1Gfdl4HNH9oOka.webp,Everyday Casual Kurta,Everyday Casual
367526258_314252704390181_8501170172092071597_n_jpg.rf.2pGB8NtOQCHJHzKHTMuy.jpg,Everyday Casual Kurta,Everyday Casual
380916667_764460958785926_8606152908083960123_n_jpg.rf.2gDtJAIWYedOUqP47Wrr.jpg,Everyday Casual Kurta,Everyday Casual
324907682_411157371187532_8495142706369240975_n_jpg.rf.2zcUYHe2euUOI5yWaylw.jpg,Other,Other
264251754_112073351191240_5279121919464466018_n_jpg.rf.2r1l84XeV35lzFP8sOq9.jpg,Wedding Guest Kurta,Formal
273419989_645017053372925_3946742268223483373_n_jpg.rf.3EBLRTXGLdZa5jiVcBbE.jpg,Wedding Guest Peplum,Formal
366499936_669771431692291_2862470135079813562_n_jpg.rf.3IHJW42pqnCcMsqiPuyN.jpg,Everyday Casual Kurta,Everyday Casual
341557613_3426386554355163_7542927322000450218_n_jpg.rf.36oXEJHyD6Ws3F1yHp06.jpg,Other,Other
347856069_789302876060611_7750504061747837550_n_jpg.rf.358d4hL9DQr41vbi117G.jpg,Other,Other
290182457_343636671267820_4467915377798191520_n_jpg.rf.3YIl5Ym73Wd1lPuqanOE.jpg,Everyday Casual Kurta,Everyday Casual
315203411_1133052200681959_2080608157224537792_n_jpg.rf.3gWzBTYC4GmHqQ3MJTB1.jpg,Everyday Casual Kurta,Everyday Casual
296397528_814085763299404_2984224942793356934_n_webp.rf.3bq9JfynABu4hSBTyJjJ.webp,Other,Other
309140371_836744444368653_1119044696773603251_n_jpg.rf.3qLJ1FYUsTHf1pRj61o3.jpg,Everyday Casual Kurta,Everyday Casual
352503002_811361697076813_2902609791218207265_n_jpg.rf.40RJ1Om1M6hZUwmY1VSJ.jpg,Everyday Casual Dupatta,Everyday Casual
361940046_131401299967309_6718623856986966639_n_jpg.rf.44DxRYlBhy9zLPJfGeJU.jpg,Other,Other
373651014_833549564940086_2988740874332498442_n_jpg.rf.3Z1OSJtJ7ELJGVeoDFoX.jpg,Semi-Formal Kurta,Semi Formal
307769558_600468698398701_7898528818707646272_n_webp.rf.47PIF0wClwFvPG4VJZhl.webp,Everyday Casual Kurta,Everyday Casual
299567923_2762138077263273_6288818538667094099_n_jpg.rf.3pPQF1LCFvRrFjLK5qT3.jpg,object,Other
340984084_221306273828221_6339406960426138274_n_jpg.rf.3Js2CWMjQsYI9YYLTdAd.jpg,Other,Other
365298177_18378940624000463_5768948734970191054_n_jpg.rf.3OZtJhKwNVM9nAlrOEBi.jpg,Everyday Casual Kurta,Everyday Casual
315354601_466982008752384_2163230442941010199_n_jpg.rf.3P6YTRTMXvpOAWQyAbUx.jpg,Other,Other
306387729_765516261372549_5215148470980418966_n_jpg.rf.3Y9WfTq7ezDBMc55WiDb.jpg,Other,Other
331162719_1166026220943009_3335893347091796539_n_jpg.rf.3vh5jG0udZSg9L52qMLD.jpg,Everyday Casual Kurta,Everyday Casual
361739602_266016876070429_7708549110970455025_n_jpg.rf.44npkSst1BYJ3HX1JjUK.jpg,Everyday Casual Kurta,Everyday Casual
340978048_693284562802777_2479164228691411229_n_jpg.rf.3yXO8o3BREn85WRgkHxU.jpg,Other,Other
331153735_733070728530814_1476622843056122584_n_jpg.rf.3SYDBcR5T68ZOnPQwBuw.jpg,Everyday Casual Kurta,Everyday Casual
320436180_1348949815936692_412384015107454924_n_jpg.rf.4XzJ4I0a6X9nBSunJ0Wa.jpg,Everyday Casual Kurta,Everyday Casual
350158169_242627455067876_4301659143393217933_n_jpg.rf.4poOv47wXAo9hp6x7870.jpg,Everyday Casual Kurta,Everyday Casual
366102515_1000228287793439_6125930080911011805_n_jpg.rf.4n8OrHT8KEHuKhCbLf5L.jpg,Everyday Casual Kurta,Everyday Casual
349927894_636172401891676_6005179729803355237_n_jpg.rf.4zd34pxp1uAUgxbLPCsA.jpg,Everyday Casual Kurta,Everyday Casual
293514558_617601426399685_3688065220576943268_n_jpg.rf.4yOxe5A0PgOk9BZYcwlE.jpg,Other,Other
333916210_1642331702888640_3919694308628164336_n_jpg.rf.5LTMtwONecklJdXegtuS.jpg,Everyday Casual Kurta,Everyday Casual
369627731_3941399682757214_48075828027073498_n_jpg.rf.55wQid3plKU3sxUaPW2L.jpg,Everyday Casual Kurta,Everyday Casual
386359304_1509066123175080_8342782169648283479_n_jpg.rf.5I16ce91YJ68dqbj4u5a.jpg,Wedding Guest Maxi,Formal
160576788_782651799351883_2457326223847931910_n_jpg.rf.5eWOnFaDUp1PFrpuFxl1.jpg,Wedding Guest Maxi,Formal
351795405_1294896417779591_1102888765897281744_n_jpg.rf.5mVhxIvWzFqJiM7ntkj5.jpg,Other,Other
342199078_553831430229294_4316692760940460567_n_jpg.rf.5u6qEjWyTX8wWRvYj8WR.jpg,Everyday Casual Kurta,Everyday Casual
336271705_1139267930101396_8959886471206545864_n_jpg.rf.5sqe98EoEkotlKBUlmaT.jpg,Everyday Casual Kurta,Everyday Casual
